language,newspaper,article_id,publish_date,entity,entity_exact_word,type,occurrence,paragraph_text,one_step_llm_sentiment,one_step_llm_sentiment_score,two_step_llm_paragraph_type,two_step_llm_sentiment_score,human_label_sentiment,Ons-step
chinese,am730,am730_01,2022-08-22,警隊,警方,HK_ORG_2a,1,巨鱷咬著男屍在水面游動。(互聯網) 驚嚇！墨西哥一名男子被鱷魚咬死，鱷魚還將其遺體拖著游過運河，畫面被民眾拍下並在社交網瘋傳。 阿根廷新聞網站「 infobae 」報道，事發於本月 18 日，塔毛利帕斯州 (Tamaulipas) 坦皮科 (Tampico) 一個公園裡一名男子在湖泊游泳期間，遭鱷魚咬死。遺體被鱷魚拖過運河，到達阿雷納爾街上的下水道。從網民在 Twitter 發布的影片可見，一條大鱷咬著遺體，在水面游動。 警方及消防接報到場搜救，花了 1 個多小時才在下水道找到遺體，確認死者年約 25 歲，身上沒有身份證件，只穿著黑色襯衫。消防指，「行兇」的 3.5 米長的鱷魚事後被捕獲。報道指，該湖泊周圍已張貼標語，警告湖中有鱷魚出沒。 巨鱷把男屍拖入下水道。(互聯網) 露宿者被鱷魚咬死 兩周前，塔毛利帕斯州的馬德羅城 (Ciudad Madero) 一名女孩被鱷魚攻擊，父親跟鱷魚搏鬥了數分鐘，才救回女兒性命。對此，市長呼籲民眾注意安全，不要靠近湖泊以免遭受鱷魚襲擊。 年初至今，塔毛利帕斯州累計 5 人遭鱷魚攻擊身亡，大部分是在開放水域洗澡或洗衣服的露宿者。 「拖男屍」鱷魚被捕獲。(互聯網) 立即更新/下載AM730手機APP 體驗升級功能,neutral,0,factual,0,neutral,
chinese,am730,am730_02,2024-07-22,警隊,警方,HK_ORG_2a,1,西貢大網仔路兩私家車迎頭撞。fb馬路的事 (即時交通資訊台) 西貢發生交通意外。今日（22日）早上7時38分，兩輛私家車在西貢大網仔路近大環村對開迎頭相撞，懷疑其中一車失控越線釀禍。涉事兩車車頭均嚴重損毀，氣袋彈出。現場交通受阻，警方和消防員合力將受損車輛移離行車線。車禍中兩名司機均受輕傷，由救護車送往將軍澳醫院治理，事故原因有待調查。 ADVERTISEMENT 立即關注👉 AM730 健康 Youtube Channel 健康事 HealthKeys 了解更多,neutral,0,factual,0,neutral,
chinese,am730,am730_03,2024-01-09,香港政府,特區政府,HK_ORG_2a,1,楊潤雄(右二)到訪前身為紡織工業建築群的M50創意園。(政府新聞處) 文化體育及旅遊局局長楊潤雄繼續上海訪問行程，今日(9日)聯同常任秘書長黃智祖，與上海市體育局局長徐彬會面，介紹香港作為體育盛事之都，特區政府鼓勵及支持香港運動員、體育總會加強與內地體育界交流，尤其歡迎上海市的運動員及市民來港參與體育賽事。 楊潤雄與黃智祖亦到訪前身為紡織工業建築群的M50創意園，了解當地工業區和舊建築如何經歷改造升級，以培育和吸引人才，透過匯聚中外藝術家帶動文化藝術發展；他們亦有參觀上海體育場。楊潤雄明日將考察上海迪士尼樂園度假區，傍晚返港。 ADVERTISEMENT 立即關注👉 AM730 健康 Youtube Channel 健康事 HealthKeys 了解更多,positive,0.5,factual,0,positive,
chinese,am730,am730_04,2023-04-18,警隊,警員 | 警方 | 警務人員 | 便衣,HK_ORG_2a,12,屯門毒品快餐車遭攔截照開車逃去 警員被拖行手腳受傷送院。（fb「車cam L（香港群組）」圖片） 一名警員在追截車輛時被車拖走受傷！ 今日上午 10 時許，屯門震寰路近良景邨發現一輛私家車，疑持毒品往大興邨方向駛去，一名駕駛者發現該輛車形迹可疑，於是報警求助。 警方接報到場，追截該輛私家車，其間有警員在屯門鄉事會路 V City ，發現該私家車駛出停車場，於是上前截查，豈料，打開車門之際對方不止沒停下，更突然倒車撞向後方，將一輛電單車撞倒，並撞倒警員。幸電單車司機靈敏立即跳車，沒有受傷；警員則擦傷手腳，由救護車送院治理，警方將案件列阻礙警務人員執行職務、襲警及瘋狂駕駛，正追緝涉事 一名 40 餘歲肥身材男子，事發時身穿深色上衣，束短髮的司機及該車輛。 CCTV片段可見警員疑被夾走 事發時車 Cam 片段其後在網上流傳，從片段中可見，涉事私家車停在 V City 落客區，多名便衣警員上門截停調查，後方有一輛電單車，惟私家車突然倒車，撞跌後方電單車。私家車司機位車門仍然打開下，加速駛走，其中一名警員疑被車夾住拖走。 ADVERTISEMENT 立即關注👉 AM730 健康 Youtube Channel 健康事 HealthKeys 了解更多,neutral,0,factual,0,neutral,
chinese,am730,am730_05,2023-03-18,警隊,警方,HK_ORG_2a,1,兩軍火迷帶探測器黃泥涌行山 探出二戰日式手榴彈。（有線電視新聞截圖） 有人於大潭黃泥涌發現二戰 手榴 彈！ 今日早上 10 時許， 兩名軍事愛好者帶備金屬探測器到黃泥涌大潭郊遊徑行山，在一處山坡發現一枚圓筒形的手榴彈，於是報警。 該杖手榴彈屬於日軍九一式，體積約 7 厘米乘 12 厘米 。 消防接報到場戒備，警方軍火專家到場安全處理，無人受傷 ，毋須疏散。 ADVERTISEMENT 立即關注👉 AM730 健康 Youtube Channel 健康事 HealthKeys 了解更多,neutral,0,factual,0,neutral,
chinese,am730,am730_06,2021-06-21,香港政府,港府,HK_ORG_2a,3,邱太三表示暫不考慮撤館。(互聯網) 台灣駐港機構「台北經濟文化辦事處」 今起調整業務運作方式 ，主要的港人申請赴台停留、居留方式原則上不變，繼續分別透過網上申辦及親赴辦事處辦理；在港大陸居民入台證亦是透過網上申請，但團聚和結婚登記面談改為抵台後辦理入境手續前。至於招收港生程序則將會簡化，並建立網上報名機制，設置招生諮詢服務專線等。 相關新聞： 國台辦：台駐港機構當然不能違反一中原則 陸委會指出，香港辦事處面對的是「委屈不能求全，忍辱不能負重」變局，批評港府自2018年7月起以簽署「一中承諾書」，作為辦事處台籍人員獲發簽證的條件，還將這種無理要求擴至台灣在港民間團體(外貿協會)及非屬駐港辦事處編制單位(觀光局)，「目的顯在矮化我國格，逼使我駐處人員必須向北京當局低頭，我方當然堅拒接受，但基於對台港民眾權益的考量，我方仍持續和港府溝通，很遺憾未獲得善意回應，致我港處派駐人員皆無法續留及赴任」。陸委會表示，為維持辦事處必要運作，勉力為民服務，遂作出今次應變規劃。 陸委會主委邱太三則透露，港府在本月7日通知台方，想台北經濟文化辦事處人員續留，必須在14日之前簽署「一中承諾書」，否則須在21日離開，而目前代理處長等7名台方人員已返台，僅1名經濟部派駐官員留守至7月底簽證到期。他表示，除非有其他因素導致業務無法展開，否則不會考慮撤館。 力寶中心辦事處租約到期後搬 他又提到，台方在港辦公處主要有4處，主要在金鐘力寶中心40樓，租約下月到期後，不會續租；11樓屬於移民署的辦公處，租約8月到期，會爭取續租半年；另外兩個辦公處灣仔中環廣場49樓及15樓，租約分別在2023年3月及6月屆滿，會續租，原在力寶中心的辦公人員將搬到中環廣場辦公處。 他強調，「再次提醒北京，你們最常提的中華文化裡面，以力服人，絕對不是心服也，能夠以德服人，才是真正中華文化的精粹，北京可以好好去思考這句話。」 ADVERTISEMENT 立即關注👉 AM730 健康 Youtube Channel 健康事 HealthKeys 了解更多,negative,-0.5,evaluative,-0.6,negative,
chinese,am730,am730_07,2021-04-19,示威,示威,HK_CONCEPT_5d,2,一名日本記者據報被緬甸軍方人員帶走。(AP) 緬甸緊張局勢持續，日本傳媒報道，一名日本記者在緬甸仰光被軍方人員帶走。 報道引述目擊者指，軍方安全部隊人員周日晚到曾任職《日本經濟新聞》的自由記者北角裕樹位於仰光的住所搜查，並帶走北角裕樹和一箱物件。在北角裕樹被帶走前大約3小時，他曾在社交網站上載一段緬甸和日本僧侶在東京增上寺悼念緬甸死亡示威者的片段。 據報北角裕樹目前正被扣押在拘留所，日本駐當地大使館正嘗試聯絡確定他的下落。 北角裕樹今年2月在採訪緬甸示威期間，亦曾遭到緬甸警方拘留，其後獲釋。 ADVERTISEMENT 立即關注👉 AM730 健康 Youtube Channel 健康事 HealthKeys 了解更多,neutral,0,factual,0,neutral,
chinese,am730,am730_07,2021-04-19,社運人士,示威者,HK_ORG_2b,1,一名日本記者據報被緬甸軍方人員帶走。(AP) 緬甸緊張局勢持續，日本傳媒報道，一名日本記者在緬甸仰光被軍方人員帶走。 報道引述目擊者指，軍方安全部隊人員周日晚到曾任職《日本經濟新聞》的自由記者北角裕樹位於仰光的住所搜查，並帶走北角裕樹和一箱物件。在北角裕樹被帶走前大約3小時，他曾在社交網站上載一段緬甸和日本僧侶在東京增上寺悼念緬甸死亡示威者的片段。 據報北角裕樹目前正被扣押在拘留所，日本駐當地大使館正嘗試聯絡確定他的下落。 北角裕樹今年2月在採訪緬甸示威期間，亦曾遭到緬甸警方拘留，其後獲釋。 ADVERTISEMENT 立即關注👉 AM730 健康 Youtube Channel 健康事 HealthKeys 了解更多,neutral,0,factual,0,neutral,
chinese,am730,am730_07,2021-04-19,警隊,警方,HK_ORG_2a,1,一名日本記者據報被緬甸軍方人員帶走。(AP) 緬甸緊張局勢持續，日本傳媒報道，一名日本記者在緬甸仰光被軍方人員帶走。 報道引述目擊者指，軍方安全部隊人員周日晚到曾任職《日本經濟新聞》的自由記者北角裕樹位於仰光的住所搜查，並帶走北角裕樹和一箱物件。在北角裕樹被帶走前大約3小時，他曾在社交網站上載一段緬甸和日本僧侶在東京增上寺悼念緬甸死亡示威者的片段。 據報北角裕樹目前正被扣押在拘留所，日本駐當地大使館正嘗試聯絡確定他的下落。 北角裕樹今年2月在採訪緬甸示威期間，亦曾遭到緬甸警方拘留，其後獲釋。 ADVERTISEMENT 立即關注👉 AM730 健康 Youtube Channel 健康事 HealthKeys 了解更多,neutral,0,factual,0,neutral,
chinese,am730,am730_08,2020-09-14,示威,遊行 | 示威,HK_CONCEPT_5d,5,"醫護持著各種各樣的抗議標語遊行。(路透社) 有人展示表達醫護求救的漫畫。(路透社) 有醫護帶同孩子上街。(路透社) 醫護手持抗議標語浩浩蕩蕩遊行。(路透社) 受新冠肺炎疫情影響，比利時各政黨自去年5月大選至今，仍無法組成能穩定運作的內閣，政府施政未能回應社會所需，迫使約4,000名醫護周日走上布魯塞爾街頭，訴求政府增加醫療開支並提高醫護工資等。他們戴著口罩、手持「關心醫護」等標語浩浩蕩蕩遊行。其中任職護士32年的Marie-Stella說：「我們來到布魯塞爾示威，要求(政府)對我們的工作更多尊重，我們有更好的薪酬。」精神科護士Claudine則說：「我樂於給民眾提供合乎人道及高質素的照顧，為了可達到這樣的服務水平，我們需要財政支援。」 發起示威的醫護組織La Sante en Lutte稱，今次疫情暴露了比利時醫療系統的脆弱，包括未能給予醫療人員充分的保護，也無法做到足夠的檢測量。 比利時累計93,455人確診，9,925人死亡，每10萬人染疫死亡的比例為全球第三高，僅次於歐洲小國聖馬利諾(San Marino)及南美國家秘魯。比利時政府指，每10萬人死亡率如此高，是因為該國只要疑似染疫死者即一律列入統計，不像部分國家要證實染疫後才計算入內。 ADVERTISEMENT 立即關注👉 AM730 健康 Youtube Channel 健康事 HealthKeys 了解更多",neutral,0,factual,0,neutral,
chinese,am730,am730_09,2020-05-21,保安局,保安局,HK_ORG_2a,1,(林俊源攝) 警員常被質疑應對反修例示威時的執法情況，保安局長李家超(圖)昨到立法會接受質詢，透露2015至2019年間，警隊有362人輕微違紀，235人受紀律研訊，當中30人被革職、勒令退休或辭職，刑事定罪則有100人，當中55人被革職等安排。反修例風波以來，有22名警員被訓斥，警方亦就其中4宗展開紀律覆檢；投訴警察課接獲19宗投訴。 民主黨尹兆堅質問李家超是否繼續「鴕鳥」，對警員違規違法行為埋沒良心地縱容。李家超則反駁出賣良心的是議員，指「數字係有懲處唔可以話無」，當局公平公正處理投訴，斥說法誤導市民，並指「你咪去投訴囉，理直氣壯嘅人應該去投訴」。 另外，監警會上周公布報告，李家超稱坊間部分批評對報告誤導及偏頗，而他督導的專責小組下周召開首次會議，跟進報告的52項建議。 ADVERTISEMENT 立即關注👉 AM730 健康 Youtube Channel 健康事 HealthKeys 了解更多,neutral,0,evaluative,0,neutral,
chinese,am730,am730_09,2020-05-21,反送中,反修例,HK_EVENT_3,2,(林俊源攝) 警員常被質疑應對反修例示威時的執法情況，保安局長李家超(圖)昨到立法會接受質詢，透露2015至2019年間，警隊有362人輕微違紀，235人受紀律研訊，當中30人被革職、勒令退休或辭職，刑事定罪則有100人，當中55人被革職等安排。反修例風波以來，有22名警員被訓斥，警方亦就其中4宗展開紀律覆檢；投訴警察課接獲19宗投訴。 民主黨尹兆堅質問李家超是否繼續「鴕鳥」，對警員違規違法行為埋沒良心地縱容。李家超則反駁出賣良心的是議員，指「數字係有懲處唔可以話無」，當局公平公正處理投訴，斥說法誤導市民，並指「你咪去投訴囉，理直氣壯嘅人應該去投訴」。 另外，監警會上周公布報告，李家超稱坊間部分批評對報告誤導及偏頗，而他督導的專責小組下周召開首次會議，跟進報告的52項建議。 ADVERTISEMENT 立即關注👉 AM730 健康 Youtube Channel 健康事 HealthKeys 了解更多,neutral,0,evaluative,-0.3,neutral,
chinese,am730,am730_09,2020-05-21,李家超,李家超,HK_PERSON_1a,4,(林俊源攝) 警員常被質疑應對反修例示威時的執法情況，保安局長李家超(圖)昨到立法會接受質詢，透露2015至2019年間，警隊有362人輕微違紀，235人受紀律研訊，當中30人被革職、勒令退休或辭職，刑事定罪則有100人，當中55人被革職等安排。反修例風波以來，有22名警員被訓斥，警方亦就其中4宗展開紀律覆檢；投訴警察課接獲19宗投訴。 民主黨尹兆堅質問李家超是否繼續「鴕鳥」，對警員違規違法行為埋沒良心地縱容。李家超則反駁出賣良心的是議員，指「數字係有懲處唔可以話無」，當局公平公正處理投訴，斥說法誤導市民，並指「你咪去投訴囉，理直氣壯嘅人應該去投訴」。 另外，監警會上周公布報告，李家超稱坊間部分批評對報告誤導及偏頗，而他督導的專責小組下周召開首次會議，跟進報告的52項建議。 ADVERTISEMENT 立即關注👉 AM730 健康 Youtube Channel 健康事 HealthKeys 了解更多,neutral,0,evaluative,0,negative,
chinese,am730,am730_09,2020-05-21,民主黨,民主黨,HK_CONCEPT_5e,1,(林俊源攝) 警員常被質疑應對反修例示威時的執法情況，保安局長李家超(圖)昨到立法會接受質詢，透露2015至2019年間，警隊有362人輕微違紀，235人受紀律研訊，當中30人被革職、勒令退休或辭職，刑事定罪則有100人，當中55人被革職等安排。反修例風波以來，有22名警員被訓斥，警方亦就其中4宗展開紀律覆檢；投訴警察課接獲19宗投訴。 民主黨尹兆堅質問李家超是否繼續「鴕鳥」，對警員違規違法行為埋沒良心地縱容。李家超則反駁出賣良心的是議員，指「數字係有懲處唔可以話無」，當局公平公正處理投訴，斥說法誤導市民，並指「你咪去投訴囉，理直氣壯嘅人應該去投訴」。 另外，監警會上周公布報告，李家超稱坊間部分批評對報告誤導及偏頗，而他督導的專責小組下周召開首次會議，跟進報告的52項建議。 ADVERTISEMENT 立即關注👉 AM730 健康 Youtube Channel 健康事 HealthKeys 了解更多,neutral,0,evaluative,-0.3,neutral,
chinese,am730,am730_09,2020-05-21,監警會,監警會,HK_ORG_2a,1,(林俊源攝) 警員常被質疑應對反修例示威時的執法情況，保安局長李家超(圖)昨到立法會接受質詢，透露2015至2019年間，警隊有362人輕微違紀，235人受紀律研訊，當中30人被革職、勒令退休或辭職，刑事定罪則有100人，當中55人被革職等安排。反修例風波以來，有22名警員被訓斥，警方亦就其中4宗展開紀律覆檢；投訴警察課接獲19宗投訴。 民主黨尹兆堅質問李家超是否繼續「鴕鳥」，對警員違規違法行為埋沒良心地縱容。李家超則反駁出賣良心的是議員，指「數字係有懲處唔可以話無」，當局公平公正處理投訴，斥說法誤導市民，並指「你咪去投訴囉，理直氣壯嘅人應該去投訴」。 另外，監警會上周公布報告，李家超稱坊間部分批評對報告誤導及偏頗，而他督導的專責小組下周召開首次會議，跟進報告的52項建議。 ADVERTISEMENT 立即關注👉 AM730 健康 Youtube Channel 健康事 HealthKeys 了解更多,neutral,0,evaluative,0,neutral,
chinese,am730,am730_09,2020-05-21,示威,示威,HK_CONCEPT_5d,1,(林俊源攝) 警員常被質疑應對反修例示威時的執法情況，保安局長李家超(圖)昨到立法會接受質詢，透露2015至2019年間，警隊有362人輕微違紀，235人受紀律研訊，當中30人被革職、勒令退休或辭職，刑事定罪則有100人，當中55人被革職等安排。反修例風波以來，有22名警員被訓斥，警方亦就其中4宗展開紀律覆檢；投訴警察課接獲19宗投訴。 民主黨尹兆堅質問李家超是否繼續「鴕鳥」，對警員違規違法行為埋沒良心地縱容。李家超則反駁出賣良心的是議員，指「數字係有懲處唔可以話無」，當局公平公正處理投訴，斥說法誤導市民，並指「你咪去投訴囉，理直氣壯嘅人應該去投訴」。 另外，監警會上周公布報告，李家超稱坊間部分批評對報告誤導及偏頗，而他督導的專責小組下周召開首次會議，跟進報告的52項建議。 ADVERTISEMENT 立即關注👉 AM730 健康 Youtube Channel 健康事 HealthKeys 了解更多,neutral,0,evaluative,0,neutral,
chinese,am730,am730_09,2020-05-21,警隊,警員 | 警隊 | 警方 | 警察,HK_ORG_2a,6,(林俊源攝) 警員常被質疑應對反修例示威時的執法情況，保安局長李家超(圖)昨到立法會接受質詢，透露2015至2019年間，警隊有362人輕微違紀，235人受紀律研訊，當中30人被革職、勒令退休或辭職，刑事定罪則有100人，當中55人被革職等安排。反修例風波以來，有22名警員被訓斥，警方亦就其中4宗展開紀律覆檢；投訴警察課接獲19宗投訴。 民主黨尹兆堅質問李家超是否繼續「鴕鳥」，對警員違規違法行為埋沒良心地縱容。李家超則反駁出賣良心的是議員，指「數字係有懲處唔可以話無」，當局公平公正處理投訴，斥說法誤導市民，並指「你咪去投訴囉，理直氣壯嘅人應該去投訴」。 另外，監警會上周公布報告，李家超稱坊間部分批評對報告誤導及偏頗，而他督導的專責小組下周召開首次會議，跟進報告的52項建議。 ADVERTISEMENT 立即關注👉 AM730 健康 Youtube Channel 健康事 HealthKeys 了解更多,neutral,0,evaluative,0,negative,
chinese,am730,am730_10,2017-04-19,公民黨,公民黨,HK_CONCEPT_5e,3,民主黨主席胡志偉接受報章專訪，建議成立獨立委員會調查佔領運動成因，以及新政府可特赦佔領行動所有參與者，以及涉及「7警案」的警員和退休警司朱經緯，換取「大和解」。惟其建議受到泛民和建制派一面倒反對，他昨晚召開黨團會議後深切道歉，並收回有關言論，並強調只是個人看法，發表前未曾在黨內討論。候任特首林鄭月娥透過候任特首辦回應指，相關司法程序仍在進行，現時不適宜就個別案件作出評論。 胡志偉昨早接受電台訪問時澄清，特赦建議只是其個人看法，要再在民主黨中委會討論是否可行。他認為，佔領運動是社會撕裂的分水嶺，政府應以政治手段解決政治問題，而非只靠法律手段懲治，否則問題會無休止繼續。他強調，建議特赦佔中人士或減輕刑責，不是政治交換。 以特赦促進「大和解」的建議，不獲包括民主黨在內的泛民主派和建制派認同。胡志偉昨晚召開黨團會議後，承認a言論未有深思熟慮及經黨內討論，對建議引發社會的爭議和困擾深表歉意，並收回有關言論。他重申，解決社會撕裂和尋求和解，必須撤回人大8.31決議，重啟政改。 李永達 陳淑莊準備承擔法律後果 因佔領運動被檢控的民主黨李永達認為，「大和解」並非建基於特赦，而是建基於中央的想法，而他個人已有坐監的準備。同樣被檢控的公民黨議員陳淑莊，亦對有關建議有保留，認為新政府要修補撕裂和重建互信，應實現真普選；她又說，參與公民運動便有承擔法律後果準備。 有關報道又引述公民黨黨魁楊岳橋認同，若新政府無條件特赦，反映政府以最大誠意修補撕裂，但他昨日亦澄清這只屬其個人意見，未經公民黨充分討論。楊形容特赦是「雙面刃」，若特赦最終變為換取掌聲的政治手段及欠缺社會共識，實非好事。該黨法律界立法會議員郭榮鏗表示，本港是法治社會，需要尊重法治和法庭的審訊過程，特赦不能隨便使用，而且現時討論特赦屬言之尚早，未必符合法律原則和基礎，亦未必能夠做到「大和解」。 一眾本土派和進步民主派議員，包括香港眾志羅冠聰、人民力量陳志全和朱凱廸皆表明反對。羅冠聰批評在民主來臨前主張和解，以及與政權休戰，是不負責任的行為。而社民連梁國雄則表示，只贊成政府成立專責委員會調查佔領運動的來龍去脈。 建制派批評特赦損害法治 民建聯主席李慧琼直指，特赦會損害法治，必須審慎討論，而且擔心特赦會令社會有錯誤訊息，以及政府認同以激進及違法手段爭取政治目的。經民聯林健鋒亦指，本港需要按照法律行事，不認同有關建議。 ADVERTISEMENT 立即關注👉 AM730 健康 Youtube Channel 健康事 HealthKeys 了解更多,neutral,0,factual,0,neutral,
chinese,am730,am730_10,2017-04-19,建制派,建制派,HK_CONCEPT_5e,3,民主黨主席胡志偉接受報章專訪，建議成立獨立委員會調查佔領運動成因，以及新政府可特赦佔領行動所有參與者，以及涉及「7警案」的警員和退休警司朱經緯，換取「大和解」。惟其建議受到泛民和建制派一面倒反對，他昨晚召開黨團會議後深切道歉，並收回有關言論，並強調只是個人看法，發表前未曾在黨內討論。候任特首林鄭月娥透過候任特首辦回應指，相關司法程序仍在進行，現時不適宜就個別案件作出評論。 胡志偉昨早接受電台訪問時澄清，特赦建議只是其個人看法，要再在民主黨中委會討論是否可行。他認為，佔領運動是社會撕裂的分水嶺，政府應以政治手段解決政治問題，而非只靠法律手段懲治，否則問題會無休止繼續。他強調，建議特赦佔中人士或減輕刑責，不是政治交換。 以特赦促進「大和解」的建議，不獲包括民主黨在內的泛民主派和建制派認同。胡志偉昨晚召開黨團會議後，承認a言論未有深思熟慮及經黨內討論，對建議引發社會的爭議和困擾深表歉意，並收回有關言論。他重申，解決社會撕裂和尋求和解，必須撤回人大8.31決議，重啟政改。 李永達 陳淑莊準備承擔法律後果 因佔領運動被檢控的民主黨李永達認為，「大和解」並非建基於特赦，而是建基於中央的想法，而他個人已有坐監的準備。同樣被檢控的公民黨議員陳淑莊，亦對有關建議有保留，認為新政府要修補撕裂和重建互信，應實現真普選；她又說，參與公民運動便有承擔法律後果準備。 有關報道又引述公民黨黨魁楊岳橋認同，若新政府無條件特赦，反映政府以最大誠意修補撕裂，但他昨日亦澄清這只屬其個人意見，未經公民黨充分討論。楊形容特赦是「雙面刃」，若特赦最終變為換取掌聲的政治手段及欠缺社會共識，實非好事。該黨法律界立法會議員郭榮鏗表示，本港是法治社會，需要尊重法治和法庭的審訊過程，特赦不能隨便使用，而且現時討論特赦屬言之尚早，未必符合法律原則和基礎，亦未必能夠做到「大和解」。 一眾本土派和進步民主派議員，包括香港眾志羅冠聰、人民力量陳志全和朱凱廸皆表明反對。羅冠聰批評在民主來臨前主張和解，以及與政權休戰，是不負責任的行為。而社民連梁國雄則表示，只贊成政府成立專責委員會調查佔領運動的來龍去脈。 建制派批評特赦損害法治 民建聯主席李慧琼直指，特赦會損害法治，必須審慎討論，而且擔心特赦會令社會有錯誤訊息，以及政府認同以激進及違法手段爭取政治目的。經民聯林健鋒亦指，本港需要按照法律行事，不認同有關建議。 ADVERTISEMENT 立即關注👉 AM730 健康 Youtube Channel 健康事 HealthKeys 了解更多,negative,-0.5,factual,0,neutral,
chinese,am730,am730_10,2017-04-19,本土派,本土派,HK_CONCEPT_5e,1,民主黨主席胡志偉接受報章專訪，建議成立獨立委員會調查佔領運動成因，以及新政府可特赦佔領行動所有參與者，以及涉及「7警案」的警員和退休警司朱經緯，換取「大和解」。惟其建議受到泛民和建制派一面倒反對，他昨晚召開黨團會議後深切道歉，並收回有關言論，並強調只是個人看法，發表前未曾在黨內討論。候任特首林鄭月娥透過候任特首辦回應指，相關司法程序仍在進行，現時不適宜就個別案件作出評論。 胡志偉昨早接受電台訪問時澄清，特赦建議只是其個人看法，要再在民主黨中委會討論是否可行。他認為，佔領運動是社會撕裂的分水嶺，政府應以政治手段解決政治問題，而非只靠法律手段懲治，否則問題會無休止繼續。他強調，建議特赦佔中人士或減輕刑責，不是政治交換。 以特赦促進「大和解」的建議，不獲包括民主黨在內的泛民主派和建制派認同。胡志偉昨晚召開黨團會議後，承認a言論未有深思熟慮及經黨內討論，對建議引發社會的爭議和困擾深表歉意，並收回有關言論。他重申，解決社會撕裂和尋求和解，必須撤回人大8.31決議，重啟政改。 李永達 陳淑莊準備承擔法律後果 因佔領運動被檢控的民主黨李永達認為，「大和解」並非建基於特赦，而是建基於中央的想法，而他個人已有坐監的準備。同樣被檢控的公民黨議員陳淑莊，亦對有關建議有保留，認為新政府要修補撕裂和重建互信，應實現真普選；她又說，參與公民運動便有承擔法律後果準備。 有關報道又引述公民黨黨魁楊岳橋認同，若新政府無條件特赦，反映政府以最大誠意修補撕裂，但他昨日亦澄清這只屬其個人意見，未經公民黨充分討論。楊形容特赦是「雙面刃」，若特赦最終變為換取掌聲的政治手段及欠缺社會共識，實非好事。該黨法律界立法會議員郭榮鏗表示，本港是法治社會，需要尊重法治和法庭的審訊過程，特赦不能隨便使用，而且現時討論特赦屬言之尚早，未必符合法律原則和基礎，亦未必能夠做到「大和解」。 一眾本土派和進步民主派議員，包括香港眾志羅冠聰、人民力量陳志全和朱凱廸皆表明反對。羅冠聰批評在民主來臨前主張和解，以及與政權休戰，是不負責任的行為。而社民連梁國雄則表示，只贊成政府成立專責委員會調查佔領運動的來龍去脈。 建制派批評特赦損害法治 民建聯主席李慧琼直指，特赦會損害法治，必須審慎討論，而且擔心特赦會令社會有錯誤訊息，以及政府認同以激進及違法手段爭取政治目的。經民聯林健鋒亦指，本港需要按照法律行事，不認同有關建議。 ADVERTISEMENT 立即關注👉 AM730 健康 Youtube Channel 健康事 HealthKeys 了解更多,negative,-0.5,factual,0,neutral,
chinese,am730,am730_10,2017-04-19,李慧琼,李慧琼,HK_PERSON_1a,1,民主黨主席胡志偉接受報章專訪，建議成立獨立委員會調查佔領運動成因，以及新政府可特赦佔領行動所有參與者，以及涉及「7警案」的警員和退休警司朱經緯，換取「大和解」。惟其建議受到泛民和建制派一面倒反對，他昨晚召開黨團會議後深切道歉，並收回有關言論，並強調只是個人看法，發表前未曾在黨內討論。候任特首林鄭月娥透過候任特首辦回應指，相關司法程序仍在進行，現時不適宜就個別案件作出評論。 胡志偉昨早接受電台訪問時澄清，特赦建議只是其個人看法，要再在民主黨中委會討論是否可行。他認為，佔領運動是社會撕裂的分水嶺，政府應以政治手段解決政治問題，而非只靠法律手段懲治，否則問題會無休止繼續。他強調，建議特赦佔中人士或減輕刑責，不是政治交換。 以特赦促進「大和解」的建議，不獲包括民主黨在內的泛民主派和建制派認同。胡志偉昨晚召開黨團會議後，承認a言論未有深思熟慮及經黨內討論，對建議引發社會的爭議和困擾深表歉意，並收回有關言論。他重申，解決社會撕裂和尋求和解，必須撤回人大8.31決議，重啟政改。 李永達 陳淑莊準備承擔法律後果 因佔領運動被檢控的民主黨李永達認為，「大和解」並非建基於特赦，而是建基於中央的想法，而他個人已有坐監的準備。同樣被檢控的公民黨議員陳淑莊，亦對有關建議有保留，認為新政府要修補撕裂和重建互信，應實現真普選；她又說，參與公民運動便有承擔法律後果準備。 有關報道又引述公民黨黨魁楊岳橋認同，若新政府無條件特赦，反映政府以最大誠意修補撕裂，但他昨日亦澄清這只屬其個人意見，未經公民黨充分討論。楊形容特赦是「雙面刃」，若特赦最終變為換取掌聲的政治手段及欠缺社會共識，實非好事。該黨法律界立法會議員郭榮鏗表示，本港是法治社會，需要尊重法治和法庭的審訊過程，特赦不能隨便使用，而且現時討論特赦屬言之尚早，未必符合法律原則和基礎，亦未必能夠做到「大和解」。 一眾本土派和進步民主派議員，包括香港眾志羅冠聰、人民力量陳志全和朱凱廸皆表明反對。羅冠聰批評在民主來臨前主張和解，以及與政權休戰，是不負責任的行為。而社民連梁國雄則表示，只贊成政府成立專責委員會調查佔領運動的來龍去脈。 建制派批評特赦損害法治 民建聯主席李慧琼直指，特赦會損害法治，必須審慎討論，而且擔心特赦會令社會有錯誤訊息，以及政府認同以激進及違法手段爭取政治目的。經民聯林健鋒亦指，本港需要按照法律行事，不認同有關建議。 ADVERTISEMENT 立即關注👉 AM730 健康 Youtube Channel 健康事 HealthKeys 了解更多,neutral,0,factual,0,neutral,
chinese,am730,am730_10,2017-04-19,林鄭月娥,林鄭月娥,HK_PERSON_1a,1,民主黨主席胡志偉接受報章專訪，建議成立獨立委員會調查佔領運動成因，以及新政府可特赦佔領行動所有參與者，以及涉及「7警案」的警員和退休警司朱經緯，換取「大和解」。惟其建議受到泛民和建制派一面倒反對，他昨晚召開黨團會議後深切道歉，並收回有關言論，並強調只是個人看法，發表前未曾在黨內討論。候任特首林鄭月娥透過候任特首辦回應指，相關司法程序仍在進行，現時不適宜就個別案件作出評論。 胡志偉昨早接受電台訪問時澄清，特赦建議只是其個人看法，要再在民主黨中委會討論是否可行。他認為，佔領運動是社會撕裂的分水嶺，政府應以政治手段解決政治問題，而非只靠法律手段懲治，否則問題會無休止繼續。他強調，建議特赦佔中人士或減輕刑責，不是政治交換。 以特赦促進「大和解」的建議，不獲包括民主黨在內的泛民主派和建制派認同。胡志偉昨晚召開黨團會議後，承認a言論未有深思熟慮及經黨內討論，對建議引發社會的爭議和困擾深表歉意，並收回有關言論。他重申，解決社會撕裂和尋求和解，必須撤回人大8.31決議，重啟政改。 李永達 陳淑莊準備承擔法律後果 因佔領運動被檢控的民主黨李永達認為，「大和解」並非建基於特赦，而是建基於中央的想法，而他個人已有坐監的準備。同樣被檢控的公民黨議員陳淑莊，亦對有關建議有保留，認為新政府要修補撕裂和重建互信，應實現真普選；她又說，參與公民運動便有承擔法律後果準備。 有關報道又引述公民黨黨魁楊岳橋認同，若新政府無條件特赦，反映政府以最大誠意修補撕裂，但他昨日亦澄清這只屬其個人意見，未經公民黨充分討論。楊形容特赦是「雙面刃」，若特赦最終變為換取掌聲的政治手段及欠缺社會共識，實非好事。該黨法律界立法會議員郭榮鏗表示，本港是法治社會，需要尊重法治和法庭的審訊過程，特赦不能隨便使用，而且現時討論特赦屬言之尚早，未必符合法律原則和基礎，亦未必能夠做到「大和解」。 一眾本土派和進步民主派議員，包括香港眾志羅冠聰、人民力量陳志全和朱凱廸皆表明反對。羅冠聰批評在民主來臨前主張和解，以及與政權休戰，是不負責任的行為。而社民連梁國雄則表示，只贊成政府成立專責委員會調查佔領運動的來龍去脈。 建制派批評特赦損害法治 民建聯主席李慧琼直指，特赦會損害法治，必須審慎討論，而且擔心特赦會令社會有錯誤訊息，以及政府認同以激進及違法手段爭取政治目的。經民聯林健鋒亦指，本港需要按照法律行事，不認同有關建議。 ADVERTISEMENT 立即關注👉 AM730 健康 Youtube Channel 健康事 HealthKeys 了解更多,neutral,0,factual,0,neutral,
chinese,am730,am730_10,2017-04-19,楊岳橋,楊岳橋,HK_PERSON_1b,1,民主黨主席胡志偉接受報章專訪，建議成立獨立委員會調查佔領運動成因，以及新政府可特赦佔領行動所有參與者，以及涉及「7警案」的警員和退休警司朱經緯，換取「大和解」。惟其建議受到泛民和建制派一面倒反對，他昨晚召開黨團會議後深切道歉，並收回有關言論，並強調只是個人看法，發表前未曾在黨內討論。候任特首林鄭月娥透過候任特首辦回應指，相關司法程序仍在進行，現時不適宜就個別案件作出評論。 胡志偉昨早接受電台訪問時澄清，特赦建議只是其個人看法，要再在民主黨中委會討論是否可行。他認為，佔領運動是社會撕裂的分水嶺，政府應以政治手段解決政治問題，而非只靠法律手段懲治，否則問題會無休止繼續。他強調，建議特赦佔中人士或減輕刑責，不是政治交換。 以特赦促進「大和解」的建議，不獲包括民主黨在內的泛民主派和建制派認同。胡志偉昨晚召開黨團會議後，承認a言論未有深思熟慮及經黨內討論，對建議引發社會的爭議和困擾深表歉意，並收回有關言論。他重申，解決社會撕裂和尋求和解，必須撤回人大8.31決議，重啟政改。 李永達 陳淑莊準備承擔法律後果 因佔領運動被檢控的民主黨李永達認為，「大和解」並非建基於特赦，而是建基於中央的想法，而他個人已有坐監的準備。同樣被檢控的公民黨議員陳淑莊，亦對有關建議有保留，認為新政府要修補撕裂和重建互信，應實現真普選；她又說，參與公民運動便有承擔法律後果準備。 有關報道又引述公民黨黨魁楊岳橋認同，若新政府無條件特赦，反映政府以最大誠意修補撕裂，但他昨日亦澄清這只屬其個人意見，未經公民黨充分討論。楊形容特赦是「雙面刃」，若特赦最終變為換取掌聲的政治手段及欠缺社會共識，實非好事。該黨法律界立法會議員郭榮鏗表示，本港是法治社會，需要尊重法治和法庭的審訊過程，特赦不能隨便使用，而且現時討論特赦屬言之尚早，未必符合法律原則和基礎，亦未必能夠做到「大和解」。 一眾本土派和進步民主派議員，包括香港眾志羅冠聰、人民力量陳志全和朱凱廸皆表明反對。羅冠聰批評在民主來臨前主張和解，以及與政權休戰，是不負責任的行為。而社民連梁國雄則表示，只贊成政府成立專責委員會調查佔領運動的來龍去脈。 建制派批評特赦損害法治 民建聯主席李慧琼直指，特赦會損害法治，必須審慎討論，而且擔心特赦會令社會有錯誤訊息，以及政府認同以激進及違法手段爭取政治目的。經民聯林健鋒亦指，本港需要按照法律行事，不認同有關建議。 ADVERTISEMENT 立即關注👉 AM730 健康 Youtube Channel 健康事 HealthKeys 了解更多,neutral,0,factual,0,neutral,
chinese,am730,am730_10,2017-04-19,民主黨,民主黨 | 民主派,HK_CONCEPT_5e,6,民主黨主席胡志偉接受報章專訪，建議成立獨立委員會調查佔領運動成因，以及新政府可特赦佔領行動所有參與者，以及涉及「7警案」的警員和退休警司朱經緯，換取「大和解」。惟其建議受到泛民和建制派一面倒反對，他昨晚召開黨團會議後深切道歉，並收回有關言論，並強調只是個人看法，發表前未曾在黨內討論。候任特首林鄭月娥透過候任特首辦回應指，相關司法程序仍在進行，現時不適宜就個別案件作出評論。 胡志偉昨早接受電台訪問時澄清，特赦建議只是其個人看法，要再在民主黨中委會討論是否可行。他認為，佔領運動是社會撕裂的分水嶺，政府應以政治手段解決政治問題，而非只靠法律手段懲治，否則問題會無休止繼續。他強調，建議特赦佔中人士或減輕刑責，不是政治交換。 以特赦促進「大和解」的建議，不獲包括民主黨在內的泛民主派和建制派認同。胡志偉昨晚召開黨團會議後，承認a言論未有深思熟慮及經黨內討論，對建議引發社會的爭議和困擾深表歉意，並收回有關言論。他重申，解決社會撕裂和尋求和解，必須撤回人大8.31決議，重啟政改。 李永達 陳淑莊準備承擔法律後果 因佔領運動被檢控的民主黨李永達認為，「大和解」並非建基於特赦，而是建基於中央的想法，而他個人已有坐監的準備。同樣被檢控的公民黨議員陳淑莊，亦對有關建議有保留，認為新政府要修補撕裂和重建互信，應實現真普選；她又說，參與公民運動便有承擔法律後果準備。 有關報道又引述公民黨黨魁楊岳橋認同，若新政府無條件特赦，反映政府以最大誠意修補撕裂，但他昨日亦澄清這只屬其個人意見，未經公民黨充分討論。楊形容特赦是「雙面刃」，若特赦最終變為換取掌聲的政治手段及欠缺社會共識，實非好事。該黨法律界立法會議員郭榮鏗表示，本港是法治社會，需要尊重法治和法庭的審訊過程，特赦不能隨便使用，而且現時討論特赦屬言之尚早，未必符合法律原則和基礎，亦未必能夠做到「大和解」。 一眾本土派和進步民主派議員，包括香港眾志羅冠聰、人民力量陳志全和朱凱廸皆表明反對。羅冠聰批評在民主來臨前主張和解，以及與政權休戰，是不負責任的行為。而社民連梁國雄則表示，只贊成政府成立專責委員會調查佔領運動的來龍去脈。 建制派批評特赦損害法治 民建聯主席李慧琼直指，特赦會損害法治，必須審慎討論，而且擔心特赦會令社會有錯誤訊息，以及政府認同以激進及違法手段爭取政治目的。經民聯林健鋒亦指，本港需要按照法律行事，不認同有關建議。 ADVERTISEMENT 立即關注👉 AM730 健康 Youtube Channel 健康事 HealthKeys 了解更多,neutral,0,factual,0,neutral,
chinese,am730,am730_10,2017-04-19,民建聯,民建聯,HK_CONCEPT_5e,1,民主黨主席胡志偉接受報章專訪，建議成立獨立委員會調查佔領運動成因，以及新政府可特赦佔領行動所有參與者，以及涉及「7警案」的警員和退休警司朱經緯，換取「大和解」。惟其建議受到泛民和建制派一面倒反對，他昨晚召開黨團會議後深切道歉，並收回有關言論，並強調只是個人看法，發表前未曾在黨內討論。候任特首林鄭月娥透過候任特首辦回應指，相關司法程序仍在進行，現時不適宜就個別案件作出評論。 胡志偉昨早接受電台訪問時澄清，特赦建議只是其個人看法，要再在民主黨中委會討論是否可行。他認為，佔領運動是社會撕裂的分水嶺，政府應以政治手段解決政治問題，而非只靠法律手段懲治，否則問題會無休止繼續。他強調，建議特赦佔中人士或減輕刑責，不是政治交換。 以特赦促進「大和解」的建議，不獲包括民主黨在內的泛民主派和建制派認同。胡志偉昨晚召開黨團會議後，承認a言論未有深思熟慮及經黨內討論，對建議引發社會的爭議和困擾深表歉意，並收回有關言論。他重申，解決社會撕裂和尋求和解，必須撤回人大8.31決議，重啟政改。 李永達 陳淑莊準備承擔法律後果 因佔領運動被檢控的民主黨李永達認為，「大和解」並非建基於特赦，而是建基於中央的想法，而他個人已有坐監的準備。同樣被檢控的公民黨議員陳淑莊，亦對有關建議有保留，認為新政府要修補撕裂和重建互信，應實現真普選；她又說，參與公民運動便有承擔法律後果準備。 有關報道又引述公民黨黨魁楊岳橋認同，若新政府無條件特赦，反映政府以最大誠意修補撕裂，但他昨日亦澄清這只屬其個人意見，未經公民黨充分討論。楊形容特赦是「雙面刃」，若特赦最終變為換取掌聲的政治手段及欠缺社會共識，實非好事。該黨法律界立法會議員郭榮鏗表示，本港是法治社會，需要尊重法治和法庭的審訊過程，特赦不能隨便使用，而且現時討論特赦屬言之尚早，未必符合法律原則和基礎，亦未必能夠做到「大和解」。 一眾本土派和進步民主派議員，包括香港眾志羅冠聰、人民力量陳志全和朱凱廸皆表明反對。羅冠聰批評在民主來臨前主張和解，以及與政權休戰，是不負責任的行為。而社民連梁國雄則表示，只贊成政府成立專責委員會調查佔領運動的來龍去脈。 建制派批評特赦損害法治 民建聯主席李慧琼直指，特赦會損害法治，必須審慎討論，而且擔心特赦會令社會有錯誤訊息，以及政府認同以激進及違法手段爭取政治目的。經民聯林健鋒亦指，本港需要按照法律行事，不認同有關建議。 ADVERTISEMENT 立即關注👉 AM730 健康 Youtube Channel 健康事 HealthKeys 了解更多,neutral,0,factual,0,neutral,
chinese,am730,am730_10,2017-04-19,羅冠聰,羅冠聰,HK_PERSON_1b,2,民主黨主席胡志偉接受報章專訪，建議成立獨立委員會調查佔領運動成因，以及新政府可特赦佔領行動所有參與者，以及涉及「7警案」的警員和退休警司朱經緯，換取「大和解」。惟其建議受到泛民和建制派一面倒反對，他昨晚召開黨團會議後深切道歉，並收回有關言論，並強調只是個人看法，發表前未曾在黨內討論。候任特首林鄭月娥透過候任特首辦回應指，相關司法程序仍在進行，現時不適宜就個別案件作出評論。 胡志偉昨早接受電台訪問時澄清，特赦建議只是其個人看法，要再在民主黨中委會討論是否可行。他認為，佔領運動是社會撕裂的分水嶺，政府應以政治手段解決政治問題，而非只靠法律手段懲治，否則問題會無休止繼續。他強調，建議特赦佔中人士或減輕刑責，不是政治交換。 以特赦促進「大和解」的建議，不獲包括民主黨在內的泛民主派和建制派認同。胡志偉昨晚召開黨團會議後，承認a言論未有深思熟慮及經黨內討論，對建議引發社會的爭議和困擾深表歉意，並收回有關言論。他重申，解決社會撕裂和尋求和解，必須撤回人大8.31決議，重啟政改。 李永達 陳淑莊準備承擔法律後果 因佔領運動被檢控的民主黨李永達認為，「大和解」並非建基於特赦，而是建基於中央的想法，而他個人已有坐監的準備。同樣被檢控的公民黨議員陳淑莊，亦對有關建議有保留，認為新政府要修補撕裂和重建互信，應實現真普選；她又說，參與公民運動便有承擔法律後果準備。 有關報道又引述公民黨黨魁楊岳橋認同，若新政府無條件特赦，反映政府以最大誠意修補撕裂，但他昨日亦澄清這只屬其個人意見，未經公民黨充分討論。楊形容特赦是「雙面刃」，若特赦最終變為換取掌聲的政治手段及欠缺社會共識，實非好事。該黨法律界立法會議員郭榮鏗表示，本港是法治社會，需要尊重法治和法庭的審訊過程，特赦不能隨便使用，而且現時討論特赦屬言之尚早，未必符合法律原則和基礎，亦未必能夠做到「大和解」。 一眾本土派和進步民主派議員，包括香港眾志羅冠聰、人民力量陳志全和朱凱廸皆表明反對。羅冠聰批評在民主來臨前主張和解，以及與政權休戰，是不負責任的行為。而社民連梁國雄則表示，只贊成政府成立專責委員會調查佔領運動的來龍去脈。 建制派批評特赦損害法治 民建聯主席李慧琼直指，特赦會損害法治，必須審慎討論，而且擔心特赦會令社會有錯誤訊息，以及政府認同以激進及違法手段爭取政治目的。經民聯林健鋒亦指，本港需要按照法律行事，不認同有關建議。 ADVERTISEMENT 立即關注👉 AM730 健康 Youtube Channel 健康事 HealthKeys 了解更多,neutral,0,factual,0,neutral,
chinese,am730,am730_10,2017-04-19,警隊,警員,HK_ORG_2a,1,民主黨主席胡志偉接受報章專訪，建議成立獨立委員會調查佔領運動成因，以及新政府可特赦佔領行動所有參與者，以及涉及「7警案」的警員和退休警司朱經緯，換取「大和解」。惟其建議受到泛民和建制派一面倒反對，他昨晚召開黨團會議後深切道歉，並收回有關言論，並強調只是個人看法，發表前未曾在黨內討論。候任特首林鄭月娥透過候任特首辦回應指，相關司法程序仍在進行，現時不適宜就個別案件作出評論。 胡志偉昨早接受電台訪問時澄清，特赦建議只是其個人看法，要再在民主黨中委會討論是否可行。他認為，佔領運動是社會撕裂的分水嶺，政府應以政治手段解決政治問題，而非只靠法律手段懲治，否則問題會無休止繼續。他強調，建議特赦佔中人士或減輕刑責，不是政治交換。 以特赦促進「大和解」的建議，不獲包括民主黨在內的泛民主派和建制派認同。胡志偉昨晚召開黨團會議後，承認a言論未有深思熟慮及經黨內討論，對建議引發社會的爭議和困擾深表歉意，並收回有關言論。他重申，解決社會撕裂和尋求和解，必須撤回人大8.31決議，重啟政改。 李永達 陳淑莊準備承擔法律後果 因佔領運動被檢控的民主黨李永達認為，「大和解」並非建基於特赦，而是建基於中央的想法，而他個人已有坐監的準備。同樣被檢控的公民黨議員陳淑莊，亦對有關建議有保留，認為新政府要修補撕裂和重建互信，應實現真普選；她又說，參與公民運動便有承擔法律後果準備。 有關報道又引述公民黨黨魁楊岳橋認同，若新政府無條件特赦，反映政府以最大誠意修補撕裂，但他昨日亦澄清這只屬其個人意見，未經公民黨充分討論。楊形容特赦是「雙面刃」，若特赦最終變為換取掌聲的政治手段及欠缺社會共識，實非好事。該黨法律界立法會議員郭榮鏗表示，本港是法治社會，需要尊重法治和法庭的審訊過程，特赦不能隨便使用，而且現時討論特赦屬言之尚早，未必符合法律原則和基礎，亦未必能夠做到「大和解」。 一眾本土派和進步民主派議員，包括香港眾志羅冠聰、人民力量陳志全和朱凱廸皆表明反對。羅冠聰批評在民主來臨前主張和解，以及與政權休戰，是不負責任的行為。而社民連梁國雄則表示，只贊成政府成立專責委員會調查佔領運動的來龍去脈。 建制派批評特赦損害法治 民建聯主席李慧琼直指，特赦會損害法治，必須審慎討論，而且擔心特赦會令社會有錯誤訊息，以及政府認同以激進及違法手段爭取政治目的。經民聯林健鋒亦指，本港需要按照法律行事，不認同有關建議。 ADVERTISEMENT 立即關注👉 AM730 健康 Youtube Channel 健康事 HealthKeys 了解更多,neutral,0,factual,0,neutral,
chinese,am730,am730_10,2017-04-19,陳淑莊,陳淑莊,HK_PERSON_1b,2,民主黨主席胡志偉接受報章專訪，建議成立獨立委員會調查佔領運動成因，以及新政府可特赦佔領行動所有參與者，以及涉及「7警案」的警員和退休警司朱經緯，換取「大和解」。惟其建議受到泛民和建制派一面倒反對，他昨晚召開黨團會議後深切道歉，並收回有關言論，並強調只是個人看法，發表前未曾在黨內討論。候任特首林鄭月娥透過候任特首辦回應指，相關司法程序仍在進行，現時不適宜就個別案件作出評論。 胡志偉昨早接受電台訪問時澄清，特赦建議只是其個人看法，要再在民主黨中委會討論是否可行。他認為，佔領運動是社會撕裂的分水嶺，政府應以政治手段解決政治問題，而非只靠法律手段懲治，否則問題會無休止繼續。他強調，建議特赦佔中人士或減輕刑責，不是政治交換。 以特赦促進「大和解」的建議，不獲包括民主黨在內的泛民主派和建制派認同。胡志偉昨晚召開黨團會議後，承認a言論未有深思熟慮及經黨內討論，對建議引發社會的爭議和困擾深表歉意，並收回有關言論。他重申，解決社會撕裂和尋求和解，必須撤回人大8.31決議，重啟政改。 李永達 陳淑莊準備承擔法律後果 因佔領運動被檢控的民主黨李永達認為，「大和解」並非建基於特赦，而是建基於中央的想法，而他個人已有坐監的準備。同樣被檢控的公民黨議員陳淑莊，亦對有關建議有保留，認為新政府要修補撕裂和重建互信，應實現真普選；她又說，參與公民運動便有承擔法律後果準備。 有關報道又引述公民黨黨魁楊岳橋認同，若新政府無條件特赦，反映政府以最大誠意修補撕裂，但他昨日亦澄清這只屬其個人意見，未經公民黨充分討論。楊形容特赦是「雙面刃」，若特赦最終變為換取掌聲的政治手段及欠缺社會共識，實非好事。該黨法律界立法會議員郭榮鏗表示，本港是法治社會，需要尊重法治和法庭的審訊過程，特赦不能隨便使用，而且現時討論特赦屬言之尚早，未必符合法律原則和基礎，亦未必能夠做到「大和解」。 一眾本土派和進步民主派議員，包括香港眾志羅冠聰、人民力量陳志全和朱凱廸皆表明反對。羅冠聰批評在民主來臨前主張和解，以及與政權休戰，是不負責任的行為。而社民連梁國雄則表示，只贊成政府成立專責委員會調查佔領運動的來龍去脈。 建制派批評特赦損害法治 民建聯主席李慧琼直指，特赦會損害法治，必須審慎討論，而且擔心特赦會令社會有錯誤訊息，以及政府認同以激進及違法手段爭取政治目的。經民聯林健鋒亦指，本港需要按照法律行事，不認同有關建議。 ADVERTISEMENT 立即關注👉 AM730 健康 Youtube Channel 健康事 HealthKeys 了解更多,neutral,0,factual,0,neutral,
chinese,am730,am730_10,2017-04-19,雨傘革命,佔中,HK_EVENT_3,1,民主黨主席胡志偉接受報章專訪，建議成立獨立委員會調查佔領運動成因，以及新政府可特赦佔領行動所有參與者，以及涉及「7警案」的警員和退休警司朱經緯，換取「大和解」。惟其建議受到泛民和建制派一面倒反對，他昨晚召開黨團會議後深切道歉，並收回有關言論，並強調只是個人看法，發表前未曾在黨內討論。候任特首林鄭月娥透過候任特首辦回應指，相關司法程序仍在進行，現時不適宜就個別案件作出評論。 胡志偉昨早接受電台訪問時澄清，特赦建議只是其個人看法，要再在民主黨中委會討論是否可行。他認為，佔領運動是社會撕裂的分水嶺，政府應以政治手段解決政治問題，而非只靠法律手段懲治，否則問題會無休止繼續。他強調，建議特赦佔中人士或減輕刑責，不是政治交換。 以特赦促進「大和解」的建議，不獲包括民主黨在內的泛民主派和建制派認同。胡志偉昨晚召開黨團會議後，承認a言論未有深思熟慮及經黨內討論，對建議引發社會的爭議和困擾深表歉意，並收回有關言論。他重申，解決社會撕裂和尋求和解，必須撤回人大8.31決議，重啟政改。 李永達 陳淑莊準備承擔法律後果 因佔領運動被檢控的民主黨李永達認為，「大和解」並非建基於特赦，而是建基於中央的想法，而他個人已有坐監的準備。同樣被檢控的公民黨議員陳淑莊，亦對有關建議有保留，認為新政府要修補撕裂和重建互信，應實現真普選；她又說，參與公民運動便有承擔法律後果準備。 有關報道又引述公民黨黨魁楊岳橋認同，若新政府無條件特赦，反映政府以最大誠意修補撕裂，但他昨日亦澄清這只屬其個人意見，未經公民黨充分討論。楊形容特赦是「雙面刃」，若特赦最終變為換取掌聲的政治手段及欠缺社會共識，實非好事。該黨法律界立法會議員郭榮鏗表示，本港是法治社會，需要尊重法治和法庭的審訊過程，特赦不能隨便使用，而且現時討論特赦屬言之尚早，未必符合法律原則和基礎，亦未必能夠做到「大和解」。 一眾本土派和進步民主派議員，包括香港眾志羅冠聰、人民力量陳志全和朱凱廸皆表明反對。羅冠聰批評在民主來臨前主張和解，以及與政權休戰，是不負責任的行為。而社民連梁國雄則表示，只贊成政府成立專責委員會調查佔領運動的來龍去脈。 建制派批評特赦損害法治 民建聯主席李慧琼直指，特赦會損害法治，必須審慎討論，而且擔心特赦會令社會有錯誤訊息，以及政府認同以激進及違法手段爭取政治目的。經民聯林健鋒亦指，本港需要按照法律行事，不認同有關建議。 ADVERTISEMENT 立即關注👉 AM730 健康 Youtube Channel 健康事 HealthKeys 了解更多,neutral,0,factual,0,neutral,
chinese,hkcd,hkcd_01,2018-09-17,香港政府,港府,HK_ORG_2a,1,超強颱風「山竹」來襲，本港天文台掛出10號風球。數據顯示，大老山及橫瀾島最高陣風時速分別高達228及219公里，強度遠超去年10級超強颱風「天鴿」。長時間狂風暴雨導致香港水陸空交通幾乎全部停擺，多地出現水浸和塌樹情況，公共設施及建築遭受損毀，並造成逾二百市民受傷，幸無出現死亡，市民生活基本保持正常，社會秩序井然。本港再次扛住了最強颱風的考驗，顯示香港防風機制成熟有效，各界準備充足，應對有序，共同將風災的損害降至最低，值得肯定。隨着「山竹」離去，接下來的善後工作應盡快展開。 「山竹」颱風對本港衝擊不小，其中低窪地區的鯉魚門、大澳等地水浸嚴重，港島東區杏花邨再次成為重災區，出現海水倒灌，水深及膝。風暴期間，海陸空交通受阻，而截至下午5時，共有213人受傷，收到179宗塌樹報告，確認26宗水浸個案，未收到山泥傾瀉報告。雖說「山竹」的確造成較大影響，但從結果來看，對香港的破壞可說不算太過嚴重。 事實證明，香港經受住了此次超強颱風的挑戰。何以至此?最主要的因素，還是得益於本港對颱風有一套既定的預警、防備機制，以及配套的應急方案，從資訊發布、防風部署到災害應對，都有章可循，分工詳細、責任清晰、執行有力。早在「山竹」颱風襲港之前，天文台早早發出預警，根據情況變化，不斷調整更新，電視、電台、網絡隨時發布新的資訊，幫助市民了解情況;有鑒於這次颱風破壞力強，港府更是提早展開應變工作，將正常在8號風球才啟動的緊急事故監察及支援中心，在3號風球懸掛後即啟動，提早開放48個臨時庇護中心，加派人手巡查和清理管道，安裝擋水板及堆疊沙包，疏散居民等，並設置隊伍隨時候命;「山竹」來襲期間，各部門嚴陣以待，明確職責分工，醫護、員警、消防員、民安隊等恪盡職守，有效地保證了應變措施的落實。 對於這一套防災機制，社會各界也了然於心，在打風期間按照相關指引，各自做好自己的事情。市民做足個人和家庭的準備功夫，盡量待在家裏減少外出，確保人身安全;大多數機構都依規定停止運營，學校自動停課，考慮到要進行善後工作，教育局宣布今天學校休學一天，亦顯得及時且人性化;應急機構則冒着大風大雨，各司其職，為的是讓更多的市民獲得安全。政府事先部署得力，應對及時有序，機制有效運作，大大強化了香港防禦風災的能力，亦令市民對本港作為安全城市信心十足，這也說明，制度就是力量，按應急制度辦事，就能夠有效防禦災情。 應對颱風，無論做多足的準備都不過分。近年全球極端天氣頻發，這對香港也提出加強抵禦天災能力的要求。「山竹」颱風造成的破壞，顯示本港仍有待改進，例如數個單位的玻璃窗被強風吹毀，地勢較低地區儘管做好堆砌沙包的防護措施，依然水浸嚴重，大批居民要緊急疏散等，都說明防風措施還有需要完善的地方，今後應不斷查缺補漏，繼續提高香港安全水準。 香港商報評論員 周武輝,positive,0.5,evaluative,0.8,positive,
chinese,hkcd,hkcd_02,2020-10-30,中國夢,中國夢,CN_CONCEPT_5,1,金秋時節，中國共產黨第十九屆中央委員會第五次全體會議勝利舉行。全會聽取和討論了習近平總書記受中央政治局委託作的工作報告，充分肯定黨的十九屆四中全會以來中央政治局的工作。全會審議通過了《中共中央關於制定國民經濟和社會發展第十四個五年規劃和二〇三五年遠景目標的建議》，這是奪取全面建設社會主義現代化國家新勝利的綱領性文件。 在「兩個一百年」奮鬥目標的歷史交匯點上，黨的十九屆五中全會重點研究「十四五」規劃問題並提出建議，將「十四五」規劃與2035年遠景目標統籌考慮，對動員和激勵全黨全國各族人民戰勝前進道路上各種風險挑戰，為全面建設社會主義現代化國家開好局、起好步，具有十分重要的意義。全會通過的《建議》，堅持立足國內和全球視野相統籌，堅持問題導向和目標導向相統一，堅持中長期目標和短期目標相貫通，堅持全面規劃和突出重點相協調，做好「兩個一百年」奮鬥目標有機銜接，明確「十四五」時期經濟社會發展的基本思路、主要目標以及2035年遠景目標，突出新發展理念的引領作用，提出一批具有標誌性的重大戰略，實施富有前瞻性、全局性、基礎性、針對性的重大舉措，統籌謀劃好重要領域的接續改革，必將為實現第二個百年奮鬥目標、實現中華民族偉大復興的中國夢奠定堅實基礎。 「十三五」時期是全面建成小康社會決勝階段。面對紛繁複雜的國內外形勢特別是新冠肺炎疫情嚴重衝擊，以習近平同志為核心的黨中央不忘初心、牢記使命，團結帶領全黨全國各族人民砥礪前行、開拓創新，奮發有為推進黨和國家各項事業，決勝全面建成小康社會取得決定性成就，全面深化改革取得重大突破，全面依法治國取得重大進展，全面從嚴治黨取得重大成果，國家治理體系和治理能力現代化加快推進，中國共產黨領導和我國社會主義制度優勢進一步彰顯。經過「十三五」時期的發展，我國經濟實力、科技實力、綜合國力躍上新的大台階，「十三五」規劃目標任務即將完成，全面建成小康社會勝利在望，中華民族偉大復興向前邁出了新的一大步，社會主義中國以更加雄偉的身姿屹立於世界東方。 當前和今後一個時期，我國發展仍然處於重要戰略機遇期，但機遇和挑戰都有新的發展變化。「十四五」時期是我國在全面建成小康社會、實現第一個百年奮鬥目標之後，乘勢而上開啟全面建設社會主義現代化國家新征程、向第二個百年奮鬥目標進軍的第一個五年。全黨要統籌中華民族偉大復興戰略全局和世界百年未有之大變局，深刻認識我國社會主要矛盾變化帶來的新特徵新要求，深刻認識錯綜複雜的國際環境帶來的新矛盾新挑戰，增強機遇意識和風險意識，立足社會主義初級階段基本國情，保持戰略定力，辦好自己的事，認識和把握發展規律，發揚鬥爭精神，樹立底線思維，準確識變、科學應變、主動求變，善於在危機中育先機、於變局中開新局，抓住機遇，應對挑戰，趨利避害，奮勇前進。 黨的十九大對實現第二個百年奮鬥目標作出分兩個階段推進的戰略安排，即到2035年基本實現社會主義現代化，到本世紀中葉把我國建成富強民主文明和諧美麗的社會主義現代化強國。這次全會錨定2035年遠景目標，綜合考慮未來一個時期國內外發展趨勢和我國發展條件，對「十四五」時期我國發展作出系統謀劃和戰略部署。我們要全面貫徹黨的基本理論、基本路線、基本方略，統籌推進經濟建設、政治建設、文化建設、社會建設、生態文明建設的總體布局，協調推進全面建設社會主義現代化國家、全面深化改革、全面依法治國、全面從嚴治黨的戰略布局，堅定不移貫徹創新、協調、綠色、開放、共享的新發展理念，堅持穩中求進工作總基調，以推動高質量發展為主題，以深化供給側結構性改革為主線，以改革創新為根本動力，以滿足人民日益增長的美好生活需要為根本目的，統籌發展和安全，加快建設現代化經濟體系，加快構建以國內大循環為主體、國內國際雙循環相互促進的新發展格局，推進國家治理體系和治理能力現代化，實現經濟行穩致遠、社會安定和諧，奮力奪取全面建設社會主義現代化國家新勝利。 推動「十四五」時期經濟社會發展，必須堅持黨的全面領導，為實現高質量發展提供根本保證；堅持以人民為中心，不斷實現人民對美好生活的嚮往；堅持新發展理念，實現更高質量、更有效率、更加公平、更可持續、更為安全的發展；堅持深化改革開放，持續增強發展動力和活力；堅持系統觀念，實現發展質量、結構、規模、速度、效益、安全相統一。奮進新時代、開啟新征程，我們要牢記初心使命、勇於擔當作為、善於攻堅克難，努力實現經濟發展取得新成效、改革開放邁出新步伐、社會文明程度得到新提高、生態文明建設實現新進步、民生福祉達到新水平、國家治理效能得到新提升的主要目標。 「大鵬一日同風起，扶搖直上九萬里。」實現「十四五」規劃和2035年遠景目標，意義重大，任務艱巨，前景光明。前進道路上，我國有獨特的政治優勢、制度優勢、發展優勢和機遇優勢，經濟社會發展依然有諸多有利條件，我們完全有信心、有底氣、有能力譜寫「兩大奇蹟」...,very positive,1,evaluative,0.9,very positive,
chinese,hkcd,hkcd_02,2020-10-30,中央政府,中共,CN_ORG_2,1,金秋時節，中國共產黨第十九屆中央委員會第五次全體會議勝利舉行。全會聽取和討論了習近平總書記受中央政治局委託作的工作報告，充分肯定黨的十九屆四中全會以來中央政治局的工作。全會審議通過了《中共中央關於制定國民經濟和社會發展第十四個五年規劃和二〇三五年遠景目標的建議》，這是奪取全面建設社會主義現代化國家新勝利的綱領性文件。 在「兩個一百年」奮鬥目標的歷史交匯點上，黨的十九屆五中全會重點研究「十四五」規劃問題並提出建議，將「十四五」規劃與2035年遠景目標統籌考慮，對動員和激勵全黨全國各族人民戰勝前進道路上各種風險挑戰，為全面建設社會主義現代化國家開好局、起好步，具有十分重要的意義。全會通過的《建議》，堅持立足國內和全球視野相統籌，堅持問題導向和目標導向相統一，堅持中長期目標和短期目標相貫通，堅持全面規劃和突出重點相協調，做好「兩個一百年」奮鬥目標有機銜接，明確「十四五」時期經濟社會發展的基本思路、主要目標以及2035年遠景目標，突出新發展理念的引領作用，提出一批具有標誌性的重大戰略，實施富有前瞻性、全局性、基礎性、針對性的重大舉措，統籌謀劃好重要領域的接續改革，必將為實現第二個百年奮鬥目標、實現中華民族偉大復興的中國夢奠定堅實基礎。 「十三五」時期是全面建成小康社會決勝階段。面對紛繁複雜的國內外形勢特別是新冠肺炎疫情嚴重衝擊，以習近平同志為核心的黨中央不忘初心、牢記使命，團結帶領全黨全國各族人民砥礪前行、開拓創新，奮發有為推進黨和國家各項事業，決勝全面建成小康社會取得決定性成就，全面深化改革取得重大突破，全面依法治國取得重大進展，全面從嚴治黨取得重大成果，國家治理體系和治理能力現代化加快推進，中國共產黨領導和我國社會主義制度優勢進一步彰顯。經過「十三五」時期的發展，我國經濟實力、科技實力、綜合國力躍上新的大台階，「十三五」規劃目標任務即將完成，全面建成小康社會勝利在望，中華民族偉大復興向前邁出了新的一大步，社會主義中國以更加雄偉的身姿屹立於世界東方。 當前和今後一個時期，我國發展仍然處於重要戰略機遇期，但機遇和挑戰都有新的發展變化。「十四五」時期是我國在全面建成小康社會、實現第一個百年奮鬥目標之後，乘勢而上開啟全面建設社會主義現代化國家新征程、向第二個百年奮鬥目標進軍的第一個五年。全黨要統籌中華民族偉大復興戰略全局和世界百年未有之大變局，深刻認識我國社會主要矛盾變化帶來的新特徵新要求，深刻認識錯綜複雜的國際環境帶來的新矛盾新挑戰，增強機遇意識和風險意識，立足社會主義初級階段基本國情，保持戰略定力，辦好自己的事，認識和把握發展規律，發揚鬥爭精神，樹立底線思維，準確識變、科學應變、主動求變，善於在危機中育先機、於變局中開新局，抓住機遇，應對挑戰，趨利避害，奮勇前進。 黨的十九大對實現第二個百年奮鬥目標作出分兩個階段推進的戰略安排，即到2035年基本實現社會主義現代化，到本世紀中葉把我國建成富強民主文明和諧美麗的社會主義現代化強國。這次全會錨定2035年遠景目標，綜合考慮未來一個時期國內外發展趨勢和我國發展條件，對「十四五」時期我國發展作出系統謀劃和戰略部署。我們要全面貫徹黨的基本理論、基本路線、基本方略，統籌推進經濟建設、政治建設、文化建設、社會建設、生態文明建設的總體布局，協調推進全面建設社會主義現代化國家、全面深化改革、全面依法治國、全面從嚴治黨的戰略布局，堅定不移貫徹創新、協調、綠色、開放、共享的新發展理念，堅持穩中求進工作總基調，以推動高質量發展為主題，以深化供給側結構性改革為主線，以改革創新為根本動力，以滿足人民日益增長的美好生活需要為根本目的，統籌發展和安全，加快建設現代化經濟體系，加快構建以國內大循環為主體、國內國際雙循環相互促進的新發展格局，推進國家治理體系和治理能力現代化，實現經濟行穩致遠、社會安定和諧，奮力奪取全面建設社會主義現代化國家新勝利。 推動「十四五」時期經濟社會發展，必須堅持黨的全面領導，為實現高質量發展提供根本保證；堅持以人民為中心，不斷實現人民對美好生活的嚮往；堅持新發展理念，實現更高質量、更有效率、更加公平、更可持續、更為安全的發展；堅持深化改革開放，持續增強發展動力和活力；堅持系統觀念，實現發展質量、結構、規模、速度、效益、安全相統一。奮進新時代、開啟新征程，我們要牢記初心使命、勇於擔當作為、善於攻堅克難，努力實現經濟發展取得新成效、改革開放邁出新步伐、社會文明程度得到新提高、生態文明建設實現新進步、民生福祉達到新水平、國家治理效能得到新提升的主要目標。 「大鵬一日同風起，扶搖直上九萬里。」實現「十四五」規劃和2035年遠景目標，意義重大，任務艱巨，前景光明。前進道路上，我國有獨特的政治優勢、制度優勢、發展優勢和機遇優勢，經濟社會發展依然有諸多有利條件，我們完全有信心、有底氣、有能力譜寫「兩大奇蹟」...,very positive,1,evaluative,0.9,very positive,
chinese,hkcd,hkcd_02,2020-10-30,共產黨,共產黨,CN_CONCEPT_5,2,金秋時節，中國共產黨第十九屆中央委員會第五次全體會議勝利舉行。全會聽取和討論了習近平總書記受中央政治局委託作的工作報告，充分肯定黨的十九屆四中全會以來中央政治局的工作。全會審議通過了《中共中央關於制定國民經濟和社會發展第十四個五年規劃和二〇三五年遠景目標的建議》，這是奪取全面建設社會主義現代化國家新勝利的綱領性文件。 在「兩個一百年」奮鬥目標的歷史交匯點上，黨的十九屆五中全會重點研究「十四五」規劃問題並提出建議，將「十四五」規劃與2035年遠景目標統籌考慮，對動員和激勵全黨全國各族人民戰勝前進道路上各種風險挑戰，為全面建設社會主義現代化國家開好局、起好步，具有十分重要的意義。全會通過的《建議》，堅持立足國內和全球視野相統籌，堅持問題導向和目標導向相統一，堅持中長期目標和短期目標相貫通，堅持全面規劃和突出重點相協調，做好「兩個一百年」奮鬥目標有機銜接，明確「十四五」時期經濟社會發展的基本思路、主要目標以及2035年遠景目標，突出新發展理念的引領作用，提出一批具有標誌性的重大戰略，實施富有前瞻性、全局性、基礎性、針對性的重大舉措，統籌謀劃好重要領域的接續改革，必將為實現第二個百年奮鬥目標、實現中華民族偉大復興的中國夢奠定堅實基礎。 「十三五」時期是全面建成小康社會決勝階段。面對紛繁複雜的國內外形勢特別是新冠肺炎疫情嚴重衝擊，以習近平同志為核心的黨中央不忘初心、牢記使命，團結帶領全黨全國各族人民砥礪前行、開拓創新，奮發有為推進黨和國家各項事業，決勝全面建成小康社會取得決定性成就，全面深化改革取得重大突破，全面依法治國取得重大進展，全面從嚴治黨取得重大成果，國家治理體系和治理能力現代化加快推進，中國共產黨領導和我國社會主義制度優勢進一步彰顯。經過「十三五」時期的發展，我國經濟實力、科技實力、綜合國力躍上新的大台階，「十三五」規劃目標任務即將完成，全面建成小康社會勝利在望，中華民族偉大復興向前邁出了新的一大步，社會主義中國以更加雄偉的身姿屹立於世界東方。 當前和今後一個時期，我國發展仍然處於重要戰略機遇期，但機遇和挑戰都有新的發展變化。「十四五」時期是我國在全面建成小康社會、實現第一個百年奮鬥目標之後，乘勢而上開啟全面建設社會主義現代化國家新征程、向第二個百年奮鬥目標進軍的第一個五年。全黨要統籌中華民族偉大復興戰略全局和世界百年未有之大變局，深刻認識我國社會主要矛盾變化帶來的新特徵新要求，深刻認識錯綜複雜的國際環境帶來的新矛盾新挑戰，增強機遇意識和風險意識，立足社會主義初級階段基本國情，保持戰略定力，辦好自己的事，認識和把握發展規律，發揚鬥爭精神，樹立底線思維，準確識變、科學應變、主動求變，善於在危機中育先機、於變局中開新局，抓住機遇，應對挑戰，趨利避害，奮勇前進。 黨的十九大對實現第二個百年奮鬥目標作出分兩個階段推進的戰略安排，即到2035年基本實現社會主義現代化，到本世紀中葉把我國建成富強民主文明和諧美麗的社會主義現代化強國。這次全會錨定2035年遠景目標，綜合考慮未來一個時期國內外發展趨勢和我國發展條件，對「十四五」時期我國發展作出系統謀劃和戰略部署。我們要全面貫徹黨的基本理論、基本路線、基本方略，統籌推進經濟建設、政治建設、文化建設、社會建設、生態文明建設的總體布局，協調推進全面建設社會主義現代化國家、全面深化改革、全面依法治國、全面從嚴治黨的戰略布局，堅定不移貫徹創新、協調、綠色、開放、共享的新發展理念，堅持穩中求進工作總基調，以推動高質量發展為主題，以深化供給側結構性改革為主線，以改革創新為根本動力，以滿足人民日益增長的美好生活需要為根本目的，統籌發展和安全，加快建設現代化經濟體系，加快構建以國內大循環為主體、國內國際雙循環相互促進的新發展格局，推進國家治理體系和治理能力現代化，實現經濟行穩致遠、社會安定和諧，奮力奪取全面建設社會主義現代化國家新勝利。 推動「十四五」時期經濟社會發展，必須堅持黨的全面領導，為實現高質量發展提供根本保證；堅持以人民為中心，不斷實現人民對美好生活的嚮往；堅持新發展理念，實現更高質量、更有效率、更加公平、更可持續、更為安全的發展；堅持深化改革開放，持續增強發展動力和活力；堅持系統觀念，實現發展質量、結構、規模、速度、效益、安全相統一。奮進新時代、開啟新征程，我們要牢記初心使命、勇於擔當作為、善於攻堅克難，努力實現經濟發展取得新成效、改革開放邁出新步伐、社會文明程度得到新提高、生態文明建設實現新進步、民生福祉達到新水平、國家治理效能得到新提升的主要目標。 「大鵬一日同風起，扶搖直上九萬里。」實現「十四五」規劃和2035年遠景目標，意義重大，任務艱巨，前景光明。前進道路上，我國有獨特的政治優勢、制度優勢、發展優勢和機遇優勢，經濟社會發展依然有諸多有利條件，我們完全有信心、有底氣、有能力譜寫「兩大奇蹟」...,very positive,1,evaluative,0.9,very positive,
chinese,hkcd,hkcd_02,2020-10-30,習近平,習近平,CN_PERSON_1,3,金秋時節，中國共產黨第十九屆中央委員會第五次全體會議勝利舉行。全會聽取和討論了習近平總書記受中央政治局委託作的工作報告，充分肯定黨的十九屆四中全會以來中央政治局的工作。全會審議通過了《中共中央關於制定國民經濟和社會發展第十四個五年規劃和二〇三五年遠景目標的建議》，這是奪取全面建設社會主義現代化國家新勝利的綱領性文件。 在「兩個一百年」奮鬥目標的歷史交匯點上，黨的十九屆五中全會重點研究「十四五」規劃問題並提出建議，將「十四五」規劃與2035年遠景目標統籌考慮，對動員和激勵全黨全國各族人民戰勝前進道路上各種風險挑戰，為全面建設社會主義現代化國家開好局、起好步，具有十分重要的意義。全會通過的《建議》，堅持立足國內和全球視野相統籌，堅持問題導向和目標導向相統一，堅持中長期目標和短期目標相貫通，堅持全面規劃和突出重點相協調，做好「兩個一百年」奮鬥目標有機銜接，明確「十四五」時期經濟社會發展的基本思路、主要目標以及2035年遠景目標，突出新發展理念的引領作用，提出一批具有標誌性的重大戰略，實施富有前瞻性、全局性、基礎性、針對性的重大舉措，統籌謀劃好重要領域的接續改革，必將為實現第二個百年奮鬥目標、實現中華民族偉大復興的中國夢奠定堅實基礎。 「十三五」時期是全面建成小康社會決勝階段。面對紛繁複雜的國內外形勢特別是新冠肺炎疫情嚴重衝擊，以習近平同志為核心的黨中央不忘初心、牢記使命，團結帶領全黨全國各族人民砥礪前行、開拓創新，奮發有為推進黨和國家各項事業，決勝全面建成小康社會取得決定性成就，全面深化改革取得重大突破，全面依法治國取得重大進展，全面從嚴治黨取得重大成果，國家治理體系和治理能力現代化加快推進，中國共產黨領導和我國社會主義制度優勢進一步彰顯。經過「十三五」時期的發展，我國經濟實力、科技實力、綜合國力躍上新的大台階，「十三五」規劃目標任務即將完成，全面建成小康社會勝利在望，中華民族偉大復興向前邁出了新的一大步，社會主義中國以更加雄偉的身姿屹立於世界東方。 當前和今後一個時期，我國發展仍然處於重要戰略機遇期，但機遇和挑戰都有新的發展變化。「十四五」時期是我國在全面建成小康社會、實現第一個百年奮鬥目標之後，乘勢而上開啟全面建設社會主義現代化國家新征程、向第二個百年奮鬥目標進軍的第一個五年。全黨要統籌中華民族偉大復興戰略全局和世界百年未有之大變局，深刻認識我國社會主要矛盾變化帶來的新特徵新要求，深刻認識錯綜複雜的國際環境帶來的新矛盾新挑戰，增強機遇意識和風險意識，立足社會主義初級階段基本國情，保持戰略定力，辦好自己的事，認識和把握發展規律，發揚鬥爭精神，樹立底線思維，準確識變、科學應變、主動求變，善於在危機中育先機、於變局中開新局，抓住機遇，應對挑戰，趨利避害，奮勇前進。 黨的十九大對實現第二個百年奮鬥目標作出分兩個階段推進的戰略安排，即到2035年基本實現社會主義現代化，到本世紀中葉把我國建成富強民主文明和諧美麗的社會主義現代化強國。這次全會錨定2035年遠景目標，綜合考慮未來一個時期國內外發展趨勢和我國發展條件，對「十四五」時期我國發展作出系統謀劃和戰略部署。我們要全面貫徹黨的基本理論、基本路線、基本方略，統籌推進經濟建設、政治建設、文化建設、社會建設、生態文明建設的總體布局，協調推進全面建設社會主義現代化國家、全面深化改革、全面依法治國、全面從嚴治黨的戰略布局，堅定不移貫徹創新、協調、綠色、開放、共享的新發展理念，堅持穩中求進工作總基調，以推動高質量發展為主題，以深化供給側結構性改革為主線，以改革創新為根本動力，以滿足人民日益增長的美好生活需要為根本目的，統籌發展和安全，加快建設現代化經濟體系，加快構建以國內大循環為主體、國內國際雙循環相互促進的新發展格局，推進國家治理體系和治理能力現代化，實現經濟行穩致遠、社會安定和諧，奮力奪取全面建設社會主義現代化國家新勝利。 推動「十四五」時期經濟社會發展，必須堅持黨的全面領導，為實現高質量發展提供根本保證；堅持以人民為中心，不斷實現人民對美好生活的嚮往；堅持新發展理念，實現更高質量、更有效率、更加公平、更可持續、更為安全的發展；堅持深化改革開放，持續增強發展動力和活力；堅持系統觀念，實現發展質量、結構、規模、速度、效益、安全相統一。奮進新時代、開啟新征程，我們要牢記初心使命、勇於擔當作為、善於攻堅克難，努力實現經濟發展取得新成效、改革開放邁出新步伐、社會文明程度得到新提高、生態文明建設實現新進步、民生福祉達到新水平、國家治理效能得到新提升的主要目標。 「大鵬一日同風起，扶搖直上九萬里。」實現「十四五」規劃和2035年遠景目標，意義重大，任務艱巨，前景光明。前進道路上，我國有獨特的政治優勢、制度優勢、發展優勢和機遇優勢，經濟社會發展依然有諸多有利條件，我們完全有信心、有底氣、有能力譜寫「兩大奇蹟」...,very positive,1,evaluative,0.9,very positive,
chinese,hkcd,hkcd_03,2021-02-23,警隊,警方 | 警員,HK_ORG_2a,5,警方22日在屯門及秀茂坪拘捕6名非法入境者，另有2名的士司機涉嫌協助及教唆非法入境被捕。 昨晚（22日）10時許，警方接報指大約有7名非法入境者從屯門蝴蝶灣登陸本港，隨即派員前往查看，期間發現疑非法入境者蹤影，疑人往富健花園方向逃走，警員立即展開追捕，並在附近設置路障截查可疑車輛。 其後，警員在龍門路龍門居對開截查2部的士，合共發現4名懷疑非法入境者，隨即將他們拘捕帶署，2名的士司機亦涉嫌協助及教唆非法入境被捕，一併帶署扣查，正追緝其餘在逃人士。 此外，昨晚9時許，有途人報案指在秀茂坪樂華北邨欣華樓對開，目睹2名女子行狀可疑。警員趕至上址截停2名分別33歲及31歲的越南女子，發現她們均未能出示有效身份證明文件，涉嫌非法入境被捕，現正被扣留調查，案件交由秀茂坪分區跟進。,neutral,0,factual,0,neutral,
chinese,hkcd,hkcd_04,2021-02-25,中央政府,中央政府,CN_ORG_2,1,據中新網引援日本《東方新報》25日報道，東京、大阪等日本10地為期2個月的防疫緊急事態宣言，即將在3月7日迎來最後的解除期限。相關防疫規定在一定程度上限制了社會經濟活動，對於餐飲等行業帶來了相當大的壓力。因此，部分地區正在討論提前解除宣言。 本輪緊急事態宣言在發布之初，日本政府就已表明將視感染情況，延長實施期限或提前解除。 一些感染情況已經緩和的地區要求提前解除緊急事態宣言。大阪府、京都府、兵庫縣、愛知縣和福岡縣於23日至24日先後向中央政府提出申請，要求在2月內提前解除宣言。與愛知縣同屬名古屋都市圈的岐阜縣雖然尚未表態，但是極可能和愛知縣一起行動。是否允許提前解除宣言，日本政府將在26日作出決定。 而感染相對嚴重的首都圈的東京都、千葉縣、神奈川縣、埼玉縣，雖然感染人數也有了明顯的減少，但政府和專家都認為如今單日新增感染人數保持在了300人左右，並沒有繼續減少，如果過早解除緊急事態宣言，可能會再次反彈。因此，首都圈基本確定不會提前解除。 而對於因緊急事態宣言而收緊的入境政策，日本政府日前已經確立了一個大致的意向——即使緊急事態宣言全面解除，也不會立即放寬入境限制。 對於日本來說，疫情不僅關係社會經濟活動，同時還關係到預定今年夏天舉辦的東京奧運會。儘管日本當前限制外國人入境會影響奧運會的舉辦，但是日本輿論對於疫情下繼續舉辦奧運的反對聲越來越高，日本太早放寬入境限制可能進一步拉高民眾對奧運的反感情緒。,neutral,0,factual,0,positive,
chinese,hkcd,hkcd_05,2021-11-15,警隊,警方,HK_ORG_2a,2,一名男子日前在九龍灣交易虛擬貨幣「泰達幣」時遭綁架，期間遭鐵鎚等襲擊至重傷，手腳多處骨折。警方拘捕7人，其中兩名男子被控綁架，案件今日（15日）在九龍城裁判法院提堂。 控方申請押後案件至明年1月25日，待警方進行認人手續、通話分析及法證檢驗等工作，兩名被告須還押候訊。 25歲被告李宗承及27歲被告劉民定被控將人強行帶走或禁錮罪。案情指他們於本月6日在九龍灣啟福工業中心某個單位內，與其他不知名男子以武力方式將一名男子，在違反其意願下帶走，意圖取得用以交換的贖金或利益。,neutral,0,factual,0,neutral,
chinese,hkcd,hkcd_06,2023-05-24,中聯辦,中聯辦,CN_ORG_2,5,據中聯辦網站消息，5月24日，中國曲藝家協會藝術團香港專場慰問演出在駐香港部隊昂船洲軍營禮堂舉行。中聯辦主任鄭雁雄，中國文聯副主席董耀鵬，駐香港部隊司令員彭京堂出席並致辭。 鄭雁雄表示，過去一個時期，香港社會曾飽受政治爭拗和社會動盪之苦，習近平總書記、黨中央以非凡的政治定力和高超的政治智慧，採取一系列標本兼治的重大戰略舉措，從根本上扭轉局勢，推動香港從由亂到治走向由治及興的新階段。現在，大家所熟悉的、繁榮穩定的香港已經回來了。中國曲協藝術團香港專場慰問演出，不僅傳遞中央對香港的關心關懷，也必將為香港大踏步走向由治及興凝聚強大正能量。 鄭雁雄強調，推進強國建設離不開香港長期繁榮穩定，而繁榮穩定的前提是國家安全得到堅實維護。我們一定要居安思危、共同努力，做「一國兩制」的忠誠捍衛者、香港繁榮穩定的堅定守護者。 現場觀眾觀看演出。圖源：中聯辦 中聯辦副主任羅永綱，駐港國安公署副署長李江舟，外交部駐港公署特派員劉光源，香港特區政府國安委秘書長區志光和特區政府紀律部隊、中央駐港機構代表400多人出席觀看演出。 頂圖：鄭雁雄致辭。 圖源：中聯辦,positive,0.5,evaluative,0.7,positive,
chinese,hkcd,hkcd_06,2023-05-24,外交部,外交部駐港公署,CN_ORG_2,1,據中聯辦網站消息，5月24日，中國曲藝家協會藝術團香港專場慰問演出在駐香港部隊昂船洲軍營禮堂舉行。中聯辦主任鄭雁雄，中國文聯副主席董耀鵬，駐香港部隊司令員彭京堂出席並致辭。 鄭雁雄表示，過去一個時期，香港社會曾飽受政治爭拗和社會動盪之苦，習近平總書記、黨中央以非凡的政治定力和高超的政治智慧，採取一系列標本兼治的重大戰略舉措，從根本上扭轉局勢，推動香港從由亂到治走向由治及興的新階段。現在，大家所熟悉的、繁榮穩定的香港已經回來了。中國曲協藝術團香港專場慰問演出，不僅傳遞中央對香港的關心關懷，也必將為香港大踏步走向由治及興凝聚強大正能量。 鄭雁雄強調，推進強國建設離不開香港長期繁榮穩定，而繁榮穩定的前提是國家安全得到堅實維護。我們一定要居安思危、共同努力，做「一國兩制」的忠誠捍衛者、香港繁榮穩定的堅定守護者。 現場觀眾觀看演出。圖源：中聯辦 中聯辦副主任羅永綱，駐港國安公署副署長李江舟，外交部駐港公署特派員劉光源，香港特區政府國安委秘書長區志光和特區政府紀律部隊、中央駐港機構代表400多人出席觀看演出。 頂圖：鄭雁雄致辭。 圖源：中聯辦,neutral,0,evaluative,0.3,neutral,
chinese,hkcd,hkcd_06,2023-05-24,習近平,習近平,CN_PERSON_1,1,據中聯辦網站消息，5月24日，中國曲藝家協會藝術團香港專場慰問演出在駐香港部隊昂船洲軍營禮堂舉行。中聯辦主任鄭雁雄，中國文聯副主席董耀鵬，駐香港部隊司令員彭京堂出席並致辭。 鄭雁雄表示，過去一個時期，香港社會曾飽受政治爭拗和社會動盪之苦，習近平總書記、黨中央以非凡的政治定力和高超的政治智慧，採取一系列標本兼治的重大戰略舉措，從根本上扭轉局勢，推動香港從由亂到治走向由治及興的新階段。現在，大家所熟悉的、繁榮穩定的香港已經回來了。中國曲協藝術團香港專場慰問演出，不僅傳遞中央對香港的關心關懷，也必將為香港大踏步走向由治及興凝聚強大正能量。 鄭雁雄強調，推進強國建設離不開香港長期繁榮穩定，而繁榮穩定的前提是國家安全得到堅實維護。我們一定要居安思危、共同努力，做「一國兩制」的忠誠捍衛者、香港繁榮穩定的堅定守護者。 現場觀眾觀看演出。圖源：中聯辦 中聯辦副主任羅永綱，駐港國安公署副署長李江舟，外交部駐港公署特派員劉光源，香港特區政府國安委秘書長區志光和特區政府紀律部隊、中央駐港機構代表400多人出席觀看演出。 頂圖：鄭雁雄致辭。 圖源：中聯辦,very positive,1,evaluative,0.8,very positive,
chinese,hkcd,hkcd_06,2023-05-24,警隊,紀律部隊,HK_ORG_2a,1,據中聯辦網站消息，5月24日，中國曲藝家協會藝術團香港專場慰問演出在駐香港部隊昂船洲軍營禮堂舉行。中聯辦主任鄭雁雄，中國文聯副主席董耀鵬，駐香港部隊司令員彭京堂出席並致辭。 鄭雁雄表示，過去一個時期，香港社會曾飽受政治爭拗和社會動盪之苦，習近平總書記、黨中央以非凡的政治定力和高超的政治智慧，採取一系列標本兼治的重大戰略舉措，從根本上扭轉局勢，推動香港從由亂到治走向由治及興的新階段。現在，大家所熟悉的、繁榮穩定的香港已經回來了。中國曲協藝術團香港專場慰問演出，不僅傳遞中央對香港的關心關懷，也必將為香港大踏步走向由治及興凝聚強大正能量。 鄭雁雄強調，推進強國建設離不開香港長期繁榮穩定，而繁榮穩定的前提是國家安全得到堅實維護。我們一定要居安思危、共同努力，做「一國兩制」的忠誠捍衛者、香港繁榮穩定的堅定守護者。 現場觀眾觀看演出。圖源：中聯辦 中聯辦副主任羅永綱，駐港國安公署副署長李江舟，外交部駐港公署特派員劉光源，香港特區政府國安委秘書長區志光和特區政府紀律部隊、中央駐港機構代表400多人出席觀看演出。 頂圖：鄭雁雄致辭。 圖源：中聯辦,neutral,0,evaluative,0,neutral,
chinese,hkcd,hkcd_06,2023-05-24,香港政府,特區政府,HK_ORG_2a,2,據中聯辦網站消息，5月24日，中國曲藝家協會藝術團香港專場慰問演出在駐香港部隊昂船洲軍營禮堂舉行。中聯辦主任鄭雁雄，中國文聯副主席董耀鵬，駐香港部隊司令員彭京堂出席並致辭。 鄭雁雄表示，過去一個時期，香港社會曾飽受政治爭拗和社會動盪之苦，習近平總書記、黨中央以非凡的政治定力和高超的政治智慧，採取一系列標本兼治的重大戰略舉措，從根本上扭轉局勢，推動香港從由亂到治走向由治及興的新階段。現在，大家所熟悉的、繁榮穩定的香港已經回來了。中國曲協藝術團香港專場慰問演出，不僅傳遞中央對香港的關心關懷，也必將為香港大踏步走向由治及興凝聚強大正能量。 鄭雁雄強調，推進強國建設離不開香港長期繁榮穩定，而繁榮穩定的前提是國家安全得到堅實維護。我們一定要居安思危、共同努力，做「一國兩制」的忠誠捍衛者、香港繁榮穩定的堅定守護者。 現場觀眾觀看演出。圖源：中聯辦 中聯辦副主任羅永綱，駐港國安公署副署長李江舟，外交部駐港公署特派員劉光源，香港特區政府國安委秘書長區志光和特區政府紀律部隊、中央駐港機構代表400多人出席觀看演出。 頂圖：鄭雁雄致辭。 圖源：中聯辦,positive,0.5,evaluative,0.6,positive,
chinese,hkcd,hkcd_07,2023-09-23,警隊,警員 | 警署 | 警方,HK_ORG_2a,9,當地時間22日，加拿大卑詩省皇家騎警在大溫哥華地區高貴林市辦案時遭遇槍擊，1名皇家騎警遇難，多名警員中槍，1名男性嫌犯亦受傷。 殉職警員來自Ridge-Meadows警區，該區的皇家騎警警署於同日下午降半旗致哀。 卑詩省皇家騎警當日表示，事發時3名警員正在對高貴林市一處住宅進行搜查，警員與1名男子發生口角，並導致槍擊事件發生。緊急醫療服務部門將所有傷者送往醫院，但其中一名51歲的皇家騎警警員不治。 加媒報道指，有事發地點的住戶稱，當日大約10時在現場聽見數聲槍響，及後大批警員趕到，部分警員持槍戒備。過了約2小時後，又再次聽到槍響。 綜合兇案調查小組已在跟進調查此案。卑詩省獨立調查辦公室也同時介入，以調查事件中警方的行為。,neutral,0,factual,0,neutral,
chinese,hkcd,hkcd_08,2024-06-28,一帶一路,一帶一路,CN_CONCEPT_5,1,中聯辦主任鄭雁雄今日（28日）應邀出席立法會午餐會並致辭。立法會「A4聯盟」楊永杰、梁文廣、張欣宇、林素蔚表示，香港回歸祖國27年來充分發揮「一國兩制」的獨特優勢，取得舉世矚目的成就，是香港市民共同努力的結果，也是中央政府支持香港發展的生動體現。 「A4聯盟」指出，香港經濟於回歸的27年裏持續增長，人均GDP增長至2023年5萬美元，香港作為國際金融、航運、貿易中心地位不斷鞏固，連續多年被評為全球最自由經濟體之一。特區政府在民生方面以結果為目標，着力解決香港長期存在的土地房屋、長者醫療及青年發展等問題，推動香港融入國家發展大局，讓全體市民共享發展成果。落實香港國安法和《維護國家安全條例》後，社會擺脫政治爭拗，迎來可輕裝上陣全力拼經濟、謀發展的最好時期，對香港實現由治及興，保持長治久安和長期繁榮穩定具有深遠影響。 「A4聯盟」續指，未來繼續全力協助政府施政，推動香港拼經濟惠民生，破除利益固化藩籬，進一步融入國家發展大局，在「一帶一路」建設、粵港澳大灣區建設上，發揮香港「一國兩制」獨特優勢，把握住世界百年未有之大變局的難得歷史機遇。「A4聯盟」期望全港各界、廣大市民秉持「上下同欲者勝、風雨同舟者贏」精神，堅定支持特區政府共同維護國家安全，讓東方之珠大放異彩。（中通社資料圖）,positive,0.5,evaluative,0.7,positive,
chinese,hkcd,hkcd_08,2024-06-28,中央政府,中央政府,CN_ORG_2,1,中聯辦主任鄭雁雄今日（28日）應邀出席立法會午餐會並致辭。立法會「A4聯盟」楊永杰、梁文廣、張欣宇、林素蔚表示，香港回歸祖國27年來充分發揮「一國兩制」的獨特優勢，取得舉世矚目的成就，是香港市民共同努力的結果，也是中央政府支持香港發展的生動體現。 「A4聯盟」指出，香港經濟於回歸的27年裏持續增長，人均GDP增長至2023年5萬美元，香港作為國際金融、航運、貿易中心地位不斷鞏固，連續多年被評為全球最自由經濟體之一。特區政府在民生方面以結果為目標，着力解決香港長期存在的土地房屋、長者醫療及青年發展等問題，推動香港融入國家發展大局，讓全體市民共享發展成果。落實香港國安法和《維護國家安全條例》後，社會擺脫政治爭拗，迎來可輕裝上陣全力拼經濟、謀發展的最好時期，對香港實現由治及興，保持長治久安和長期繁榮穩定具有深遠影響。 「A4聯盟」續指，未來繼續全力協助政府施政，推動香港拼經濟惠民生，破除利益固化藩籬，進一步融入國家發展大局，在「一帶一路」建設、粵港澳大灣區建設上，發揮香港「一國兩制」獨特優勢，把握住世界百年未有之大變局的難得歷史機遇。「A4聯盟」期望全港各界、廣大市民秉持「上下同欲者勝、風雨同舟者贏」精神，堅定支持特區政府共同維護國家安全，讓東方之珠大放異彩。（中通社資料圖）,very positive,1,evaluative,0.9,very positive,
chinese,hkcd,hkcd_08,2024-06-28,中聯辦,中聯辦,CN_ORG_2,1,中聯辦主任鄭雁雄今日（28日）應邀出席立法會午餐會並致辭。立法會「A4聯盟」楊永杰、梁文廣、張欣宇、林素蔚表示，香港回歸祖國27年來充分發揮「一國兩制」的獨特優勢，取得舉世矚目的成就，是香港市民共同努力的結果，也是中央政府支持香港發展的生動體現。 「A4聯盟」指出，香港經濟於回歸的27年裏持續增長，人均GDP增長至2023年5萬美元，香港作為國際金融、航運、貿易中心地位不斷鞏固，連續多年被評為全球最自由經濟體之一。特區政府在民生方面以結果為目標，着力解決香港長期存在的土地房屋、長者醫療及青年發展等問題，推動香港融入國家發展大局，讓全體市民共享發展成果。落實香港國安法和《維護國家安全條例》後，社會擺脫政治爭拗，迎來可輕裝上陣全力拼經濟、謀發展的最好時期，對香港實現由治及興，保持長治久安和長期繁榮穩定具有深遠影響。 「A4聯盟」續指，未來繼續全力協助政府施政，推動香港拼經濟惠民生，破除利益固化藩籬，進一步融入國家發展大局，在「一帶一路」建設、粵港澳大灣區建設上，發揮香港「一國兩制」獨特優勢，把握住世界百年未有之大變局的難得歷史機遇。「A4聯盟」期望全港各界、廣大市民秉持「上下同欲者勝、風雨同舟者贏」精神，堅定支持特區政府共同維護國家安全，讓東方之珠大放異彩。（中通社資料圖）,positive,0.5,evaluative,0.7,positive,
chinese,hkcd,hkcd_08,2024-06-28,香港政府,特區政府,HK_ORG_2a,2,中聯辦主任鄭雁雄今日（28日）應邀出席立法會午餐會並致辭。立法會「A4聯盟」楊永杰、梁文廣、張欣宇、林素蔚表示，香港回歸祖國27年來充分發揮「一國兩制」的獨特優勢，取得舉世矚目的成就，是香港市民共同努力的結果，也是中央政府支持香港發展的生動體現。 「A4聯盟」指出，香港經濟於回歸的27年裏持續增長，人均GDP增長至2023年5萬美元，香港作為國際金融、航運、貿易中心地位不斷鞏固，連續多年被評為全球最自由經濟體之一。特區政府在民生方面以結果為目標，着力解決香港長期存在的土地房屋、長者醫療及青年發展等問題，推動香港融入國家發展大局，讓全體市民共享發展成果。落實香港國安法和《維護國家安全條例》後，社會擺脫政治爭拗，迎來可輕裝上陣全力拼經濟、謀發展的最好時期，對香港實現由治及興，保持長治久安和長期繁榮穩定具有深遠影響。 「A4聯盟」續指，未來繼續全力協助政府施政，推動香港拼經濟惠民生，破除利益固化藩籬，進一步融入國家發展大局，在「一帶一路」建設、粵港澳大灣區建設上，發揮香港「一國兩制」獨特優勢，把握住世界百年未有之大變局的難得歷史機遇。「A4聯盟」期望全港各界、廣大市民秉持「上下同欲者勝、風雨同舟者贏」精神，堅定支持特區政府共同維護國家安全，讓東方之珠大放異彩。（中通社資料圖）,positive,0.5,evaluative,0.8,positive,
chinese,hkcd,hkcd_09,2024-07-27,中央政府,中共,CN_ORG_2,1,作者：香港山東社團總會副秘書長、華菁會會員 董启真 繼中共二十屆三中全會相關《決定》提出「支持香港、澳門打造國際高端人才集聚高地」後，國務院港澳事務辦公室主任夏寶龍日前在會見財政司司長陳茂波一行時也表示全力支持香港「打造國際高端人才聚集高地」，希望特區要識變、應變、求變，通過改革實現更好發展。在國際競爭日趨激烈的當下，人才作為「第一資源」對經濟社會發展的作用不言而喻。正如夏主任寄語，本港在貫徹落實三中全會精神過程中，自當善用優勢、改革創新，打造全球人才聚集的「新高地」。 近年來，香港在「搶人才」上已付出諸多努力，也取得了一定成效。據統計，「高端人才通行證計劃」（簡稱「高才通」）等多項人才入境計劃自2022年底實施以來，錄得逾13萬人才入境，超越政府設定的3年引入10.5萬人的目標。不過，隨着香港內外環境的深刻變化，這些政策也存在優化和調整的空間。 當前，國際形勢複雜多變，一些西方國家因地緣政治等原因打壓香港發展，試圖製造實質性的「脫鈎」，逼迫專業人才和外國資本撤離香港。這無疑給本港發展帶來較大挑戰。「高才通」「優才計劃」等新政，從實施情況看，主要吸引的是內地人才。據報道，通過這兩項計劃引進的人才中超95%來自內地。雖說內地人才對本港發展能起到積極作用，但要建設真正的人才高地、更好助力國家對外開放，還需加大對國際人才的吸引力。因此，特區政府應積極研究、推出面向國際人才的政策，提供更靈活多元的人才引進機制，吸引更多國際人才來港發展。 另一方面，完善「搶人才」的配套措施也要提上日程。現有的政策側重於吸引人才，但如何留住人才、讓他們常駐香港並發揮作用，政府和有關業界還要多「度桥」。據報道，申請「高才通」來港的人士中，僅約兩成準備在港定居。該狀況顯然不利於本地資源的充分利用，以及人才自身的長遠發展。為此，特區政府需研究出台一系列配套措施。比如，針對一些高端、高增值行業，為來港人才及其家屬提供住房、稅務、教育等優惠；再如，加強與新來港人才的溝通交流，了解其需求和期望，為其提供更好的發展環境和機會。 總括而言，在國家新一輪全面深化改革大潮中，香港獲得的機遇必會更多。唯有「識變、應變、求變」，才能掌握歷史主動，搶抓難得機遇。同樣，只有因應時勢改革創新、優化政策，深耕留住人才的沃土，才能使香港成為高端人才聚集高地，持續提升國際競爭力。（中通社資料圖）,positive,0.5,evaluative,0.8,positive,
chinese,hkcd,hkcd_09,2024-07-27,國務院,國務院,CN_ORG_2,1,作者：香港山東社團總會副秘書長、華菁會會員 董启真 繼中共二十屆三中全會相關《決定》提出「支持香港、澳門打造國際高端人才集聚高地」後，國務院港澳事務辦公室主任夏寶龍日前在會見財政司司長陳茂波一行時也表示全力支持香港「打造國際高端人才聚集高地」，希望特區要識變、應變、求變，通過改革實現更好發展。在國際競爭日趨激烈的當下，人才作為「第一資源」對經濟社會發展的作用不言而喻。正如夏主任寄語，本港在貫徹落實三中全會精神過程中，自當善用優勢、改革創新，打造全球人才聚集的「新高地」。 近年來，香港在「搶人才」上已付出諸多努力，也取得了一定成效。據統計，「高端人才通行證計劃」（簡稱「高才通」）等多項人才入境計劃自2022年底實施以來，錄得逾13萬人才入境，超越政府設定的3年引入10.5萬人的目標。不過，隨着香港內外環境的深刻變化，這些政策也存在優化和調整的空間。 當前，國際形勢複雜多變，一些西方國家因地緣政治等原因打壓香港發展，試圖製造實質性的「脫鈎」，逼迫專業人才和外國資本撤離香港。這無疑給本港發展帶來較大挑戰。「高才通」「優才計劃」等新政，從實施情況看，主要吸引的是內地人才。據報道，通過這兩項計劃引進的人才中超95%來自內地。雖說內地人才對本港發展能起到積極作用，但要建設真正的人才高地、更好助力國家對外開放，還需加大對國際人才的吸引力。因此，特區政府應積極研究、推出面向國際人才的政策，提供更靈活多元的人才引進機制，吸引更多國際人才來港發展。 另一方面，完善「搶人才」的配套措施也要提上日程。現有的政策側重於吸引人才，但如何留住人才、讓他們常駐香港並發揮作用，政府和有關業界還要多「度桥」。據報道，申請「高才通」來港的人士中，僅約兩成準備在港定居。該狀況顯然不利於本地資源的充分利用，以及人才自身的長遠發展。為此，特區政府需研究出台一系列配套措施。比如，針對一些高端、高增值行業，為來港人才及其家屬提供住房、稅務、教育等優惠；再如，加強與新來港人才的溝通交流，了解其需求和期望，為其提供更好的發展環境和機會。 總括而言，在國家新一輪全面深化改革大潮中，香港獲得的機遇必會更多。唯有「識變、應變、求變」，才能掌握歷史主動，搶抓難得機遇。同樣，只有因應時勢改革創新、優化政策，深耕留住人才的沃土，才能使香港成為高端人才聚集高地，持續提升國際競爭力。（中通社資料圖）,positive,0.5,evaluative,0.7,positive,
chinese,hkcd,hkcd_09,2024-07-27,夏寶龍,夏寶龍,CN_PERSON_1,1,作者：香港山東社團總會副秘書長、華菁會會員 董启真 繼中共二十屆三中全會相關《決定》提出「支持香港、澳門打造國際高端人才集聚高地」後，國務院港澳事務辦公室主任夏寶龍日前在會見財政司司長陳茂波一行時也表示全力支持香港「打造國際高端人才聚集高地」，希望特區要識變、應變、求變，通過改革實現更好發展。在國際競爭日趨激烈的當下，人才作為「第一資源」對經濟社會發展的作用不言而喻。正如夏主任寄語，本港在貫徹落實三中全會精神過程中，自當善用優勢、改革創新，打造全球人才聚集的「新高地」。 近年來，香港在「搶人才」上已付出諸多努力，也取得了一定成效。據統計，「高端人才通行證計劃」（簡稱「高才通」）等多項人才入境計劃自2022年底實施以來，錄得逾13萬人才入境，超越政府設定的3年引入10.5萬人的目標。不過，隨着香港內外環境的深刻變化，這些政策也存在優化和調整的空間。 當前，國際形勢複雜多變，一些西方國家因地緣政治等原因打壓香港發展，試圖製造實質性的「脫鈎」，逼迫專業人才和外國資本撤離香港。這無疑給本港發展帶來較大挑戰。「高才通」「優才計劃」等新政，從實施情況看，主要吸引的是內地人才。據報道，通過這兩項計劃引進的人才中超95%來自內地。雖說內地人才對本港發展能起到積極作用，但要建設真正的人才高地、更好助力國家對外開放，還需加大對國際人才的吸引力。因此，特區政府應積極研究、推出面向國際人才的政策，提供更靈活多元的人才引進機制，吸引更多國際人才來港發展。 另一方面，完善「搶人才」的配套措施也要提上日程。現有的政策側重於吸引人才，但如何留住人才、讓他們常駐香港並發揮作用，政府和有關業界還要多「度桥」。據報道，申請「高才通」來港的人士中，僅約兩成準備在港定居。該狀況顯然不利於本地資源的充分利用，以及人才自身的長遠發展。為此，特區政府需研究出台一系列配套措施。比如，針對一些高端、高增值行業，為來港人才及其家屬提供住房、稅務、教育等優惠；再如，加強與新來港人才的溝通交流，了解其需求和期望，為其提供更好的發展環境和機會。 總括而言，在國家新一輪全面深化改革大潮中，香港獲得的機遇必會更多。唯有「識變、應變、求變」，才能掌握歷史主動，搶抓難得機遇。同樣，只有因應時勢改革創新、優化政策，深耕留住人才的沃土，才能使香港成為高端人才聚集高地，持續提升國際競爭力。（中通社資料圖）,positive,0.5,evaluative,0.7,positive,
chinese,hkcd,hkcd_09,2024-07-27,港澳辦,國務院港澳事務辦公室,CN_ORG_2,1,作者：香港山東社團總會副秘書長、華菁會會員 董启真 繼中共二十屆三中全會相關《決定》提出「支持香港、澳門打造國際高端人才集聚高地」後，國務院港澳事務辦公室主任夏寶龍日前在會見財政司司長陳茂波一行時也表示全力支持香港「打造國際高端人才聚集高地」，希望特區要識變、應變、求變，通過改革實現更好發展。在國際競爭日趨激烈的當下，人才作為「第一資源」對經濟社會發展的作用不言而喻。正如夏主任寄語，本港在貫徹落實三中全會精神過程中，自當善用優勢、改革創新，打造全球人才聚集的「新高地」。 近年來，香港在「搶人才」上已付出諸多努力，也取得了一定成效。據統計，「高端人才通行證計劃」（簡稱「高才通」）等多項人才入境計劃自2022年底實施以來，錄得逾13萬人才入境，超越政府設定的3年引入10.5萬人的目標。不過，隨着香港內外環境的深刻變化，這些政策也存在優化和調整的空間。 當前，國際形勢複雜多變，一些西方國家因地緣政治等原因打壓香港發展，試圖製造實質性的「脫鈎」，逼迫專業人才和外國資本撤離香港。這無疑給本港發展帶來較大挑戰。「高才通」「優才計劃」等新政，從實施情況看，主要吸引的是內地人才。據報道，通過這兩項計劃引進的人才中超95%來自內地。雖說內地人才對本港發展能起到積極作用，但要建設真正的人才高地、更好助力國家對外開放，還需加大對國際人才的吸引力。因此，特區政府應積極研究、推出面向國際人才的政策，提供更靈活多元的人才引進機制，吸引更多國際人才來港發展。 另一方面，完善「搶人才」的配套措施也要提上日程。現有的政策側重於吸引人才，但如何留住人才、讓他們常駐香港並發揮作用，政府和有關業界還要多「度桥」。據報道，申請「高才通」來港的人士中，僅約兩成準備在港定居。該狀況顯然不利於本地資源的充分利用，以及人才自身的長遠發展。為此，特區政府需研究出台一系列配套措施。比如，針對一些高端、高增值行業，為來港人才及其家屬提供住房、稅務、教育等優惠；再如，加強與新來港人才的溝通交流，了解其需求和期望，為其提供更好的發展環境和機會。 總括而言，在國家新一輪全面深化改革大潮中，香港獲得的機遇必會更多。唯有「識變、應變、求變」，才能掌握歷史主動，搶抓難得機遇。同樣，只有因應時勢改革創新、優化政策，深耕留住人才的沃土，才能使香港成為高端人才聚集高地，持續提升國際競爭力。（中通社資料圖）,positive,0.5,evaluative,0.7,positive,
chinese,hkcd,hkcd_09,2024-07-27,陳茂波,陳茂波,HK_PERSON_1a,1,作者：香港山東社團總會副秘書長、華菁會會員 董启真 繼中共二十屆三中全會相關《決定》提出「支持香港、澳門打造國際高端人才集聚高地」後，國務院港澳事務辦公室主任夏寶龍日前在會見財政司司長陳茂波一行時也表示全力支持香港「打造國際高端人才聚集高地」，希望特區要識變、應變、求變，通過改革實現更好發展。在國際競爭日趨激烈的當下，人才作為「第一資源」對經濟社會發展的作用不言而喻。正如夏主任寄語，本港在貫徹落實三中全會精神過程中，自當善用優勢、改革創新，打造全球人才聚集的「新高地」。 近年來，香港在「搶人才」上已付出諸多努力，也取得了一定成效。據統計，「高端人才通行證計劃」（簡稱「高才通」）等多項人才入境計劃自2022年底實施以來，錄得逾13萬人才入境，超越政府設定的3年引入10.5萬人的目標。不過，隨着香港內外環境的深刻變化，這些政策也存在優化和調整的空間。 當前，國際形勢複雜多變，一些西方國家因地緣政治等原因打壓香港發展，試圖製造實質性的「脫鈎」，逼迫專業人才和外國資本撤離香港。這無疑給本港發展帶來較大挑戰。「高才通」「優才計劃」等新政，從實施情況看，主要吸引的是內地人才。據報道，通過這兩項計劃引進的人才中超95%來自內地。雖說內地人才對本港發展能起到積極作用，但要建設真正的人才高地、更好助力國家對外開放，還需加大對國際人才的吸引力。因此，特區政府應積極研究、推出面向國際人才的政策，提供更靈活多元的人才引進機制，吸引更多國際人才來港發展。 另一方面，完善「搶人才」的配套措施也要提上日程。現有的政策側重於吸引人才，但如何留住人才、讓他們常駐香港並發揮作用，政府和有關業界還要多「度桥」。據報道，申請「高才通」來港的人士中，僅約兩成準備在港定居。該狀況顯然不利於本地資源的充分利用，以及人才自身的長遠發展。為此，特區政府需研究出台一系列配套措施。比如，針對一些高端、高增值行業，為來港人才及其家屬提供住房、稅務、教育等優惠；再如，加強與新來港人才的溝通交流，了解其需求和期望，為其提供更好的發展環境和機會。 總括而言，在國家新一輪全面深化改革大潮中，香港獲得的機遇必會更多。唯有「識變、應變、求變」，才能掌握歷史主動，搶抓難得機遇。同樣，只有因應時勢改革創新、優化政策，深耕留住人才的沃土，才能使香港成為高端人才聚集高地，持續提升國際競爭力。（中通社資料圖）,neutral,0,evaluative,0.3,neutral,
chinese,hkcd,hkcd_09,2024-07-27,香港政府,特區政府,HK_ORG_2a,2,作者：香港山東社團總會副秘書長、華菁會會員 董启真 繼中共二十屆三中全會相關《決定》提出「支持香港、澳門打造國際高端人才集聚高地」後，國務院港澳事務辦公室主任夏寶龍日前在會見財政司司長陳茂波一行時也表示全力支持香港「打造國際高端人才聚集高地」，希望特區要識變、應變、求變，通過改革實現更好發展。在國際競爭日趨激烈的當下，人才作為「第一資源」對經濟社會發展的作用不言而喻。正如夏主任寄語，本港在貫徹落實三中全會精神過程中，自當善用優勢、改革創新，打造全球人才聚集的「新高地」。 近年來，香港在「搶人才」上已付出諸多努力，也取得了一定成效。據統計，「高端人才通行證計劃」（簡稱「高才通」）等多項人才入境計劃自2022年底實施以來，錄得逾13萬人才入境，超越政府設定的3年引入10.5萬人的目標。不過，隨着香港內外環境的深刻變化，這些政策也存在優化和調整的空間。 當前，國際形勢複雜多變，一些西方國家因地緣政治等原因打壓香港發展，試圖製造實質性的「脫鈎」，逼迫專業人才和外國資本撤離香港。這無疑給本港發展帶來較大挑戰。「高才通」「優才計劃」等新政，從實施情況看，主要吸引的是內地人才。據報道，通過這兩項計劃引進的人才中超95%來自內地。雖說內地人才對本港發展能起到積極作用，但要建設真正的人才高地、更好助力國家對外開放，還需加大對國際人才的吸引力。因此，特區政府應積極研究、推出面向國際人才的政策，提供更靈活多元的人才引進機制，吸引更多國際人才來港發展。 另一方面，完善「搶人才」的配套措施也要提上日程。現有的政策側重於吸引人才，但如何留住人才、讓他們常駐香港並發揮作用，政府和有關業界還要多「度桥」。據報道，申請「高才通」來港的人士中，僅約兩成準備在港定居。該狀況顯然不利於本地資源的充分利用，以及人才自身的長遠發展。為此，特區政府需研究出台一系列配套措施。比如，針對一些高端、高增值行業，為來港人才及其家屬提供住房、稅務、教育等優惠；再如，加強與新來港人才的溝通交流，了解其需求和期望，為其提供更好的發展環境和機會。 總括而言，在國家新一輪全面深化改革大潮中，香港獲得的機遇必會更多。唯有「識變、應變、求變」，才能掌握歷史主動，搶抓難得機遇。同樣，只有因應時勢改革創新、優化政策，深耕留住人才的沃土，才能使香港成為高端人才聚集高地，持續提升國際競爭力。（中通社資料圖）,positive,0.5,evaluative,0.6,positive,
chinese,hkcd,hkcd_10,2024-11-06,香港政府,特區政府,HK_ORG_2a,1,創新科技及工業局局長孫東11月5日(渥太華時間)到渥太華繼續訪問加拿大行程。 孫東在國會大廈出席由港加商會(渥太華分會)與投資推廣署合辦的全球健康與生命科學創新研討會，在發表主旨演講時表示，加拿大一直以來被視為是生命健康科學領域的強國，而香港也正積極發展成為國際創新科技中心。香港特區政府致力推動生命健康科技發展成其中一項具優勢和策略意義的科技產業。 孫東提出多項香港在發展生命健康科技上享有的重要優勢。香港的旗艦研發項目InnoHK已經與超過30所世界知名大學和研究機構建立合作關係，來自包括加拿大在內的12個經濟體，在InnoHK下成立了共29個研發實驗室，當中16個聚焦與生命健康相關科技。政府亦已推出60億元的資助計劃，支持本地大學設立生命健康研發院，以及30億元的前沿科技研究支援計劃，加快跨領域的研究。 「足夠的用地和完備的基礎設施對於創科的長遠發展同樣重要，我們將會在河套香港園區成立『生命健康創新科研中心 InnoLife Healthtech Hub』，以吸引全球頂尖研究團隊和人才，以及撥款20億港元支持InnoHK創新香港研發平台進駐河套，並撥出兩億港元在河套為生命健康科技初創企業提供孵化、加速計劃等支援。」孫東表示，新田科技城內將提供新增創科用地助力創科產業發展，與毗鄰的深圳科創園區產生協同效應。 他續說，在「一國兩制」下，香港享有背靠祖國、聯通世界的優勢，是連接內地和全球創科人才和企業的最佳平台。他深信除生命健康科技外，香港和加拿大還有很多雙邊合作的空間，例如綠色科技、可再生能源、環境保護及可持續發展等。 孫東亦在國會大廈與Canada-Hong Kong Parliamentary Friendship Group成員、加拿大參議員胡元豹；該組織主席、加拿大國會議員Greg McLean，以及國會議員Chandra Arya會面，就大家共同關注的議題作簡單交流，包括推動兩地在科學、創新和研究方面進一步合作，以及促進兩地的人文交流。 孫東亦拜會中國駐加拿大大使王鏑，向他介紹香港在推動建設為國際創科中心的進展，以及一直在融入國家的創科發展大局方面所作出的努力。孫東亦指出香港正因地制宜，大力發展新質生產力，包括完善新型工業發展策略和體制建設，以及加大創科產業投資。 孫東11月6日(多倫多時間)轉到滑鐵盧繼續訪問行程。 （圖源：政府新聞處）,positive,0.5,factual,0,positive,
chinese,hket,hket_01,2017-10-11,中央政府,中共,CN_ORG_2,1,中共十九大臨近，內地各地安保全面升級。廣州地鐵昨起分階段於所有車站實行「人過安檢門、物過安檢機」保安措施，部分車站排隊或超30分鐘。 在新疆，有當地公安局要求居民家中所有刀具必須實名認證；廣深等多地旅館被要求不准接待維吾爾族等少數民族人士。 為確保十九大期間不發生重大安全事件，內地各地安保陸續加強。廣州地鐵昨日（10日）開始，分三階段加強安檢，第一階段率先在紀念堂、公園前、廣州火車站、珠江新城、廈滘及天河客運站共6個車站加裝X光安檢機、安檢門、炸藥探測器、液體探測器、金屬探測儀等設備，乘客必須按照「人過安檢門、物過安檢機」的原則進出車站，以確保十九大期間不發生重大安全事件。 滬3大車站 實施「二次安檢」 廣州地鐵預料，由於車站的客流各有不同，安檢程序將帶來不同程度的影響，部分出入口排隊時間或超過30分鐘，龍尾甚至可能排至站外。 上海前日起至10月底，亦於3大火車站——上海站、上海虹橋站、上海南站實施「二次安檢」。對前往北京乘客的「票、證、人」一致性進行查驗，並規定必須通過人臉識別系統，才可進入候車室區。 此前，前往北京的公路已設有檢查站，所有外地登記汽車的乘客都需要下車，持身份證進入驗證大廳接受檢查。 而在維穩重點新疆，有網民上傳圖片指，新疆有公安局要求居民於10月5至8日期間，將家中所有利器，即菜刀、斧頭、鐵鍬、鋤頭、鋼管、鐵叉等打印上身份證號碼，每件收費4元人民幣，如被查獲未經印碼刀具，將一律沒收。 外媒報道指，今年9月，新疆阿克蘇市也曾下發類似通知，要求小區內每家每戶所有刀具刀刃超過10公分的，必須打上二維碼認證身份。報道指，新疆和靜縣公安局巴潤哈爾莫敦派出所近日已對9家肉類經銷攤販進行「刀具打碼」、掛鏈上鎖等檢查，3名違規商戶被處分行政拘留5至14天。 外媒：多地旅館 禁接待維族 另有外媒報道指，內地近日限制維吾爾族等少數民族入住酒店的規定更加嚴厲。河南鄭州一家商務旅館的服務員表示，他們自10月1日起停止接待少數民族旅客。廣州7天連鎖酒店接待員表示，暫不接待維吾爾族人。深圳一家酒店則因為接待一名維吾爾族人，被警方罰款1.5萬元。,neutral,0,factual,0,neutral,
chinese,hket,hket_01,2017-10-11,公安部,公安,CN_ORG_2,3,中共十九大臨近，內地各地安保全面升級。廣州地鐵昨起分階段於所有車站實行「人過安檢門、物過安檢機」保安措施，部分車站排隊或超30分鐘。 在新疆，有當地公安局要求居民家中所有刀具必須實名認證；廣深等多地旅館被要求不准接待維吾爾族等少數民族人士。 為確保十九大期間不發生重大安全事件，內地各地安保陸續加強。廣州地鐵昨日（10日）開始，分三階段加強安檢，第一階段率先在紀念堂、公園前、廣州火車站、珠江新城、廈滘及天河客運站共6個車站加裝X光安檢機、安檢門、炸藥探測器、液體探測器、金屬探測儀等設備，乘客必須按照「人過安檢門、物過安檢機」的原則進出車站，以確保十九大期間不發生重大安全事件。 滬3大車站 實施「二次安檢」 廣州地鐵預料，由於車站的客流各有不同，安檢程序將帶來不同程度的影響，部分出入口排隊時間或超過30分鐘，龍尾甚至可能排至站外。 上海前日起至10月底，亦於3大火車站——上海站、上海虹橋站、上海南站實施「二次安檢」。對前往北京乘客的「票、證、人」一致性進行查驗，並規定必須通過人臉識別系統，才可進入候車室區。 此前，前往北京的公路已設有檢查站，所有外地登記汽車的乘客都需要下車，持身份證進入驗證大廳接受檢查。 而在維穩重點新疆，有網民上傳圖片指，新疆有公安局要求居民於10月5至8日期間，將家中所有利器，即菜刀、斧頭、鐵鍬、鋤頭、鋼管、鐵叉等打印上身份證號碼，每件收費4元人民幣，如被查獲未經印碼刀具，將一律沒收。 外媒報道指，今年9月，新疆阿克蘇市也曾下發類似通知，要求小區內每家每戶所有刀具刀刃超過10公分的，必須打上二維碼認證身份。報道指，新疆和靜縣公安局巴潤哈爾莫敦派出所近日已對9家肉類經銷攤販進行「刀具打碼」、掛鏈上鎖等檢查，3名違規商戶被處分行政拘留5至14天。 外媒：多地旅館 禁接待維族 另有外媒報道指，內地近日限制維吾爾族等少數民族入住酒店的規定更加嚴厲。河南鄭州一家商務旅館的服務員表示，他們自10月1日起停止接待少數民族旅客。廣州7天連鎖酒店接待員表示，暫不接待維吾爾族人。深圳一家酒店則因為接待一名維吾爾族人，被警方罰款1.5萬元。,negative,-0.5,factual,0,negative,
chinese,hket,hket_01,2017-10-11,警隊,警方,HK_ORG_2a,1,中共十九大臨近，內地各地安保全面升級。廣州地鐵昨起分階段於所有車站實行「人過安檢門、物過安檢機」保安措施，部分車站排隊或超30分鐘。 在新疆，有當地公安局要求居民家中所有刀具必須實名認證；廣深等多地旅館被要求不准接待維吾爾族等少數民族人士。 為確保十九大期間不發生重大安全事件，內地各地安保陸續加強。廣州地鐵昨日（10日）開始，分三階段加強安檢，第一階段率先在紀念堂、公園前、廣州火車站、珠江新城、廈滘及天河客運站共6個車站加裝X光安檢機、安檢門、炸藥探測器、液體探測器、金屬探測儀等設備，乘客必須按照「人過安檢門、物過安檢機」的原則進出車站，以確保十九大期間不發生重大安全事件。 滬3大車站 實施「二次安檢」 廣州地鐵預料，由於車站的客流各有不同，安檢程序將帶來不同程度的影響，部分出入口排隊時間或超過30分鐘，龍尾甚至可能排至站外。 上海前日起至10月底，亦於3大火車站——上海站、上海虹橋站、上海南站實施「二次安檢」。對前往北京乘客的「票、證、人」一致性進行查驗，並規定必須通過人臉識別系統，才可進入候車室區。 此前，前往北京的公路已設有檢查站，所有外地登記汽車的乘客都需要下車，持身份證進入驗證大廳接受檢查。 而在維穩重點新疆，有網民上傳圖片指，新疆有公安局要求居民於10月5至8日期間，將家中所有利器，即菜刀、斧頭、鐵鍬、鋤頭、鋼管、鐵叉等打印上身份證號碼，每件收費4元人民幣，如被查獲未經印碼刀具，將一律沒收。 外媒報道指，今年9月，新疆阿克蘇市也曾下發類似通知，要求小區內每家每戶所有刀具刀刃超過10公分的，必須打上二維碼認證身份。報道指，新疆和靜縣公安局巴潤哈爾莫敦派出所近日已對9家肉類經銷攤販進行「刀具打碼」、掛鏈上鎖等檢查，3名違規商戶被處分行政拘留5至14天。 外媒：多地旅館 禁接待維族 另有外媒報道指，內地近日限制維吾爾族等少數民族入住酒店的規定更加嚴厲。河南鄭州一家商務旅館的服務員表示，他們自10月1日起停止接待少數民族旅客。廣州7天連鎖酒店接待員表示，暫不接待維吾爾族人。深圳一家酒店則因為接待一名維吾爾族人，被警方罰款1.5萬元。,neutral,0,factual,0,neutral,
chinese,hket,hket_02,2018-01-22,律政司,律政司,HK_ORG_2a,1,律政司司長鄭若驊表示，一地兩檢並非單純的法律問題，亦是民生問題，她認為一地兩檢安排有法律基礎，應能做到不違反基本法，但本港法院亦有權審核方案是否違反基本法。 鄭若驊昨日在電台節目上表示，明白社會關注一地兩檢本地立法時，香港法院能否審核有關條例，她認為，針對香港本地立法的部分，香港法院有權審核有關方案有否違反基本法，又認為「三步走」的第三步，即本地立法的最大困難，是要令市民及法律界明白一地兩檢的法律基礎。 方案是否違基本法 法院可審核 不過，在大律師公會改選以「票王」姿態當選執委的資深大律師駱應淦，在另一電視台訪問中表示，他出選的原因之一，是不滿高鐵一地兩檢的處理方法。他強調，法律界並非盲目反對高鐵，但認為中央及港府提出的推動就業、經濟效益等，都是不太相關的「虛泛」議題，不能解釋和說服大眾，為何在西九龍站實行中國法律，可過到基本法一關。 他認為，暫時未有一個既能守護法治、又可享有高鐵效益的一地兩檢完美方案，但強調大律師公會不會只作批評，不排除之後會約見鄭若驊，甚至直接向北京表達意見。,neutral,0,factual,0,neutral,
chinese,hket,hket_02,2018-01-22,鄭若驊,鄭若驊,HK_PERSON_1a,3,律政司司長鄭若驊表示，一地兩檢並非單純的法律問題，亦是民生問題，她認為一地兩檢安排有法律基礎，應能做到不違反基本法，但本港法院亦有權審核方案是否違反基本法。 鄭若驊昨日在電台節目上表示，明白社會關注一地兩檢本地立法時，香港法院能否審核有關條例，她認為，針對香港本地立法的部分，香港法院有權審核有關方案有否違反基本法，又認為「三步走」的第三步，即本地立法的最大困難，是要令市民及法律界明白一地兩檢的法律基礎。 方案是否違基本法 法院可審核 不過，在大律師公會改選以「票王」姿態當選執委的資深大律師駱應淦，在另一電視台訪問中表示，他出選的原因之一，是不滿高鐵一地兩檢的處理方法。他強調，法律界並非盲目反對高鐵，但認為中央及港府提出的推動就業、經濟效益等，都是不太相關的「虛泛」議題，不能解釋和說服大眾，為何在西九龍站實行中國法律，可過到基本法一關。 他認為，暫時未有一個既能守護法治、又可享有高鐵效益的一地兩檢完美方案，但強調大律師公會不會只作批評，不排除之後會約見鄭若驊，甚至直接向北京表達意見。,neutral,0,factual,0,neutral,
chinese,hket,hket_02,2018-01-22,香港政府,港府,HK_ORG_2a,1,律政司司長鄭若驊表示，一地兩檢並非單純的法律問題，亦是民生問題，她認為一地兩檢安排有法律基礎，應能做到不違反基本法，但本港法院亦有權審核方案是否違反基本法。 鄭若驊昨日在電台節目上表示，明白社會關注一地兩檢本地立法時，香港法院能否審核有關條例，她認為，針對香港本地立法的部分，香港法院有權審核有關方案有否違反基本法，又認為「三步走」的第三步，即本地立法的最大困難，是要令市民及法律界明白一地兩檢的法律基礎。 方案是否違基本法 法院可審核 不過，在大律師公會改選以「票王」姿態當選執委的資深大律師駱應淦，在另一電視台訪問中表示，他出選的原因之一，是不滿高鐵一地兩檢的處理方法。他強調，法律界並非盲目反對高鐵，但認為中央及港府提出的推動就業、經濟效益等，都是不太相關的「虛泛」議題，不能解釋和說服大眾，為何在西九龍站實行中國法律，可過到基本法一關。 他認為，暫時未有一個既能守護法治、又可享有高鐵效益的一地兩檢完美方案，但強調大律師公會不會只作批評，不排除之後會約見鄭若驊，甚至直接向北京表達意見。,neutral,0,factual,0,neutral,
chinese,hket,hket_03,2020-02-25,國務院,國務院,CN_ORG_2,1,新冠肺炎（武漢肺炎）疫情持續之際，中美角力亦升級。中國文化和旅遊部昨發布赴美旅遊安全提醒，指近期因美方過度防疫措施及美國內安全形勢，中國遊客在美屢遭不公平對待。當局提醒中國遊客提高安全防範意識，切勿赴美旅遊。 指華客屢遭不公對待 值得注意的是，內地爆發新冠肺炎疫情後，美國本月初已對中國「封關」，禁止14日內曾到過中國大陸的非美國公民或居民入境。中國外交部發言人華春瑩當時質疑美國反應過激，採取過度應對措施，顯然與世衞建議背道而馳。 中國多番指摘美國在疫情問題上的立場。美國國務院上月底對中國的旅遊警示，上調到最高級別的第四級「紅色」，呼籲美國人不要前往中國旅遊，中國外交部批評美國帶了一個很不好的頭，實在太不厚道。 另外，美國早已關閉駐武漢領事館，又用包機從武漢撤僑。美國3大航空公司暫停來往中港航班，聯合航空、美國航空和達美航空都表示，來往中國內地和香港的航班暫停，延期至4月下旬才復飛。 責任編輯：李勝君,neutral,0,evaluative,-0.6,neutral,
chinese,hket,hket_03,2020-02-25,外交部,外交部,CN_ORG_2,2,新冠肺炎（武漢肺炎）疫情持續之際，中美角力亦升級。中國文化和旅遊部昨發布赴美旅遊安全提醒，指近期因美方過度防疫措施及美國內安全形勢，中國遊客在美屢遭不公平對待。當局提醒中國遊客提高安全防範意識，切勿赴美旅遊。 指華客屢遭不公對待 值得注意的是，內地爆發新冠肺炎疫情後，美國本月初已對中國「封關」，禁止14日內曾到過中國大陸的非美國公民或居民入境。中國外交部發言人華春瑩當時質疑美國反應過激，採取過度應對措施，顯然與世衞建議背道而馳。 中國多番指摘美國在疫情問題上的立場。美國國務院上月底對中國的旅遊警示，上調到最高級別的第四級「紅色」，呼籲美國人不要前往中國旅遊，中國外交部批評美國帶了一個很不好的頭，實在太不厚道。 另外，美國早已關閉駐武漢領事館，又用包機從武漢撤僑。美國3大航空公司暫停來往中港航班，聯合航空、美國航空和達美航空都表示，來往中國內地和香港的航班暫停，延期至4月下旬才復飛。 責任編輯：李勝君,neutral,0,evaluative,0.2,neutral,
chinese,hket,hket_04,2021-04-23,中央政府,中國政府,CN_ORG_2,1,"美國國會參議院跨黨派合作，推進外交與技術投資兩大法案與中國全面競爭。其中，參議院外交關係委員會周三（21日）通過《2021戰略競爭法案》（Strategic Competition Act of 2021），聲言動員美國一切力量應對中國挑戰，涵蓋經濟、科技、軍事、人權層面。同時，兩黨議員提交《無盡前沿法案》（Endless Frontier Act）議案，促華府撥1,000億美元推動科技發展，加強與中國抗衡。 在北京，外交部發言人汪文斌敦促美方停止審議推進上述議案，以免對中美關係發展造成干擾危害。他反問美方：難道美國發展的目的就是要打敗中國？全國人大外事委員會斥法案充斥冷戰思維和意識形態偏見，表示強烈不滿和堅決反對。 稱動員一切力量 抗衡中國 美國參議院外交關係委員會當地時間周三（21日）以21對1票大比數通過《2021戰略競爭法案》，將交由參議院全體審議。 這項長達280頁的參議院議案旨在確保美國在未來幾十年中，有力量「在國家和國際力量的所有方面」與中國展開競爭，強化美國應對中國政府威脅的外交戰略，重申美國決心支持印太地區，以及世界各地的盟友和夥伴，要求美國重新確立在國際組織和其他多邊論壇中的領導地位。 美國兩黨議員21日又正式提出《無盡前沿法案》，呼籲政府未來5年投入1,000億美元，用於基礎、先進技術研究等科學領域，以便與中國競爭；法案還將授權另外100億美元，劃定至少10個地區技術中心，及制定應對供應鏈危機的計劃。預計參議院商務委員會下周討論該法案。 路透社報道指，這兩項議案都得到了兩黨的大力支持，預計最終將成為法律。在嚴重分裂的美國國會中，與中國打交道時採取強硬態度是為數不多的兩黨共識之一。 外交部發言人汪文斌昨在記者會上表示，有關法案嚴重歪曲事實、顛倒黑白，大肆鼓吹美國開展全面對華戰略競爭，粗暴干涉中國內政，中方對此強烈不滿、堅決反對。 他重申，中方致力於同美方發展不衝突、不對抗、相互尊重、合作共贏的關係；敦促美方重視中方關切，端正心態，理性看待中國和中美關係，停止審議推進上述議案，以免對中美關係發展造成干擾和危害。 人大：冷戰思維 意識形態偏見 汪文斌反問：「有關法案通篇拿中國說事，以中國為對手，難道美國發展的目的就是為了在競爭中打敗中國嗎？」 全國人大外事委員會發言人尤文澤回應表示，該法案充斥冷戰思維和意識形態偏見，肆意曲解、誣衊抹黑中國發展戰略和內外政策，粗暴干涉中國內政，用心險惡，損人害己，對此表示強烈不滿和堅決反對。 作者：蒯宇澄 責任編輯：李青",neutral,0,factual,0,neutral,
chinese,hket,hket_04,2021-04-23,全國人大,全國人大,CN_ORG_2,2,"美國國會參議院跨黨派合作，推進外交與技術投資兩大法案與中國全面競爭。其中，參議院外交關係委員會周三（21日）通過《2021戰略競爭法案》（Strategic Competition Act of 2021），聲言動員美國一切力量應對中國挑戰，涵蓋經濟、科技、軍事、人權層面。同時，兩黨議員提交《無盡前沿法案》（Endless Frontier Act）議案，促華府撥1,000億美元推動科技發展，加強與中國抗衡。 在北京，外交部發言人汪文斌敦促美方停止審議推進上述議案，以免對中美關係發展造成干擾危害。他反問美方：難道美國發展的目的就是要打敗中國？全國人大外事委員會斥法案充斥冷戰思維和意識形態偏見，表示強烈不滿和堅決反對。 稱動員一切力量 抗衡中國 美國參議院外交關係委員會當地時間周三（21日）以21對1票大比數通過《2021戰略競爭法案》，將交由參議院全體審議。 這項長達280頁的參議院議案旨在確保美國在未來幾十年中，有力量「在國家和國際力量的所有方面」與中國展開競爭，強化美國應對中國政府威脅的外交戰略，重申美國決心支持印太地區，以及世界各地的盟友和夥伴，要求美國重新確立在國際組織和其他多邊論壇中的領導地位。 美國兩黨議員21日又正式提出《無盡前沿法案》，呼籲政府未來5年投入1,000億美元，用於基礎、先進技術研究等科學領域，以便與中國競爭；法案還將授權另外100億美元，劃定至少10個地區技術中心，及制定應對供應鏈危機的計劃。預計參議院商務委員會下周討論該法案。 路透社報道指，這兩項議案都得到了兩黨的大力支持，預計最終將成為法律。在嚴重分裂的美國國會中，與中國打交道時採取強硬態度是為數不多的兩黨共識之一。 外交部發言人汪文斌昨在記者會上表示，有關法案嚴重歪曲事實、顛倒黑白，大肆鼓吹美國開展全面對華戰略競爭，粗暴干涉中國內政，中方對此強烈不滿、堅決反對。 他重申，中方致力於同美方發展不衝突、不對抗、相互尊重、合作共贏的關係；敦促美方重視中方關切，端正心態，理性看待中國和中美關係，停止審議推進上述議案，以免對中美關係發展造成干擾和危害。 人大：冷戰思維 意識形態偏見 汪文斌反問：「有關法案通篇拿中國說事，以中國為對手，難道美國發展的目的就是為了在競爭中打敗中國嗎？」 全國人大外事委員會發言人尤文澤回應表示，該法案充斥冷戰思維和意識形態偏見，肆意曲解、誣衊抹黑中國發展戰略和內外政策，粗暴干涉中國內政，用心險惡，損人害己，對此表示強烈不滿和堅決反對。 作者：蒯宇澄 責任編輯：李青",neutral,0,factual,0,neutral,
chinese,hket,hket_04,2021-04-23,外交部,外交部,CN_ORG_2,2,"美國國會參議院跨黨派合作，推進外交與技術投資兩大法案與中國全面競爭。其中，參議院外交關係委員會周三（21日）通過《2021戰略競爭法案》（Strategic Competition Act of 2021），聲言動員美國一切力量應對中國挑戰，涵蓋經濟、科技、軍事、人權層面。同時，兩黨議員提交《無盡前沿法案》（Endless Frontier Act）議案，促華府撥1,000億美元推動科技發展，加強與中國抗衡。 在北京，外交部發言人汪文斌敦促美方停止審議推進上述議案，以免對中美關係發展造成干擾危害。他反問美方：難道美國發展的目的就是要打敗中國？全國人大外事委員會斥法案充斥冷戰思維和意識形態偏見，表示強烈不滿和堅決反對。 稱動員一切力量 抗衡中國 美國參議院外交關係委員會當地時間周三（21日）以21對1票大比數通過《2021戰略競爭法案》，將交由參議院全體審議。 這項長達280頁的參議院議案旨在確保美國在未來幾十年中，有力量「在國家和國際力量的所有方面」與中國展開競爭，強化美國應對中國政府威脅的外交戰略，重申美國決心支持印太地區，以及世界各地的盟友和夥伴，要求美國重新確立在國際組織和其他多邊論壇中的領導地位。 美國兩黨議員21日又正式提出《無盡前沿法案》，呼籲政府未來5年投入1,000億美元，用於基礎、先進技術研究等科學領域，以便與中國競爭；法案還將授權另外100億美元，劃定至少10個地區技術中心，及制定應對供應鏈危機的計劃。預計參議院商務委員會下周討論該法案。 路透社報道指，這兩項議案都得到了兩黨的大力支持，預計最終將成為法律。在嚴重分裂的美國國會中，與中國打交道時採取強硬態度是為數不多的兩黨共識之一。 外交部發言人汪文斌昨在記者會上表示，有關法案嚴重歪曲事實、顛倒黑白，大肆鼓吹美國開展全面對華戰略競爭，粗暴干涉中國內政，中方對此強烈不滿、堅決反對。 他重申，中方致力於同美方發展不衝突、不對抗、相互尊重、合作共贏的關係；敦促美方重視中方關切，端正心態，理性看待中國和中美關係，停止審議推進上述議案，以免對中美關係發展造成干擾和危害。 人大：冷戰思維 意識形態偏見 汪文斌反問：「有關法案通篇拿中國說事，以中國為對手，難道美國發展的目的就是為了在競爭中打敗中國嗎？」 全國人大外事委員會發言人尤文澤回應表示，該法案充斥冷戰思維和意識形態偏見，肆意曲解、誣衊抹黑中國發展戰略和內外政策，粗暴干涉中國內政，用心險惡，損人害己，對此表示強烈不滿和堅決反對。 作者：蒯宇澄 責任編輯：李青",neutral,0,factual,0,neutral,
chinese,hket,hket_05,2024-07-15,香港政府,政府部門,HK_ORG_2a,1,"全球政經發展多變，發展創科可說是在不斷變幻中的硬道理。創新科技及工業局局長孫東接受專訪時表示：「中長期香港的經濟轉型，要靠創科。」 他回應「沒有AI政策的AI政策」論時指，香港有明確的AI發展政策，坦言做實事不用事先四處宣揚，俗稱「港版ChatGPT」的公務員文書輔助系統，就是好例子。 孫東表示，港版ChatGPT一定要做，並於去年尾已為所需算力做好準備。「別人不給我們就自己做，是自立自強的一個集中體現。靠別人，靠不了。」他更強調該大模型是100%香港製造，由科大及多所大學共同參與的「香港生成式人工智能研發中心」（HKGAI）主導研發。「實際上這是一個多模態的、基於混合專家模型（mixture of experts，MoE）架構的一個自主設計的基礎模型。」由於在香港製造，有地方知識和價值觀，且支持粵語口語，更可支援外國及國產的GPU。「現在只是一個基礎模型，最終要開發各種實際的應用，如法律、金融、教育等。現在這個也可以說是一個千億大模型，因為有千億的參數，到目前為止，它的訓練資料量已達到5T Token。」 港版ChatGPT 算力已做好準備 孫東稱上個月試用至今甚順利，已有百多人參與，目標今年內所有政府部門應用。「它不是一個簡單的用，它是一個反饋、改進、再開發的過程，透過反覆使用的過程中去訓練它。」同時，由於各部門有不同的要求，希望盡快推廣至各部門，有問題就改進，包括資料是否夠，在使用的過程中，逐步的完善系統。孫東指未來會開放給社會甚至商用，被問到能否3至5年內達成，他回應：「3年長了一點吧！」 孫東已上任2年，對於有評論指香港「沒有AI政策的AI政策」，他強調政府一直做很多工作，致力建造人工智能生態圈。「我天天把要做的東西講到外面去，那還能造成嗎？」他指AI發展政策包括政策、基建、技術及人才4方面。 政策方面，如數據引進、數據規管，去年還推出《香港促進數據流通及保障數據安全的政策宣言》，同時促進各局及部門之間的數據共享。基建方面，今年到明年，要在香港盡快構建5,000匹的算力，未來很快做到15,000匹算力。同時希望有大量的私人機構投資。「未來可能考慮其他地方的算力，我們都在盡力，數碼港的超算中心可作為代表。」 金融中心創科中心 相輔相成 技術方面，香港生成式人工智能研發中心正努力開發人工智能相關項目；港投公司（HKIC）投資的兩家企業，都跟人工智慧是有關係。至於人才方面，除了透過香港科技人才入境計劃引入不少AI人才，Inno Hong Kong創新平台現有29家平台研發中心，有15個是在機器人與人工智慧，僅這平台就滙聚了1,300名相關的科學研究工作。 孫東指出，現在社會各界也認為香港中長期的經濟轉型，要靠創科。「香港是金融城市，未來創科發展一定也非常重要。我相信金融中心和創科中心，兩者要相輔相成。」 作者：梁巧恩 責任編輯：賴偉雄",positive,0.5,factual,0,positive,
chinese,hket,hket_06,2025-02-12,國務院,國務院,CN_ORG_2,7,節後中央部門合作推動的首個行動，稱做「銀髮號啟程」，那是以增加旅遊列車來培育服務消費新增長點的行動計劃。 與之前國務院常務會議重點研究提振消費放到一起來看，顯示中央層面在提振消費的焦急和加碼。與之同時，有批評地方在擴內需、促消費方面不夠積極。 「銀髮號啟程」 涉12條具體舉措 所謂「銀髮號啟程」，是由商務部、文化旅遊部牽頭，9個單位合作制定的《關於增開銀髮旅遊列車促進服務消費發展的行動計劃》，11日對外公布。這一行動計劃關連着旅遊經濟、「銀髮經濟」，目標是擴大服務供給，積極培育服務消費新增長點。為此有鼓勵和支持各類社會資本參與銀髮旅遊列車投資和運營，提出12條具體舉措。 經濟界議論11日的「銀髮號啟程」，多聯想到10日召開的國務院常務會議，要進一步破解會議因何在此時要重點研究提振消費有關工作，這是因為這一屆政府任期，國務院常務會議已不是例會，而是有事才開、有問題要解決才開的會議。目前國務院高層的大事，就是準備好政府工作報告，備戰倒數20餘天的人大政協兩會。這時研究提振消費，就有加碼關注的意味。 有經濟學者認為，國務院常務會議重點研究提振消費，除了重申提振消費的重要意義，今次有三個提法，可能是要寫進政府工作報告的，一是提出「要切實轉變觀念，把提振消費擺到更加突出位置」；二是提出「要大力支持居民增收，促進工資性收入合理增長，拓寬財產性收入渠道」；三是具體到服務消費的「提質惠民」，以及在提振消費中特別注意「一老一小」。這些相關的提法，可能在政府工作報告中強調，在人大會議上和會後發酵。 國務院提振消費的提法容易理解，但因何在兩會倒數之期，要以國務院常務會議專門研究呢？ 地方會議 透出重生產輕消費 有意見認為來自兩個原因，一是1月的消費物價指數不理想，CPI按年增速反彈主要受春節錯位影響，且指數仍不算高；PPI按月下降，雖有春節、冬季的季節性因素，卻帶出了通縮的陰影。另一方面就是地方的兩套會議，透出重生產、輕消費的意思，這令中央有點着急。 所謂地方的兩套會議，說的是去年底到今年1月間，各省級地方的人大會議，以及春節之後省級地方的所謂「新春第一會」。 春節前省級地方人大會議全綫召開，當時留意的是地方報出的去年經濟增長數據，現在回看，更仔細注重31個省級地方披露的今年GDP目標增速。有學者拿數據來統計分析，證實總的加權平均值為5.3%，較2024年可比口徑下降超0.1個百分點，這與之前的展望有所不同。學者分析還留意到，地方普遍下調了CPI預期目標，多數省份下調為2%左右，有經濟大省提出「保持合理增長」的保守目標。 地方的兩套會議、兩種數據放到一起來看，就認為地方多數在經濟增長上較為保守，在發展方向仍一味重生產輕消費。所以不僅中央有點着急，經濟學家也急呼「消費不振是當前主要矛盾」。,neutral,0,evaluative,0.4,neutral,
chinese,hket,hket_07,2012-12-29,律政司,律政司,HK_ORG_2a,1,【本報訊】中大亞太研究所的調查顯示，3名司長12月的民望皆微升，惟獨特首梁振英下跌。 市民對特首梁振英12月的評分為48.9分，較11月下跌1.1分，重回不合格水平，並且接近9月份時的最低評分。 施政報告 扭轉劣勢之仗 中大亞太研究所認為，特首梁振英大宅僭建事件，令其民望再陷入谷底，即使他出席立法會答問大會，並且向市民道歉，亦無助提升其民望。 而特首梁振英若要扭轉劣勢，下月16日公布的施政報告將是重要一仗。 是次調查在本月18日至22日進行，以真人透過電話訪問了758人。在特首梁振英與3名司長民望方面，3位司長的評分都較上個月上升，只有特首梁振英民望下跌。 3司長升 林太評分最高 其中政務司司長林鄭月娥的評分最高，為60.4分，較上月微升1.2分；財政司司長曾俊華的評分為56.5分，微升1.2分；律政司司長袁國強的評分為51分，微升0.1分。 調查並顯示，近兩成人滿意特區政府的表現，較1個月前的調查微升0.8個百分點，不滿意的有3成半，較上月微跌0.1個百分點。 逾26%受訪者 信特區政府 受訪者對特首梁振英管治班子的評分為48.5分，升0.9個百分點。 超過兩成六受訪者表示信任特區政府，上升1.4個百分點；兩成半人表示信任北京政府，上升2.9個百分點。,neutral,0,factual,0,neutral,
chinese,hket,hket_07,2012-12-29,林鄭月娥,林鄭月娥,HK_PERSON_1a,1,【本報訊】中大亞太研究所的調查顯示，3名司長12月的民望皆微升，惟獨特首梁振英下跌。 市民對特首梁振英12月的評分為48.9分，較11月下跌1.1分，重回不合格水平，並且接近9月份時的最低評分。 施政報告 扭轉劣勢之仗 中大亞太研究所認為，特首梁振英大宅僭建事件，令其民望再陷入谷底，即使他出席立法會答問大會，並且向市民道歉，亦無助提升其民望。 而特首梁振英若要扭轉劣勢，下月16日公布的施政報告將是重要一仗。 是次調查在本月18日至22日進行，以真人透過電話訪問了758人。在特首梁振英與3名司長民望方面，3位司長的評分都較上個月上升，只有特首梁振英民望下跌。 3司長升 林太評分最高 其中政務司司長林鄭月娥的評分最高，為60.4分，較上月微升1.2分；財政司司長曾俊華的評分為56.5分，微升1.2分；律政司司長袁國強的評分為51分，微升0.1分。 調查並顯示，近兩成人滿意特區政府的表現，較1個月前的調查微升0.8個百分點，不滿意的有3成半，較上月微跌0.1個百分點。 逾26%受訪者 信特區政府 受訪者對特首梁振英管治班子的評分為48.5分，升0.9個百分點。 超過兩成六受訪者表示信任特區政府，上升1.4個百分點；兩成半人表示信任北京政府，上升2.9個百分點。,neutral,0,factual,0,neutral,
chinese,hket,hket_07,2012-12-29,梁振英,梁振英,HK_PERSON_1a,7,【本報訊】中大亞太研究所的調查顯示，3名司長12月的民望皆微升，惟獨特首梁振英下跌。 市民對特首梁振英12月的評分為48.9分，較11月下跌1.1分，重回不合格水平，並且接近9月份時的最低評分。 施政報告 扭轉劣勢之仗 中大亞太研究所認為，特首梁振英大宅僭建事件，令其民望再陷入谷底，即使他出席立法會答問大會，並且向市民道歉，亦無助提升其民望。 而特首梁振英若要扭轉劣勢，下月16日公布的施政報告將是重要一仗。 是次調查在本月18日至22日進行，以真人透過電話訪問了758人。在特首梁振英與3名司長民望方面，3位司長的評分都較上個月上升，只有特首梁振英民望下跌。 3司長升 林太評分最高 其中政務司司長林鄭月娥的評分最高，為60.4分，較上月微升1.2分；財政司司長曾俊華的評分為56.5分，微升1.2分；律政司司長袁國強的評分為51分，微升0.1分。 調查並顯示，近兩成人滿意特區政府的表現，較1個月前的調查微升0.8個百分點，不滿意的有3成半，較上月微跌0.1個百分點。 逾26%受訪者 信特區政府 受訪者對特首梁振英管治班子的評分為48.5分，升0.9個百分點。 超過兩成六受訪者表示信任特區政府，上升1.4個百分點；兩成半人表示信任北京政府，上升2.9個百分點。,negative,-0.5,factual,0,negative,
chinese,hket,hket_07,2012-12-29,香港政府,特區政府,HK_ORG_2a,3,【本報訊】中大亞太研究所的調查顯示，3名司長12月的民望皆微升，惟獨特首梁振英下跌。 市民對特首梁振英12月的評分為48.9分，較11月下跌1.1分，重回不合格水平，並且接近9月份時的最低評分。 施政報告 扭轉劣勢之仗 中大亞太研究所認為，特首梁振英大宅僭建事件，令其民望再陷入谷底，即使他出席立法會答問大會，並且向市民道歉，亦無助提升其民望。 而特首梁振英若要扭轉劣勢，下月16日公布的施政報告將是重要一仗。 是次調查在本月18日至22日進行，以真人透過電話訪問了758人。在特首梁振英與3名司長民望方面，3位司長的評分都較上個月上升，只有特首梁振英民望下跌。 3司長升 林太評分最高 其中政務司司長林鄭月娥的評分最高，為60.4分，較上月微升1.2分；財政司司長曾俊華的評分為56.5分，微升1.2分；律政司司長袁國強的評分為51分，微升0.1分。 調查並顯示，近兩成人滿意特區政府的表現，較1個月前的調查微升0.8個百分點，不滿意的有3成半，較上月微跌0.1個百分點。 逾26%受訪者 信特區政府 受訪者對特首梁振英管治班子的評分為48.5分，升0.9個百分點。 超過兩成六受訪者表示信任特區政府，上升1.4個百分點；兩成半人表示信任北京政府，上升2.9個百分點。,neutral,0,factual,0,neutral,
chinese,hket,hket_08,2015-09-21,民主黨,民主黨,HK_CONCEPT_5e,6,民主黨包括沙田區議員麥潤培等7名成員昨退黨，被問到會否擔心爆發退黨潮，民主黨主席劉慧卿回應指，黨員「要來則來，要走則走」，擔心都無用。 包括1現任沙田區議員 劉慧卿表示，之前略知有關黨員去意，尊重他們的決定，會交由黨中委處理。民主黨回應指，已知悉有關黨員退黨申請，仍須待中委會開會商討後決定。 民主黨今次退黨成員，包括早前不獲該黨新東支部推薦，出選年底區議會選舉的現任沙田區議員麥潤培、鄺智揚、鄺美娜、徐嘉輝、宋寶欣、李志宏及黃浩鋒。 他們在信中解釋，退黨是忙於地區和開拓網上工作，無暇兼顧黨務。他們並在信中，感謝多名民主黨成員，盼他日民主路上再見。 另外，11月區議會選舉的提名期，將下月2日開始，後佔領組織「青年新政」昨率先舉行誓師大會，宣布派9名成員參選。 青年新政派9人戰區選 青年新政最少有兩區與民主黨「撞區」，發言人周世傑指，相信市民厭倦只為選舉才落區的政黨。對於負責泛民區選協調的民主動力，早前形容青年新政既非建制又非泛民，召集人梁頌恆回應指「都可以話無錯」，因他們絕非建制，但亦不願走泛民政黨的舊路，強調他們有執政意志，不會只做反對黨。 青年新政宣布參選，旋即開始要計算選舉經費，但梁頌恆不擔心經費會超出每名候選人6萬元的上限，並指計劃每名候選人只會花1.5至2萬元。,neutral,0,factual,0,neutral,
chinese,hket,hket_09,2012-03-29,梁振英,梁振英,HK_PERSON_1a,3,"食衞局局長周一嶽昨表示，公院明年有可能只留位給本地孕婦產子，這與候任特首梁振英在政綱表明，公院明年不收雙非孕婦，不謀而合。據悉，醫管局已準備明年全面停收內地孕婦。 周一嶽：私院需再縮減配額 周一嶽昨於立法會上表示，因應本地孕婦的新生嬰兒數目近年持續增加，「明年醫管局有可能需要預留所有床位給本地孕婦」，私家醫院亦須進一步縮減內地孕婦的配額。政府消息稱，港府不排除明年全面停收內地孕婦。 據悉，周一嶽已要求有關方面作準備，明年公院可能一個內地孕婦也不收。當局須在下月前作決定，因為公院到時已須開始接受明年1月分娩的個案。 候任特首梁振英已在政綱表明，公院明年應停收雙非內地孕婦，但沒有說不收單非。 醫管局婦產科中央統籌委員會主席、威爾斯醫院婦產科部門主管張德康指，沒有收到醫管局總部正式通知公院明年全面停收內地孕婦的要求。 張認為，如公院完全不收內地孕婦，對培訓婦產科醫生有一定影響，尤其港島兩間產科公院，當中又以東區一年僅有2,500名本地孕婦受影響最大，兩院產科可能有需要合併。 停收雙非 與梁振英政綱脗合 不過，張指梁的政綱明言公院只是停收雙非內地孕婦，如公院仍維持接收單非，則對培訓不會有大影響。 「局長認為要分（單雙非）好困難，但我們不認為，生仔其實要8、9個月時間，政府起碼有半年以上時間去審查單非夫婦關係是否合法，如果因為這樣而去假結婚，相信個案很少。」張德康說。 倡只收單非 市民政府雙贏 張又指，如公院收單非，不但不影響培訓，單非亦不用到私院捱貴價服務，加上政府決定減少私院內地孕婦名額，「人少了，私院就要減價，到時港人去私院就不用那麼貴，受惠便是全港巿民﹗」 facebook「反對內地孕婦來港產子，十萬人like俾政府睇」群組成員李太指，贊成公院停收內地孕婦，但私院配額未減，政府仍未能根治問題，她認為當局應制定全面人口及入境政策，「這不單是數字問題，而是政府在學額、房屋、福利等方面有何配套。」 政務司司長林瑞麟昨在立法會上表示，目前針對遏止內地孕婦非法闖關的行政措施取得成效，但他同意在有需要時，會考慮推出其他措施；而人口政策督導委員會今年第2季內會就整體人口政策發表報告，屆時會對內地孕婦問題作進一步交代。",neutral,0,factual,0,neutral,
chinese,hket,hket_09,2012-03-29,香港政府,港府,HK_ORG_2a,1,"食衞局局長周一嶽昨表示，公院明年有可能只留位給本地孕婦產子，這與候任特首梁振英在政綱表明，公院明年不收雙非孕婦，不謀而合。據悉，醫管局已準備明年全面停收內地孕婦。 周一嶽：私院需再縮減配額 周一嶽昨於立法會上表示，因應本地孕婦的新生嬰兒數目近年持續增加，「明年醫管局有可能需要預留所有床位給本地孕婦」，私家醫院亦須進一步縮減內地孕婦的配額。政府消息稱，港府不排除明年全面停收內地孕婦。 據悉，周一嶽已要求有關方面作準備，明年公院可能一個內地孕婦也不收。當局須在下月前作決定，因為公院到時已須開始接受明年1月分娩的個案。 候任特首梁振英已在政綱表明，公院明年應停收雙非內地孕婦，但沒有說不收單非。 醫管局婦產科中央統籌委員會主席、威爾斯醫院婦產科部門主管張德康指，沒有收到醫管局總部正式通知公院明年全面停收內地孕婦的要求。 張認為，如公院完全不收內地孕婦，對培訓婦產科醫生有一定影響，尤其港島兩間產科公院，當中又以東區一年僅有2,500名本地孕婦受影響最大，兩院產科可能有需要合併。 停收雙非 與梁振英政綱脗合 不過，張指梁的政綱明言公院只是停收雙非內地孕婦，如公院仍維持接收單非，則對培訓不會有大影響。 「局長認為要分（單雙非）好困難，但我們不認為，生仔其實要8、9個月時間，政府起碼有半年以上時間去審查單非夫婦關係是否合法，如果因為這樣而去假結婚，相信個案很少。」張德康說。 倡只收單非 市民政府雙贏 張又指，如公院收單非，不但不影響培訓，單非亦不用到私院捱貴價服務，加上政府決定減少私院內地孕婦名額，「人少了，私院就要減價，到時港人去私院就不用那麼貴，受惠便是全港巿民﹗」 facebook「反對內地孕婦來港產子，十萬人like俾政府睇」群組成員李太指，贊成公院停收內地孕婦，但私院配額未減，政府仍未能根治問題，她認為當局應制定全面人口及入境政策，「這不單是數字問題，而是政府在學額、房屋、福利等方面有何配套。」 政務司司長林瑞麟昨在立法會上表示，目前針對遏止內地孕婦非法闖關的行政措施取得成效，但他同意在有需要時，會考慮推出其他措施；而人口政策督導委員會今年第2季內會就整體人口政策發表報告，屆時會對內地孕婦問題作進一步交代。",neutral,0,factual,0,neutral,
chinese,hket,hket_10,2012-05-31,曾蔭權,曾蔭權,HK_PERSON_1a,1,港府昨發表人口政策報告，市民焦點集中於雙非，惟此僅是社會陣痛，本港勞動力快將減少，令經濟決乏動力才是真正急迫難題。港府要設法吸引人才、鼓勵生育，為長遠發展既輸血又造血，候任特首梁振英須盡速提出對策。 八年後勞力減 恐蹈日本覆轍 港人因雙非將衝擊本港教育與學額，故高度關注雙非問題，惟梁振英已叫停雙非產子配額，故這已成可處理、承受陣痛，未對香港造成長遠影響，真正堪憂是報告指出本港勞動人口將在二○二○年、即八年後出現負增長。 一個港人熟悉的前車之鑑，就是日本。日本人口早已開始老化，更於○五年開始人口負增長，年輕人力短缺日益嚴重，令日本在九十年代初泡沫爆破後一直缺乏動力擺脫不景泥淖，陷入長逾二十年的迷失年代，現仍未見曙光。 香港要免蹈此覆轍，就須盡早行動。人口報告雖提出延長退休年齡，惟此僅能暫延問題，不斷注入新血才是提供持續發展動力之道。 一個注入新血的即時做法，是「輸血」即輸入人才。 惟人口老化已是全球問題，發達國家都在通過吸引優秀移民爭逐人才，香港雖有輸入專才計劃，惟缺乏通盤考慮，在規模與推進本港產業上仍只屬聊勝於無。港府須全面檢討移民政策，更具規模地吸引所需人才來港，亦不能只着眼內地，而是能全球人才都能為香港所用。 港府須留意的是，在吸引人才之時要做好社會共榮，免像新加坡般雖成功吸納大量優秀人才，卻因貧富差距擴大，當地人產生排外情緒，再加上外圍經濟衝擊，令新加坡政府○九年被迫在移民政策開倒車。 「輸血」吸納人才 「造血」鼓勵生育 此外，「輸血」亦只能起救急的治標作用，治本是「造血」即鼓勵港人生兒育女。此最重要是能營造對生子育兒與家庭友善的環境，包括提高子女免稅額、增加產假和男士侍產假、辦好教育與託兒服務，以致改善居住環境等各方面。 試問，特首曾蔭權鼓勵每個家庭生三個，但在高樓價、高租金、高生活成本、長工時下，多少市民有能力、有勇氣生三個？ 但上述種種政策，既涉政府開支、納稅人負擔，又影響營商成本，有相當爭議，港府應盡早和市民溝通，尋求共識。 解決勞動力減少的問題已時間無多，造血與輸血政策又極具爭議，梁振英必須在未來一兩年內拿出解決方案，與市民一起面對，解決此影響長遠經濟與民生的大難題。,negative,-0.5,evaluative,-0.3,negative,
chinese,hket,hket_10,2012-05-31,梁振英,梁振英,HK_PERSON_1a,3,港府昨發表人口政策報告，市民焦點集中於雙非，惟此僅是社會陣痛，本港勞動力快將減少，令經濟決乏動力才是真正急迫難題。港府要設法吸引人才、鼓勵生育，為長遠發展既輸血又造血，候任特首梁振英須盡速提出對策。 八年後勞力減 恐蹈日本覆轍 港人因雙非將衝擊本港教育與學額，故高度關注雙非問題，惟梁振英已叫停雙非產子配額，故這已成可處理、承受陣痛，未對香港造成長遠影響，真正堪憂是報告指出本港勞動人口將在二○二○年、即八年後出現負增長。 一個港人熟悉的前車之鑑，就是日本。日本人口早已開始老化，更於○五年開始人口負增長，年輕人力短缺日益嚴重，令日本在九十年代初泡沫爆破後一直缺乏動力擺脫不景泥淖，陷入長逾二十年的迷失年代，現仍未見曙光。 香港要免蹈此覆轍，就須盡早行動。人口報告雖提出延長退休年齡，惟此僅能暫延問題，不斷注入新血才是提供持續發展動力之道。 一個注入新血的即時做法，是「輸血」即輸入人才。 惟人口老化已是全球問題，發達國家都在通過吸引優秀移民爭逐人才，香港雖有輸入專才計劃，惟缺乏通盤考慮，在規模與推進本港產業上仍只屬聊勝於無。港府須全面檢討移民政策，更具規模地吸引所需人才來港，亦不能只着眼內地，而是能全球人才都能為香港所用。 港府須留意的是，在吸引人才之時要做好社會共榮，免像新加坡般雖成功吸納大量優秀人才，卻因貧富差距擴大，當地人產生排外情緒，再加上外圍經濟衝擊，令新加坡政府○九年被迫在移民政策開倒車。 「輸血」吸納人才 「造血」鼓勵生育 此外，「輸血」亦只能起救急的治標作用，治本是「造血」即鼓勵港人生兒育女。此最重要是能營造對生子育兒與家庭友善的環境，包括提高子女免稅額、增加產假和男士侍產假、辦好教育與託兒服務，以致改善居住環境等各方面。 試問，特首曾蔭權鼓勵每個家庭生三個，但在高樓價、高租金、高生活成本、長工時下，多少市民有能力、有勇氣生三個？ 但上述種種政策，既涉政府開支、納稅人負擔，又影響營商成本，有相當爭議，港府應盡早和市民溝通，尋求共識。 解決勞動力減少的問題已時間無多，造血與輸血政策又極具爭議，梁振英必須在未來一兩年內拿出解決方案，與市民一起面對，解決此影響長遠經濟與民生的大難題。,neutral,0,evaluative,0.2,neutral,
chinese,hket,hket_10,2012-05-31,香港政府,港府,HK_ORG_2a,5,港府昨發表人口政策報告，市民焦點集中於雙非，惟此僅是社會陣痛，本港勞動力快將減少，令經濟決乏動力才是真正急迫難題。港府要設法吸引人才、鼓勵生育，為長遠發展既輸血又造血，候任特首梁振英須盡速提出對策。 八年後勞力減 恐蹈日本覆轍 港人因雙非將衝擊本港教育與學額，故高度關注雙非問題，惟梁振英已叫停雙非產子配額，故這已成可處理、承受陣痛，未對香港造成長遠影響，真正堪憂是報告指出本港勞動人口將在二○二○年、即八年後出現負增長。 一個港人熟悉的前車之鑑，就是日本。日本人口早已開始老化，更於○五年開始人口負增長，年輕人力短缺日益嚴重，令日本在九十年代初泡沫爆破後一直缺乏動力擺脫不景泥淖，陷入長逾二十年的迷失年代，現仍未見曙光。 香港要免蹈此覆轍，就須盡早行動。人口報告雖提出延長退休年齡，惟此僅能暫延問題，不斷注入新血才是提供持續發展動力之道。 一個注入新血的即時做法，是「輸血」即輸入人才。 惟人口老化已是全球問題，發達國家都在通過吸引優秀移民爭逐人才，香港雖有輸入專才計劃，惟缺乏通盤考慮，在規模與推進本港產業上仍只屬聊勝於無。港府須全面檢討移民政策，更具規模地吸引所需人才來港，亦不能只着眼內地，而是能全球人才都能為香港所用。 港府須留意的是，在吸引人才之時要做好社會共榮，免像新加坡般雖成功吸納大量優秀人才，卻因貧富差距擴大，當地人產生排外情緒，再加上外圍經濟衝擊，令新加坡政府○九年被迫在移民政策開倒車。 「輸血」吸納人才 「造血」鼓勵生育 此外，「輸血」亦只能起救急的治標作用，治本是「造血」即鼓勵港人生兒育女。此最重要是能營造對生子育兒與家庭友善的環境，包括提高子女免稅額、增加產假和男士侍產假、辦好教育與託兒服務，以致改善居住環境等各方面。 試問，特首曾蔭權鼓勵每個家庭生三個，但在高樓價、高租金、高生活成本、長工時下，多少市民有能力、有勇氣生三個？ 但上述種種政策，既涉政府開支、納稅人負擔，又影響營商成本，有相當爭議，港府應盡早和市民溝通，尋求共識。 解決勞動力減少的問題已時間無多，造血與輸血政策又極具爭議，梁振英必須在未來一兩年內拿出解決方案，與市民一起面對，解決此影響長遠經濟與民生的大難題。,neutral,0,evaluative,0.3,neutral,
chinese,kung_kao_po,kkp_01,2011-06-22,六四,六四,CN_EVENT_3,2,儘管今年維園六四燭光晚會和平進行，並無絲毫暴力，但是警方處理人流措施卻惹起社會人士熱烈議論，到底警方有否尊重數以萬計參加者的權利。 今年警方再度將出席人數減半；除此之外，有市民投訴當晚遭警方阻撓，以致未能進入維園，影響出席人數。近年來，社會輿論已經不斷質疑，政府處理政治集會或市民公開表達意見的手法，含有政治考慮和打壓政治動機。今年維園六四燭光晚會事件又成了另一個例證。 民間人權陣線表示，過去數年，警方在政治集會逮捕參加者的數字一直上升，其中二〇一〇年記錄到的數字明顯增加，而今年頭六個月的數字更大幅急升。更值得關注的是，這個人權監察組織表示，當局成功檢控的比率一直下降。該組織特別指出，當局在檢控集會人士時，倘若有選擇的話，就會傾向選擇檢控較嚴重的罪行。 二〇〇七年，這方面定罪的比率只有三成二，而本港法院定罪的平均比率整體為七成六。這數字不禁使人質疑，警方檢控集會人士到底是根據他們的行動還是出於某些動機。 再者，有關人士在等候檢控期間必須定期向警方報到的做法，被形容為是控制他們活動和行動的鬼祟手法。 這不僅並非是維持治安的良方，而且違背國家維護公共利益的基本責任，因為只有在個人人權受到尊重時，公共利益才能得到保障。 當局的做法倒是仿效亞里士多德所提出的過時理論：一個人要通過整個群體的發展才能發展自己的潛能。雖然這個論點有可取之處，但是亞里士多德卻認為，領袖是給群體作出決定的最佳人選。然而，在現代社會，富有革新精神的個人才能促成轉變。 亞里士多德理論隱含的假設是，個人盲目追求自己的某些利益，以及忘卻整體人類的需要。 在《第三個千禧年的使命》（Mission in the Third Millennium）一書中，德國籍神學教授伯多祿·許納曼（Peter Hünermann）撰文指出，今天，個人在生活中有可能創造自己的角色和行為模式。他說：「要是有人試圖強迫個人跟隨全體的指令，個人就會竭盡全力去反抗，因為現代思想認為，這樣危害了不可侵犯的人性尊嚴，同時也不尊重人權。」 他指出，雖然公共利益極度重要，但卻不能蔑視個人權利，反而要受到個人應享權利的限制。這有助維護個人免受國家安全法的侵犯，免得以維護公共利益為由，而無限制的侵犯個人的自由理想。 那些為反對這種社會趨勢而抗爭的人士值得我們支持，因為他們在壓制和無政府主義之間爭取自由。這場戰爭漫長而艱巨，因為即使只是在人類發展歷史中佔有一小丁點位置，人類也要付出重大的犧牲。,positive,0.5,evaluative,0.7,positive,
chinese,kung_kao_po,kkp_01,2011-06-22,示威,集會,HK_CONCEPT_5d,4,儘管今年維園六四燭光晚會和平進行，並無絲毫暴力，但是警方處理人流措施卻惹起社會人士熱烈議論，到底警方有否尊重數以萬計參加者的權利。 今年警方再度將出席人數減半；除此之外，有市民投訴當晚遭警方阻撓，以致未能進入維園，影響出席人數。近年來，社會輿論已經不斷質疑，政府處理政治集會或市民公開表達意見的手法，含有政治考慮和打壓政治動機。今年維園六四燭光晚會事件又成了另一個例證。 民間人權陣線表示，過去數年，警方在政治集會逮捕參加者的數字一直上升，其中二〇一〇年記錄到的數字明顯增加，而今年頭六個月的數字更大幅急升。更值得關注的是，這個人權監察組織表示，當局成功檢控的比率一直下降。該組織特別指出，當局在檢控集會人士時，倘若有選擇的話，就會傾向選擇檢控較嚴重的罪行。 二〇〇七年，這方面定罪的比率只有三成二，而本港法院定罪的平均比率整體為七成六。這數字不禁使人質疑，警方檢控集會人士到底是根據他們的行動還是出於某些動機。 再者，有關人士在等候檢控期間必須定期向警方報到的做法，被形容為是控制他們活動和行動的鬼祟手法。 這不僅並非是維持治安的良方，而且違背國家維護公共利益的基本責任，因為只有在個人人權受到尊重時，公共利益才能得到保障。 當局的做法倒是仿效亞里士多德所提出的過時理論：一個人要通過整個群體的發展才能發展自己的潛能。雖然這個論點有可取之處，但是亞里士多德卻認為，領袖是給群體作出決定的最佳人選。然而，在現代社會，富有革新精神的個人才能促成轉變。 亞里士多德理論隱含的假設是，個人盲目追求自己的某些利益，以及忘卻整體人類的需要。 在《第三個千禧年的使命》（Mission in the Third Millennium）一書中，德國籍神學教授伯多祿·許納曼（Peter Hünermann）撰文指出，今天，個人在生活中有可能創造自己的角色和行為模式。他說：「要是有人試圖強迫個人跟隨全體的指令，個人就會竭盡全力去反抗，因為現代思想認為，這樣危害了不可侵犯的人性尊嚴，同時也不尊重人權。」 他指出，雖然公共利益極度重要，但卻不能蔑視個人權利，反而要受到個人應享權利的限制。這有助維護個人免受國家安全法的侵犯，免得以維護公共利益為由，而無限制的侵犯個人的自由理想。 那些為反對這種社會趨勢而抗爭的人士值得我們支持，因為他們在壓制和無政府主義之間爭取自由。這場戰爭漫長而艱巨，因為即使只是在人類發展歷史中佔有一小丁點位置，人類也要付出重大的犧牲。,positive,0.5,evaluative,0.7,positive,
chinese,kung_kao_po,kkp_01,2011-06-22,警隊,警方,HK_ORG_2a,7,儘管今年維園六四燭光晚會和平進行，並無絲毫暴力，但是警方處理人流措施卻惹起社會人士熱烈議論，到底警方有否尊重數以萬計參加者的權利。 今年警方再度將出席人數減半；除此之外，有市民投訴當晚遭警方阻撓，以致未能進入維園，影響出席人數。近年來，社會輿論已經不斷質疑，政府處理政治集會或市民公開表達意見的手法，含有政治考慮和打壓政治動機。今年維園六四燭光晚會事件又成了另一個例證。 民間人權陣線表示，過去數年，警方在政治集會逮捕參加者的數字一直上升，其中二〇一〇年記錄到的數字明顯增加，而今年頭六個月的數字更大幅急升。更值得關注的是，這個人權監察組織表示，當局成功檢控的比率一直下降。該組織特別指出，當局在檢控集會人士時，倘若有選擇的話，就會傾向選擇檢控較嚴重的罪行。 二〇〇七年，這方面定罪的比率只有三成二，而本港法院定罪的平均比率整體為七成六。這數字不禁使人質疑，警方檢控集會人士到底是根據他們的行動還是出於某些動機。 再者，有關人士在等候檢控期間必須定期向警方報到的做法，被形容為是控制他們活動和行動的鬼祟手法。 這不僅並非是維持治安的良方，而且違背國家維護公共利益的基本責任，因為只有在個人人權受到尊重時，公共利益才能得到保障。 當局的做法倒是仿效亞里士多德所提出的過時理論：一個人要通過整個群體的發展才能發展自己的潛能。雖然這個論點有可取之處，但是亞里士多德卻認為，領袖是給群體作出決定的最佳人選。然而，在現代社會，富有革新精神的個人才能促成轉變。 亞里士多德理論隱含的假設是，個人盲目追求自己的某些利益，以及忘卻整體人類的需要。 在《第三個千禧年的使命》（Mission in the Third Millennium）一書中，德國籍神學教授伯多祿·許納曼（Peter Hünermann）撰文指出，今天，個人在生活中有可能創造自己的角色和行為模式。他說：「要是有人試圖強迫個人跟隨全體的指令，個人就會竭盡全力去反抗，因為現代思想認為，這樣危害了不可侵犯的人性尊嚴，同時也不尊重人權。」 他指出，雖然公共利益極度重要，但卻不能蔑視個人權利，反而要受到個人應享權利的限制。這有助維護個人免受國家安全法的侵犯，免得以維護公共利益為由，而無限制的侵犯個人的自由理想。 那些為反對這種社會趨勢而抗爭的人士值得我們支持，因為他們在壓制和無政府主義之間爭取自由。這場戰爭漫長而艱巨，因為即使只是在人類發展歷史中佔有一小丁點位置，人類也要付出重大的犧牲。,negative,-0.5,evaluative,-0.8,negative,
chinese,kung_kao_po,kkp_02,2011-08-19,中央政府,中國政府,CN_ORG_2,3,隨著中國山東省四名神父於八月三日被公安關押，顯示中國政府有意繼續控制教會事務。 羅馬《亞洲新聞》報導，謂這四名來自地下教會的神父深夜被捕後，被關押在看守所超過二十四小時不讓睡覺、吃飯喝水。據悉他們被捕是為了他們拒絕簽字加入中國天主教愛國會。中國當局成立愛國會，是為了控制國內一切的教會活動。 近日，政府嚴厲打壓沒有正式登記的地下教會。再者，政府持續鎮壓家庭教會，並一而再祝聖愈來愈多主教；部份非法祝聖的主教根本不獲教廷批准，導致他們與梵蒂岡之間出現直接衝突，甚至受到自科絕罰。 然而，在過去七個月內，宗教並非接連遭受壓迫的唯一社會界別。根據國際特赦組織六月三十日發表的一份報告顯示，在這段日子，已有近一百五十名人權律師或失蹤、或被囚、或遭軟禁。香港立法會議員何俊仁律師在出席報告發佈會時表示，北京政府目前向一切被視為對共產黨管治有威脅的人士加劇打壓。 可是，他認為，我們應對中國抱有希望。他指出，雖然當局加劇迫害，但是人權律師在維權工作方面取得進展。他們接受過良好的專業訓練、了解自己從事人權工作的範圍、知道該影響哪些人以及如何著手，還有，知道怎樣應對地方媒體。他又說，儘管人權律師遭受中國當局打壓，但是仍有許多年輕律師加入從事維權工作。他們學會在危險的工作中小心保護自己。 一名在中國工作的傳教士表示，他認為中國教會的一個希望是依然有人繼續努力爭取；天主教徒，從教友到主教都敢於以中國式的方法面對中國式迫害的現實。 不過，何俊仁慨嘆中國人權狀況未來依然困難重重的同時，亦提醒我們，勝利並非垂手可得。他說，中國教會像人權律師和維權人士一樣，亦需要普世教會的支持，也許需要的支持比以前更大。 面對表面上牢不可破的中國長城，何俊仁認為，中國並非像官員所想的自給自足，因為中國像所有人一樣，都要依賴國際貿易和合約，方可生存下去。他指出，雖然中國裝成一座獨立自主的城堡，但現實卻是，中國一如其他國家般脆弱，所以北京當局沒有就邊境威脅問題主動出擊。他引述一些例子，說明中國政府在內部事務方面，曾經屈服於國際壓力。他認為，儘管中國政府必須自己尋求解決方法，但是國際聲音並非全無作用。 何俊仁的言論讓我們看到教會的希望。由於中國相當在意外國評論，因此國際教會應該繼續向北京政府施壓，以及游說人權組織和外國政府這樣做。,negative,-0.5,evaluative,-0.8,negative,
chinese,kung_kao_po,kkp_02,2011-08-19,公安部,公安,CN_ORG_2,1,隨著中國山東省四名神父於八月三日被公安關押，顯示中國政府有意繼續控制教會事務。 羅馬《亞洲新聞》報導，謂這四名來自地下教會的神父深夜被捕後，被關押在看守所超過二十四小時不讓睡覺、吃飯喝水。據悉他們被捕是為了他們拒絕簽字加入中國天主教愛國會。中國當局成立愛國會，是為了控制國內一切的教會活動。 近日，政府嚴厲打壓沒有正式登記的地下教會。再者，政府持續鎮壓家庭教會，並一而再祝聖愈來愈多主教；部份非法祝聖的主教根本不獲教廷批准，導致他們與梵蒂岡之間出現直接衝突，甚至受到自科絕罰。 然而，在過去七個月內，宗教並非接連遭受壓迫的唯一社會界別。根據國際特赦組織六月三十日發表的一份報告顯示，在這段日子，已有近一百五十名人權律師或失蹤、或被囚、或遭軟禁。香港立法會議員何俊仁律師在出席報告發佈會時表示，北京政府目前向一切被視為對共產黨管治有威脅的人士加劇打壓。 可是，他認為，我們應對中國抱有希望。他指出，雖然當局加劇迫害，但是人權律師在維權工作方面取得進展。他們接受過良好的專業訓練、了解自己從事人權工作的範圍、知道該影響哪些人以及如何著手，還有，知道怎樣應對地方媒體。他又說，儘管人權律師遭受中國當局打壓，但是仍有許多年輕律師加入從事維權工作。他們學會在危險的工作中小心保護自己。 一名在中國工作的傳教士表示，他認為中國教會的一個希望是依然有人繼續努力爭取；天主教徒，從教友到主教都敢於以中國式的方法面對中國式迫害的現實。 不過，何俊仁慨嘆中國人權狀況未來依然困難重重的同時，亦提醒我們，勝利並非垂手可得。他說，中國教會像人權律師和維權人士一樣，亦需要普世教會的支持，也許需要的支持比以前更大。 面對表面上牢不可破的中國長城，何俊仁認為，中國並非像官員所想的自給自足，因為中國像所有人一樣，都要依賴國際貿易和合約，方可生存下去。他指出，雖然中國裝成一座獨立自主的城堡，但現實卻是，中國一如其他國家般脆弱，所以北京當局沒有就邊境威脅問題主動出擊。他引述一些例子，說明中國政府在內部事務方面，曾經屈服於國際壓力。他認為，儘管中國政府必須自己尋求解決方法，但是國際聲音並非全無作用。 何俊仁的言論讓我們看到教會的希望。由於中國相當在意外國評論，因此國際教會應該繼續向北京政府施壓，以及游說人權組織和外國政府這樣做。,negative,-0.5,evaluative,-0.8,negative,
chinese,kung_kao_po,kkp_02,2011-08-19,共產黨,共產黨,CN_CONCEPT_5,1,隨著中國山東省四名神父於八月三日被公安關押，顯示中國政府有意繼續控制教會事務。 羅馬《亞洲新聞》報導，謂這四名來自地下教會的神父深夜被捕後，被關押在看守所超過二十四小時不讓睡覺、吃飯喝水。據悉他們被捕是為了他們拒絕簽字加入中國天主教愛國會。中國當局成立愛國會，是為了控制國內一切的教會活動。 近日，政府嚴厲打壓沒有正式登記的地下教會。再者，政府持續鎮壓家庭教會，並一而再祝聖愈來愈多主教；部份非法祝聖的主教根本不獲教廷批准，導致他們與梵蒂岡之間出現直接衝突，甚至受到自科絕罰。 然而，在過去七個月內，宗教並非接連遭受壓迫的唯一社會界別。根據國際特赦組織六月三十日發表的一份報告顯示，在這段日子，已有近一百五十名人權律師或失蹤、或被囚、或遭軟禁。香港立法會議員何俊仁律師在出席報告發佈會時表示，北京政府目前向一切被視為對共產黨管治有威脅的人士加劇打壓。 可是，他認為，我們應對中國抱有希望。他指出，雖然當局加劇迫害，但是人權律師在維權工作方面取得進展。他們接受過良好的專業訓練、了解自己從事人權工作的範圍、知道該影響哪些人以及如何著手，還有，知道怎樣應對地方媒體。他又說，儘管人權律師遭受中國當局打壓，但是仍有許多年輕律師加入從事維權工作。他們學會在危險的工作中小心保護自己。 一名在中國工作的傳教士表示，他認為中國教會的一個希望是依然有人繼續努力爭取；天主教徒，從教友到主教都敢於以中國式的方法面對中國式迫害的現實。 不過，何俊仁慨嘆中國人權狀況未來依然困難重重的同時，亦提醒我們，勝利並非垂手可得。他說，中國教會像人權律師和維權人士一樣，亦需要普世教會的支持，也許需要的支持比以前更大。 面對表面上牢不可破的中國長城，何俊仁認為，中國並非像官員所想的自給自足，因為中國像所有人一樣，都要依賴國際貿易和合約，方可生存下去。他指出，雖然中國裝成一座獨立自主的城堡，但現實卻是，中國一如其他國家般脆弱，所以北京當局沒有就邊境威脅問題主動出擊。他引述一些例子，說明中國政府在內部事務方面，曾經屈服於國際壓力。他認為，儘管中國政府必須自己尋求解決方法，但是國際聲音並非全無作用。 何俊仁的言論讓我們看到教會的希望。由於中國相當在意外國評論，因此國際教會應該繼續向北京政府施壓，以及游說人權組織和外國政府這樣做。,negative,-0.5,evaluative,-0.8,negative,
chinese,kung_kao_po,kkp_02,2011-08-19,愛國,愛國,CN_CONCEPT_5,2,隨著中國山東省四名神父於八月三日被公安關押，顯示中國政府有意繼續控制教會事務。 羅馬《亞洲新聞》報導，謂這四名來自地下教會的神父深夜被捕後，被關押在看守所超過二十四小時不讓睡覺、吃飯喝水。據悉他們被捕是為了他們拒絕簽字加入中國天主教愛國會。中國當局成立愛國會，是為了控制國內一切的教會活動。 近日，政府嚴厲打壓沒有正式登記的地下教會。再者，政府持續鎮壓家庭教會，並一而再祝聖愈來愈多主教；部份非法祝聖的主教根本不獲教廷批准，導致他們與梵蒂岡之間出現直接衝突，甚至受到自科絕罰。 然而，在過去七個月內，宗教並非接連遭受壓迫的唯一社會界別。根據國際特赦組織六月三十日發表的一份報告顯示，在這段日子，已有近一百五十名人權律師或失蹤、或被囚、或遭軟禁。香港立法會議員何俊仁律師在出席報告發佈會時表示，北京政府目前向一切被視為對共產黨管治有威脅的人士加劇打壓。 可是，他認為，我們應對中國抱有希望。他指出，雖然當局加劇迫害，但是人權律師在維權工作方面取得進展。他們接受過良好的專業訓練、了解自己從事人權工作的範圍、知道該影響哪些人以及如何著手，還有，知道怎樣應對地方媒體。他又說，儘管人權律師遭受中國當局打壓，但是仍有許多年輕律師加入從事維權工作。他們學會在危險的工作中小心保護自己。 一名在中國工作的傳教士表示，他認為中國教會的一個希望是依然有人繼續努力爭取；天主教徒，從教友到主教都敢於以中國式的方法面對中國式迫害的現實。 不過，何俊仁慨嘆中國人權狀況未來依然困難重重的同時，亦提醒我們，勝利並非垂手可得。他說，中國教會像人權律師和維權人士一樣，亦需要普世教會的支持，也許需要的支持比以前更大。 面對表面上牢不可破的中國長城，何俊仁認為，中國並非像官員所想的自給自足，因為中國像所有人一樣，都要依賴國際貿易和合約，方可生存下去。他指出，雖然中國裝成一座獨立自主的城堡，但現實卻是，中國一如其他國家般脆弱，所以北京當局沒有就邊境威脅問題主動出擊。他引述一些例子，說明中國政府在內部事務方面，曾經屈服於國際壓力。他認為，儘管中國政府必須自己尋求解決方法，但是國際聲音並非全無作用。 何俊仁的言論讓我們看到教會的希望。由於中國相當在意外國評論，因此國際教會應該繼續向北京政府施壓，以及游說人權組織和外國政府這樣做。,negative,-0.5,evaluative,-0.7,negative,
chinese,kung_kao_po,kkp_03,2011-08-26,香港政府,政府部門,HK_ORG_2a,1,近日，三宗菲律賓人士爭取香港永久居留權司法覆核個案，引起社會差不多各階層極大回響。政府部門、政黨、工會、僱主團體、政府局長，以及普通市民都紛紛表達看法。香港高等法院原訟法庭於八月二十二日開始審理其中之一宗個案。 大量媒體報道暗示，倘若外傭勝訴，將會摧毀香港。全港約三十萬外傭，大部分是印尼籍和菲律賓籍，於是成為矢之的，甚至感到惶恐不安。 市民擔心數以十萬計的外傭會爭相申請永久居留權。他們的憂慮或許是基於假設而非實際數據，這假設先於法院的判決，並且向那些為他們照顧幼童長者的外傭發出訊息，就是香港人歡迎他們，是基於經濟利益，而非人際關係。 印尼籍外傭領袖萊斯塔利（Eni Lestari）認為，輿論已經超出了他們是否有權申請居留權，而變成外傭對抗歧視的權利。 二○○五年十一月三日，大律師駱浩成（Philip Ross）在原訟法庭表示，根據入境條例，「一名人士若受僱為外來家庭傭工（指來自香港以外地方者）而留在香港，將不被視為通常居住在香港」。這條拒絕外傭居留權的條文在法律上「不合理」，應當由高等法院審議。 夏正民（Michael Hartman）法官在批准司法覆核時向代表入境事務處的周家明大律師表示，雖然該條例或許有正當的存在理由，但是「條例本身卻沒有因此而變得合法」。他又說，入境事務處在解釋「通常居住在香港」的定義時，應當考慮他所提出的「街上的一名普通人」的見解。 周家明大律師說，原訴人前來香港時已經知道其居留權是受到限制的。對此夏正民指出，人們的生活狀況時有轉變，因此入境事務處處長應該從各方面考慮外傭的申請，「我並不認為朝著這些方向的論據站不住腳。」 可是，入境條例並沒有表明，原訟人就算沒有適當論據支持自己，也可獲批永久居留權。然而，入境事務處到頭來提出交換條件：如果她撤回司法覆核申請，就會獲批簽證。 夏正民堅持認為，個案必須予以個別考慮，又意指入境條例中的全面禁令可以視為阻礙而非幫助。他又說，入境事務處處長應當對個別情況擁有更大酌情權。 三宗申請司法覆核個案，包括上文提及的個案，在細節上完全不同。可是，在任何社會，往往新移民是最不受歡迎的一群。倘若社會本身脫離了夏正民所提及的人性幅度，以及將一切人際關係淪為經濟考慮時，問題自然叢生。 雖然這個城市的大部分居民最初是移民或是其下一代，但如今居民卻不願意接納新移民。這或許源於新移民讓他們想起本身也是移民或移民的下一代。,neutral,0,evaluative,-0.3,neutral,
chinese,kung_kao_po,kkp_04,2013-12-13,愛國,愛國,CN_CONCEPT_5,8,二O一三年即將完結，一四年是第一次世界大戰爆發一百周年。戰爭不值得慶祝，然而真福若望二十三的《和平》通諭發表了半個世紀，則值得紀念。 今天，教會致力宣揚和平，要恰當地回憶戰爭，實屬難事。 《和平》通諭一九六三年發表後，即廣受世人注視。《紐約時報》全篇刊登；時任蘇聯總理赫魯曉夫（Nikita Khruschev）也歡迎它；聯合國更舉行三天會議探討此通諭。 五十年過去，一股新的、對和平的威脅正漸抬頭。今年十月於梵蒂岡舉行的三天會議，就是討論現今對和平的威脅，包括宗教自由（或沒有自由）的問題、對天然資源極度開採、歪曲生物科學用途，以及完全相信武裝能防禦國家安全。 宗座正義和平委員會主席圖爾克森樞機（P. K. Turkson）總結此關乎人權與公益的課題時，指出上述威脅不僅存在於個別社會，在全球均有出現。 這教人重新反思何謂愛國。此新形式的愛國也正如美國總統甘迺迪（J. Kennedy）所言：「不要問國家為你們做些甚麼；要問你們能為國家做些甚麼。」然而在全球化下，愛國——不是只擁抱自己的國家。 詩人麥考利（R. Macaulay）反思：為何「愛國家」比愛自己的村莊、愛自己的家庭更好？是國家比較大嗎？若然，我們的洲陸比國家大，還有我們的地球。 政治人物常把「愛國主義」作為民族戰爭的藉口，就如第一次世界大戰時，英勇的士兵給當時無能且冷淡的領導所帶領。紀念戰爭時，我們要記起當中的勇毅和英雄氣慨，但也不要忘記內裡的目盲耳聾及自高自大；表揚英勇士兵的同時，也要為發起戰事者的傲慢而羞恥。 第一次世界大戰時，教宗本篤十五世自始也反對爭鬥中出現的仇視，他遭受漠視與嘲笑。一九一七年他提出的和平計劃，亦受嘲諷。多方領袖不是憤怒便是沉默──英國不回應教宗的公布；美國叫他勿管閒事；英國主教也非議他們的教宗，說「不愛國」的行徑令他們尷尬！ 《和平》通諭的出現，卻賦予「愛國」一個更廣更闊的概念，為所有善良的人、教徒或任何人提供一個更合理真實的選擇。 教宗若望二十三世呼籲各國裁軍，他支持聯合國作為解決國際衝突的權威。他鼓勵國際間推動經濟合作。這為仍在學習相互依存的世界，提供一個有遠見的建議。一個新秩序在歐洲固有的階級社會內漸漸出現，教宗若望更向當時的政府闡明，他們對社會上較不幸的一群人士所應負的道德責任。 新的愛國者應該是世界公民，他們不只愛自己身處的村莊及國家，而是全世界，甚至推展至整個地球及存在於此的人與萬物。,positive,0.5,evaluative,0.7,positive,
chinese,kung_kao_po,kkp_05,2015-11-27,恐怖主義,恐怖主義,HK_CONCEPT_5b,1,法國巴黎十一月十三日遭遇恐怖襲擊，造成嚴重人命傷亡，事件促使各方思考當如何杜絕這類悲劇。天主教會十二月八日開啟「慈悲禧年」，有助信徒在這方面反省問題。 慈悲是化解暴力的關鍵。慈悲不停留於憐憫，也讓生命彼此連結，與眾善心人士一起建設和平；若要對抗有系統的暴力，信徒須透過對話與合作發揚慈悲。 巴黎以外，其他地方間或遭受暴力以至恐怖活動，這威脅人民安全，迫使大批中東難民逃到歐洲等地，歐洲及中東人民同樣承受著暴力的後果。 教宗方濟各為明年一月世界移民與難民日撰寫的文告，正本著慈悲禧年精神以回應難民困境，他鼓勵信徒履行慈悲福音的良知，不能對難民的痛苦無動於衷。 正當中東難民在歐洲日益增加之際，聖座國務卿帕羅林樞機（P. Parolin）接受法國《十字架報》訪問時指出，慈悲禧年能成為宗教交談的良機，讓基督信徒與穆斯林對話，因為兩宗教同樣相信造物主的慈悲，堅持以仁慈對待別人，更不能以暴易暴。 慈悲與正義乃一體兩面。當恐怖主義趁機在中東亂局裡滋長，國際社會便需要正視根源，歐美教會亦呼籲政府制止暴力。持久的和平不靠刀劍，卻有賴各方對話磋商。 另一方面，右翼份子利用公眾對難民及新移民的猜忌，挑動排外思想以鞏固其政治利益，令推動社會和睦變得不容易。 面對如此價值觀迷失，教會要能擔當修和與先知角色，搭建溝通橋樑，驅除社會對外邦人的冷漠。當宗教被極端份子假借為施行暴力的藉口，澄清誤解與對話顯得尤為重要。 在香港，昔日的越南難民問題，讓人們認真反思與鄰人的關係，如今又面對來自各地的尋求庇護人士，本地基督徒須履行世界公民身份，再次發揮寬容的精神。堂區信徒和聖雲先會成員近年累積了不少經驗，他們不單只在物質上支援尋求庇護人士，也從中讓民間社會認識難民困境，藉以促進包容。 回說國際政局，目前的社會不安以至暴力非短期內可解決，但正如巴黎恐襲案遺屬萊里斯（Antoine Leiris）悼念亡妻時說：「你（恐怖份子）想我害怕，想我不信任自己的同胞，為安全而犧牲自由。你輸了，我會一如以往走下去。」這能提示人們在困境中如何自處。 為基督徒而言，這份向前邁進的力量來自信德，當中是靠著慈悲與寬恕跨越仇恨。,very negative,-1,evaluative,-0.9,very negative,
chinese,kung_kao_po,kkp_06,2015-12-04,香港政府,香港政府,HK_ORG_2a,1,上週末，中環聖若瑟堂舉行聖高隆龐逝世一千四百周年慶典。聖高隆龐是愛爾蘭人，也是隱修士。他在主曆六世紀前往歐洲大陸傳教的時候，滿懷信心，相信自己能夠與異地民族的文化作有意義的交流，他善用其學養，為他們的生活作出貢獻。 高隆龐高度意識到自己的愛爾蘭人身份，留給後世一篇以愛爾蘭人身份自我表述的最早文字記錄。多個世紀後，外國傳教士在二次大戰結束後來到香港，他們也意識到自己的外國人身份，並遷往有大批從中國內地湧來、掙扎求生的難民聚居的新界山邊。 傳教士當時開辦免費食堂和診所，香港政府亦適時開展了房屋項目，還有教育，包括正規學校和技能訓練；堂區和社區中心相繼成立，照顧出一群生活安定的居民，而在他們努力耕耘下，香港才能發展至今天的成就。 昔日，這些傳教士也是滿懷信心來到香港，他們相信自己能夠融入香港文化，並貢獻香港人的生活。 英國政府也起著重要角色，它重新釐定新移民的地位，容許運用公帑提供津貼，給予他們支持，並幫助他們落地生根。 政府和傳教士明白到，新來港人士需要的不僅是抵港那一刻的接濟。昔日，新來港人士因獲得許多幫助，香港才能受惠於今天這個成果當中，然而，難民後來被劃分為經濟難民和真正難民這些似是而非的類別；相比昔日這個城市，縱在艱難掙扎裡仍會傾全力收容難民，這些困苦的人現今獲得社會照顧的情景已不復見。 今天，面對大批難民逃離中東「伊斯蘭國」的暴力以及非洲與亞洲的敗壞國家，世界似惘然不知所措。雖然難民數目少於歐洲人口的百分之零點一，但各國卻被這個數目所震懾！ 意大利外長真蒂洛尼（P. Gentiloni）警告，移民危機可能對歐洲精神體系構成重大威脅。這也引申出另一個問題：此危機是關乎收容能力、文化還是政治？ 正正是國家敗壞，才促使人民離開家園。因為國家無力提供足夠的安全、醫療保健服務和教育，或提供生活基本需要和保障人身安全，才會讓人感到絕望無助。然而，一個敗壞國家的新形態似乎因應移民問題而逐漸浮現──這個國家無力歡迎尋求生活基本需要的人。 人身安全要求不僅局限於領土私有化，在今天的多元世界裡，任何國家如果對自身的文化、宗教和歷史身份認同沒有安全感，就會缺乏信心與其他地方交流，這個國家最終只會註定失敗。 一千四百年前，一位年邁的愛爾蘭隱修士拯救了一個分崩支離的文明免於自我毀滅。 他真是我們這時代的聖人。,positive,0.5,evaluative,0.3,positive,
chinese,kung_kao_po,kkp_07,2015-01-16,雨傘革命,雨傘運動,HK_EVENT_3,2,本主日（一月十八日）是「基督徒合一祈禱週」的開始，一連八天，為基督徒的共融合一祈禱，至一月二十五日結束。 本年合一祈禱週的主題是「耶穌對她說：請給我水喝」（若四7），由天主教的宗座促進基督徒合一委員會，與普世教會協會的信仰與教制委員會（成員教會包括基督新教和正教會）共同邀請巴西的基督教協進會擬定。 耶穌遇見往井旁汲水的撒瑪黎雅婦人，請婦人給他水喝，從身為猶太人的耶穌與撒瑪黎雅婦人互為補足的相遇中，啟迪我們基督徒的合一可從生活做起，就是關懷鄰人，主動地伸出援手。 「請給我水喝」讓我們明白人際間、社群間、文化間、宗教間都是需要對方的。 「請給我水喝」也帶出一個倫理含意，就是基督徒不能單憑一己去完成教會的使命，成員間需要互相補足，要在團體中活出信仰。也是說，我們要放下「唯我獨大」的心態，要在彼此的差異與多元中，尋求合一。 本地教會亦有舉辦祈禱聚會和擬備材料，以配合上述合一主題；基督新教、正教和天主教所發表的「合一呼籲文」，更道出了當前香港社會的渴求：「在現在的切身環境中，我們追隨耶穌基督的教導和榜樣，讓我們祈求勇氣，反對在雨傘行動中不必要地使用過份暴力的任何一方。我們促請大家對話和修和，以追求香港整體的福祉」。 香港經歷過七十九天大規模的雨傘運動後，社會仍要繼續為落實二○一七年真普選而努力。基督徒該如何參與，發揮堪當的見證？ 在雨傘運動中，有些基督宗派、教會團體或個別牧者會陪伴信徒，透過祈禱去滋養靈性，透過聖言去反省現況。佔領行動期間，有一批基督教教牧同工在金鐘留守，為有需要的人提供心靈關顧；區內亦有教堂開放，予人內進以避開衝突或休息。此外，亦有基督教和天主教徒社工在衝突現場和佔領區附近提供情緒輔導。 這都是關懷社群而適切的合一見證，然往後又如何？在基督徒繼續履行在世使命的同時，切不可忘記耶穌基督「擁抱著我們軟弱的人性、我們的痛楚和苦難，以祂的大愛安慰我們。就是這愛，才有足夠的能力去釋放世界，並賦予它希望和生命」。 際此合一祈禱週的開始，期望基督的門徒能聚集一起，為修補創傷和走向共融祈禱，誠如致力尋求合一的先賢所言：「要走向合一，我們要彼此相愛；要彼此相愛，我們要互相了解；要互相了解，我們要一起見面。」 也願信仰中修和合一的精神，能對本地社會的修和有所貢獻。,neutral,0,evaluative,0.3,neutral,
chinese,kung_kao_po,kkp_08,2014-12-05,香港政府,香港政府,HK_ORG_2a,2,君權神授源自中國傳統，它相信上天把國家 地方的統治權授予天子 政府，而當權者需要帶給人民繁榮、和平與正義。 基督信仰更提出多一個幅度：繁榮、和平與正義是為所有人的，人人有份。當一個政府未能做到這點，其政權就失去神授，同時跌進失去力量的漩渦裡。 我們向天父祈禱時說：「願祢的國來臨；願祢的旨意奉行在人間，如同在天上。」 這祈禱文請求天主結束任何形式的暴政或者專權的政府，並且祈求天國的正義與和平來臨。祈禱文中所宣揚的和平，並非指俗世上從權力平衡而來的和平，卻是預示人類社會的自然秩序，而這自然秩序源自上天賦予的神聖秩序。 和平本身並非終結，而是一種嶄新團體關係的開端，是人人都能合理地分享到平等、尊嚴和繁榮的境界。但其最終的決定者是人民，因為無論是民主的、寡頭政治的、社會主義的，還是資本主義的政府，最終都必須從人民那裡取得認受，人民才會認同政府所擁有的權力。 為了鞏固自己的權力，十七世紀英格蘭君主詹姆士一世告訴國會，君主應當之無愧地被稱為神。這源於他認為社會建構並非源自事物的自然秩序，更遑論神聖秩序。這猶如一位父親無論怎樣失德，子女也應當尊敬他。 回說香港，佔領者行動的背後，是認為香港政府施政失信、失當而失去了公信力，難以令人尊重。市民是否同意佔領運動作為手段是另一回事，但明顯的是，政府沒有在八個星期前清場，是因為政府沒有得到人民認受的權力。 香港政府和北京政府執意用法律方法處理一個根本的政治問題，企圖強奪權力，而這權力並非來自官民關係的自然秩序，政府只是試圖把某種社會秩序置於自然秩序之上，結果導致嚴重撕裂和關係緊張。 北京政府在中梵關係上也是如出一轍，既不承認教會有權任命主教，也不認為教會應按自己的原則處理內部事務。最近有消息聲稱，中方提出中梵協議方案，正等待梵蒂岡回覆，情形有點像中方六月份發表的《一國兩制白皮書》，令港人感到憤怒。 這似乎在祈求：「願祢的國離去……」,negative,-0.5,evaluative,-0.8,negative,
chinese,kung_kao_po,kkp_09,2014-12-19,梁振英,梁振英,HK_PERSON_1a,1,持續了七十九天的佔領運動終以清場落幕。此刻，支持與反對運動的局外人、有心人，以及對政府不滿的批評聲音，亦不斷呼籲示威團體與政府對話。 雨傘運動早期聲勢浩大，但成果看似不大。政府總是說，如果學生不改變自己的思維模式，對話並沒有用。 社會上許多聲音爭相呼籲雙方展開對話以尋求出路，似認為對話是人類與生俱來的自然本能。但實際上，對話跟大部分事物一樣，都是經過教育與實踐而成的產物。 一如民主本身，「對話」並非一個概念，反而是一種生活方式。 既然雨傘運動揭示了對話的必要，社會也就應當認真地反省，到底香港教育制度有沒有盡力教導人何謂對話，以及怎樣實踐？ 顯而易見，教育制度教授的是在任何社會、架構組織及功能方面都極度需要的辯論技巧；然而，辯論技巧性質上講求的是唇槍舌劍、互相對質，通常是要分出勝負，而且往往出現後見之明。 不同的是，對話首要營造一個安全而尊重的環境，讓人能夠坦率提出問題，互相聆聽，且以彼此理解的態度去設想對方觀點並給予回應。 對話並非修補嚴重分歧的論壇，而是一條道路，以讓彼此了解對方為目標。 第一篇文獻佐證的神學對話出自《宗徒大事錄》（第十五章），當中記載了非猶太人是否必須行猶太人割損禮才可領洗的分歧意見。早期教會領袖在過程中保持緘默，聆聽雙方的看法；他們在討論之前提出問題澄清而非威嚇對方，隨後才進行辯論且作出盡量廣泛的詮釋，並要求各方達成共識。他們的最終目標是推動所有人學習，務求促進合作，以及開闢一條向前邁進的道路。 這歷程與辯論過程無關，參與其中是一種要經過學習才能得到的技巧，而不是某種與生俱來的東西，亦與一般社會的習俗和磨練得來的溝通技巧無關。 雨傘運動背後有一清晰目標，就是追求真正民主，但假若我們以為達到這目標，就能完全滿足數十萬以各種方式參與這場運動的人的動機，那未免太膚淺粗疏。 毫無疑問，民生議題、社會流動、房屋以及種種湧現的問題，都是促使人們參與或支持雨傘運動的主因；要是政府當初願意與佔領市民對話而非辯論，那麼，政府起碼能夠弄清楚香港市民深切關注的事情。 這總比行政長官梁振英發表警方會使用武力清場的講話更有建設性，也比暢順的路面交通更具教化價值。,negative,-0.5,evaluative,-0.7,negative,
chinese,kung_kao_po,kkp_09,2014-12-19,示威,示威,HK_CONCEPT_5d,1,持續了七十九天的佔領運動終以清場落幕。此刻，支持與反對運動的局外人、有心人，以及對政府不滿的批評聲音，亦不斷呼籲示威團體與政府對話。 雨傘運動早期聲勢浩大，但成果看似不大。政府總是說，如果學生不改變自己的思維模式，對話並沒有用。 社會上許多聲音爭相呼籲雙方展開對話以尋求出路，似認為對話是人類與生俱來的自然本能。但實際上，對話跟大部分事物一樣，都是經過教育與實踐而成的產物。 一如民主本身，「對話」並非一個概念，反而是一種生活方式。 既然雨傘運動揭示了對話的必要，社會也就應當認真地反省，到底香港教育制度有沒有盡力教導人何謂對話，以及怎樣實踐？ 顯而易見，教育制度教授的是在任何社會、架構組織及功能方面都極度需要的辯論技巧；然而，辯論技巧性質上講求的是唇槍舌劍、互相對質，通常是要分出勝負，而且往往出現後見之明。 不同的是，對話首要營造一個安全而尊重的環境，讓人能夠坦率提出問題，互相聆聽，且以彼此理解的態度去設想對方觀點並給予回應。 對話並非修補嚴重分歧的論壇，而是一條道路，以讓彼此了解對方為目標。 第一篇文獻佐證的神學對話出自《宗徒大事錄》（第十五章），當中記載了非猶太人是否必須行猶太人割損禮才可領洗的分歧意見。早期教會領袖在過程中保持緘默，聆聽雙方的看法；他們在討論之前提出問題澄清而非威嚇對方，隨後才進行辯論且作出盡量廣泛的詮釋，並要求各方達成共識。他們的最終目標是推動所有人學習，務求促進合作，以及開闢一條向前邁進的道路。 這歷程與辯論過程無關，參與其中是一種要經過學習才能得到的技巧，而不是某種與生俱來的東西，亦與一般社會的習俗和磨練得來的溝通技巧無關。 雨傘運動背後有一清晰目標，就是追求真正民主，但假若我們以為達到這目標，就能完全滿足數十萬以各種方式參與這場運動的人的動機，那未免太膚淺粗疏。 毫無疑問，民生議題、社會流動、房屋以及種種湧現的問題，都是促使人們參與或支持雨傘運動的主因；要是政府當初願意與佔領市民對話而非辯論，那麼，政府起碼能夠弄清楚香港市民深切關注的事情。 這總比行政長官梁振英發表警方會使用武力清場的講話更有建設性，也比暢順的路面交通更具教化價值。,positive,0.5,evaluative,0.3,neutral,
chinese,kung_kao_po,kkp_09,2014-12-19,警隊,警方,HK_ORG_2a,1,持續了七十九天的佔領運動終以清場落幕。此刻，支持與反對運動的局外人、有心人，以及對政府不滿的批評聲音，亦不斷呼籲示威團體與政府對話。 雨傘運動早期聲勢浩大，但成果看似不大。政府總是說，如果學生不改變自己的思維模式，對話並沒有用。 社會上許多聲音爭相呼籲雙方展開對話以尋求出路，似認為對話是人類與生俱來的自然本能。但實際上，對話跟大部分事物一樣，都是經過教育與實踐而成的產物。 一如民主本身，「對話」並非一個概念，反而是一種生活方式。 既然雨傘運動揭示了對話的必要，社會也就應當認真地反省，到底香港教育制度有沒有盡力教導人何謂對話，以及怎樣實踐？ 顯而易見，教育制度教授的是在任何社會、架構組織及功能方面都極度需要的辯論技巧；然而，辯論技巧性質上講求的是唇槍舌劍、互相對質，通常是要分出勝負，而且往往出現後見之明。 不同的是，對話首要營造一個安全而尊重的環境，讓人能夠坦率提出問題，互相聆聽，且以彼此理解的態度去設想對方觀點並給予回應。 對話並非修補嚴重分歧的論壇，而是一條道路，以讓彼此了解對方為目標。 第一篇文獻佐證的神學對話出自《宗徒大事錄》（第十五章），當中記載了非猶太人是否必須行猶太人割損禮才可領洗的分歧意見。早期教會領袖在過程中保持緘默，聆聽雙方的看法；他們在討論之前提出問題澄清而非威嚇對方，隨後才進行辯論且作出盡量廣泛的詮釋，並要求各方達成共識。他們的最終目標是推動所有人學習，務求促進合作，以及開闢一條向前邁進的道路。 這歷程與辯論過程無關，參與其中是一種要經過學習才能得到的技巧，而不是某種與生俱來的東西，亦與一般社會的習俗和磨練得來的溝通技巧無關。 雨傘運動背後有一清晰目標，就是追求真正民主，但假若我們以為達到這目標，就能完全滿足數十萬以各種方式參與這場運動的人的動機，那未免太膚淺粗疏。 毫無疑問，民生議題、社會流動、房屋以及種種湧現的問題，都是促使人們參與或支持雨傘運動的主因；要是政府當初願意與佔領市民對話而非辯論，那麼，政府起碼能夠弄清楚香港市民深切關注的事情。 這總比行政長官梁振英發表警方會使用武力清場的講話更有建設性，也比暢順的路面交通更具教化價值。,negative,-0.5,evaluative,-0.6,negative,
chinese,kung_kao_po,kkp_09,2014-12-19,雨傘革命,雨傘運動,HK_EVENT_3,4,持續了七十九天的佔領運動終以清場落幕。此刻，支持與反對運動的局外人、有心人，以及對政府不滿的批評聲音，亦不斷呼籲示威團體與政府對話。 雨傘運動早期聲勢浩大，但成果看似不大。政府總是說，如果學生不改變自己的思維模式，對話並沒有用。 社會上許多聲音爭相呼籲雙方展開對話以尋求出路，似認為對話是人類與生俱來的自然本能。但實際上，對話跟大部分事物一樣，都是經過教育與實踐而成的產物。 一如民主本身，「對話」並非一個概念，反而是一種生活方式。 既然雨傘運動揭示了對話的必要，社會也就應當認真地反省，到底香港教育制度有沒有盡力教導人何謂對話，以及怎樣實踐？ 顯而易見，教育制度教授的是在任何社會、架構組織及功能方面都極度需要的辯論技巧；然而，辯論技巧性質上講求的是唇槍舌劍、互相對質，通常是要分出勝負，而且往往出現後見之明。 不同的是，對話首要營造一個安全而尊重的環境，讓人能夠坦率提出問題，互相聆聽，且以彼此理解的態度去設想對方觀點並給予回應。 對話並非修補嚴重分歧的論壇，而是一條道路，以讓彼此了解對方為目標。 第一篇文獻佐證的神學對話出自《宗徒大事錄》（第十五章），當中記載了非猶太人是否必須行猶太人割損禮才可領洗的分歧意見。早期教會領袖在過程中保持緘默，聆聽雙方的看法；他們在討論之前提出問題澄清而非威嚇對方，隨後才進行辯論且作出盡量廣泛的詮釋，並要求各方達成共識。他們的最終目標是推動所有人學習，務求促進合作，以及開闢一條向前邁進的道路。 這歷程與辯論過程無關，參與其中是一種要經過學習才能得到的技巧，而不是某種與生俱來的東西，亦與一般社會的習俗和磨練得來的溝通技巧無關。 雨傘運動背後有一清晰目標，就是追求真正民主，但假若我們以為達到這目標，就能完全滿足數十萬以各種方式參與這場運動的人的動機，那未免太膚淺粗疏。 毫無疑問，民生議題、社會流動、房屋以及種種湧現的問題，都是促使人們參與或支持雨傘運動的主因；要是政府當初願意與佔領市民對話而非辯論，那麼，政府起碼能夠弄清楚香港市民深切關注的事情。 這總比行政長官梁振英發表警方會使用武力清場的講話更有建設性，也比暢順的路面交通更具教化價值。,positive,0.5,evaluative,0.3,positive,
chinese,kung_kao_po,kkp_10,2017-12-08,香港政府,香港政府,HK_ORG_2a,1,當香港政府正在為照顧老化人口這難題而費煞思量之際，官員再次向海外尋找勞工來填補空缺， 並談到香港需要額外六十萬「家庭傭工」。 可是，政府並沒有提到如何吸引這個數目的外勞前來香港，尤其是當局正在積極尋找願意接受老人照顧培訓的技術勞工的同時，卻沒有幫助他們發展事業的計劃，更一貫地對勞工用完即棄。 社會上普遍想法是，顧用外勞是因為我們大方慷慨，但這並非關鍵，行動背後最重要的理念反而是建立相互依存的國際關係。 香港的外勞政策並非全球最差，但它當中所包含的許多不吸引條款，難以吸引有責任感人士應聘。 當局堅持採用「傭工」稱呼，如果只為方便，還可勉強接受；但事實並非如此，因為這名稱牽涉到法律層面──由於家庭傭工與本地工人的合約條款有別。再者，雖然聘用條款訂明家庭傭工的工作與居住條件，但當局卻未能有效地巡查或作出監察。 此外，倘若僱主去世，工人的合約就會即時終止，並必須於十四天內離開香港。對於受聘於已屆暮年、預期壽命較短僱主的家庭，這份工作為傭工而言變得不穩定，且不利於其事業發展或個人保障。 照顧垂暮者是一份受人尊敬的工作，與照顧成長階段中的兒童或把僱主的家打理得井井有條無異。事實上，僱主必須信任在家裡工作的人；但政府長久以來對家庭傭工的嚴格規管展示出其不信任，亦自然不能吸引外勞。 香港期望能夠在傳統職業中創造嶄新風格的行業，但吸引理想人才取決於工作和生活方式。最近舉行的東盟高峰會議積極推動一項關於外勞的議程，呼籲有關國家杜絕使外勞陷入債務的非法招聘行為，以及推動公平薪金。 諷刺的是，該項議程由菲律賓推動，而菲律賓是這類非法招聘行為最嚴重的國家之一，特別是涉及招聘中介公司。 現時一個工人只受聘於一個僱主的模式似乎過時。例如有意見認為，可由工人團隊服務一群客戶的僱用制度比起債務契約， 更能讓工人確立生活方式和專業精神，並確保客戶的需要能獲得適時照顧。 整個受聘概念有必要從根本去重新考量。,negative,-0.5,evaluative,-0.7,negative,
chinese,oriental_daily,od_01,2016-10-30,外交部,外交部,CN_ORG_2,2,【本報綜合報道】美國國會下月將發表的對華報告曝光，其中指摘中國間諜持續滲透美國安全部門，包括竊取美軍對華作戰計劃等機密訊息，中國外交部對此斥報告不負責任，另中國和德國本周或敲定合作打擊網絡間諜活動的協商機制。 美國傳媒報道，美國國會下屬的美中經濟安全審查委員會將於下月十六日發表報告，報告草稿透露，過去十五年，中國間諜持續向美國安全部門進行滲透，通過網絡竊取訊息，對美造成嚴重威脅，其中包括聯邦調查局（FBI）和美軍太平洋司令部。 報告指，中國間諜入侵美官員電郵帳戶、竊取國防部作戰計劃等機密訊息，包括美國對華軍事計劃和行動，武器設計和武器系統。報告還稱，中國黑客還入侵美重要基礎設施領域，如電網和金融系統。 中國外交部發言人陸慷前日回應稱，發表報告機構經常發表一些不負責任言論，對中美關係正常發展沒有任何好處。此外，中德將採取共同行動制止網絡間諜活動。德媒指，中央政法委書記孟建柱本周訪問柏林時，雙方將敲定應對協商機制。,neutral,0,factual,0,neutral,
chinese,oriental_daily,od_02,2017-03-31,警隊,防暴警察,HK_ORG_2a,1,【本報綜合報道】羅馬尼亞少女凱夫倫拍賣初夜的舉動受到不少非議，她的父母大動肝火，曾希望女兒收回決定，父親甚至揚言要脫離父女關係。 凱夫倫決定拍賣初夜前未有諮詢父母，還聲稱因屋企被迫遷而需賺錢。但傳媒揭發凱夫倫的父母根本沒有財政問題，亦不曾發生遭迫遷一事。凱夫倫的父親托尼任職防暴警察，母親埃萊娜則在藥房工作，入息遠比羅馬尼亞人均收入豐厚。 當夫妻二人知道女兒試圖出賣身體時，均覺震驚，希望她可以收回決定。惟凱夫倫心意已決，一口拒絕父母的哀求，甚至揚言「我已成年，有權為自己的身體作主！」埃萊娜聞言不禁潸然落淚，托尼更是震怒，威脅要與凱夫倫斷絕父女關係。 目睹家庭分裂的叔叔表示，整個場面就是令人鼻酸，又指托尼父女感情要好，托尼愛女深切，完全不知為何凱夫倫要出賣身體。,neutral,0,evaluative,0,neutral,
chinese,oriental_daily,od_03,2017-08-16,制裁,制裁,HK_CONCEPT_5d,1,伊朗總統魯哈尼周二警告，假若美國增加對伊朗的制裁，伊朗有能力迅速退出前年定下的核協議；並指摘美國總統特朗普的行為，令人知道美國不是可靠夥伴。美國海軍則指，伊朗一架無人機周日在波斯灣上空，跟蹤航母尼米茲號，更一度與尼米茲號艦載戰機相距不足三百米。美軍批評伊朗此舉很危險，伊朗反斥美方的指控失實。 （綜合報道）,neutral,0,factual,0,neutral,
chinese,oriental_daily,od_04,2010-03-20,曾蔭權,曾蔭權,HK_PERSON_1a,2,【本報訊】酒吧男東主指稱因曾蔭權及東區區議會，曾提及會將天后永興街發展成飲食街的言論，而租用該處地舖投資九十萬元開設酒吧大展拳腳，去年順利獲酒牌局發出酒牌；但附近居民指稱酒吧發出噪音提出反對，結果他遭市政服務上訴委員會撤銷其酒牌。 東主認為委員會的判決不合理，昨入稟高院申請司法覆核。申請人周文龍Mario Chow是涉案酒吧「Mantis」的酒牌持有人，該酒吧位於永興街之永興新樓毗鄰。 記者昨往現場發現酒吧現暫停營業，經營飲食業的周文龍接受電話查訪時，只稱酒吧已停業近三個月，對其他事項不便回應。 入稟狀指出，申請人於去年五月，以每月六萬七千元租用上址地舖經營「Mantis」，同年八月獲酒牌局正式批出酒牌。 惟酒吧對面樓宇的互委會在同年十月，向市政服務上訴委員會（下稱委員會）提出上訴，委員會經聆訊後，今年一月裁定互委會上訴得直，並撤銷酒吧的酒牌。 申請人稱委員會以酒吧發出噪音及委員會成員未曾聽過曾蔭權要發展該處而撤回其酒牌。 惟申請人在入稟狀內逐一反駁，指其酒吧已安裝雙重布簾作隔聲、及東區區議會會議文件，曾提及要將永興街打造成旅遊景點等。 案件編號：HCAL 31/2010,neutral,0,factual,0,neutral,
chinese,oriental_daily,od_05,2011-08-06,公民黨,公民黨,HK_CONCEPT_5e,1,有一條ＩＱ題係咁問嘅，星期日最多菲律賓人嘅地方係邊度？如果你答中環，咁就中招嘞，正確答案係菲律賓。不過咁呀，遲啲呢條問題嘅答案，可能真係變咗香港嘅中環都未定。 大家咁聰明，梗係估到功夫茶想講乜啦。無錯，外傭爭取居港權官司即將開審，如果港府敗訴，咁就大件事囉，理論上現時居港滿七年嘅十二萬五千名外傭即時自動成為香港永久性居民，可以申請公屋、自由搵工，仲有權攞綜援添，對香港社會造成嘅震盪，直情係一個超級大炸彈。 最大鑊嘅係，香港雖則被港府搞到烏煙瘴氣，但係對好多人嚟講，仍然算係一片樂土，若然外傭擁有居港權，容乜易申請佢哋嘅老公仔女來港團聚，香港豈不是隨時陸沉？所以話，有朝一日中環成為最多菲律賓人嘅地方，唔係無可能㗎！ 好嘞，既然呢場官司對香港影響咁深遠，港府又有何對策呀？本來呢，最有效嘅做法係提請人大釋法，一錘定音裁定外傭冇居港權，咁就乾手淨腳嘞。可惜港府捨易取難，喺終審法院有終極裁決前都唔動用呢把尚方寶劍，反而決定一旦官司敗訴，即刻向法院申請暫緩執行裁決，然後先至考慮釋法喎。 嗱嗱嗱，外傭爭取居港權，照計就贏面唔大嘅，話晒香港僱主有責任出糧畀佢哋啫，無義務畀佢哋入籍吖嘛。之不過咁，弱勢政府百事哀，港官做事極之蝦碌失魂，大家都見識過㗎啦，過往打親官司，餐餐都衰收尾，莊豐源案係咁，領匯上市案係咁，港珠澳大橋環評官司又係咁，所以咯喎，今次居權訴訟確實令人相當擔心。 最簡單吖，官司一旦敗訴，港府申請暫緩執行裁決，係咪十拿九穩先？萬一又有乜甩漏，例如法庭拒絕接受，咁咪一鑊泡？各位高官唔好唔記得，港珠澳大橋環評官司開審前，夠冇人諗到港府竟然會輸畀一個綜援阿婆啦。 正如有立法會議員話齋，今次官司港府嘅贏面只係一半半，與其搵香港七百萬人嘅福祉博一鋪，點解唔及早提請人大釋法，一了百了呢？開講都有話啦，唔怕一萬，只怕萬一吖嘛，呢單官司咁重要，港人唔想日日食驚風散呀！ 當然，唔係個個都咁諗嘅，被指係官司始作俑者嘅公民黨大狀就堅決反對釋法嘞，仲講到官司一旦敗訴，隨時有數十萬外傭同家人湧港嘅講法係危言聳聽添。即係咁，大狀唔信人哋嘅數字，咁佢哋自己有冇相關數據在手呢？如果冇，即係純粹齋噏，咁係咪兒戲過細路哥玩泥沙呀？ 一句講晒，居權官司難逆料，拆彈宜早不宜遲。港府仲唔快啲做嘢，唔通真係要睇住香港淪陷！,negative,-0.5,evaluative,-0.7,negative,
chinese,oriental_daily,od_05,2011-08-06,香港政府,港府,HK_ORG_2a,8,有一條ＩＱ題係咁問嘅，星期日最多菲律賓人嘅地方係邊度？如果你答中環，咁就中招嘞，正確答案係菲律賓。不過咁呀，遲啲呢條問題嘅答案，可能真係變咗香港嘅中環都未定。 大家咁聰明，梗係估到功夫茶想講乜啦。無錯，外傭爭取居港權官司即將開審，如果港府敗訴，咁就大件事囉，理論上現時居港滿七年嘅十二萬五千名外傭即時自動成為香港永久性居民，可以申請公屋、自由搵工，仲有權攞綜援添，對香港社會造成嘅震盪，直情係一個超級大炸彈。 最大鑊嘅係，香港雖則被港府搞到烏煙瘴氣，但係對好多人嚟講，仍然算係一片樂土，若然外傭擁有居港權，容乜易申請佢哋嘅老公仔女來港團聚，香港豈不是隨時陸沉？所以話，有朝一日中環成為最多菲律賓人嘅地方，唔係無可能㗎！ 好嘞，既然呢場官司對香港影響咁深遠，港府又有何對策呀？本來呢，最有效嘅做法係提請人大釋法，一錘定音裁定外傭冇居港權，咁就乾手淨腳嘞。可惜港府捨易取難，喺終審法院有終極裁決前都唔動用呢把尚方寶劍，反而決定一旦官司敗訴，即刻向法院申請暫緩執行裁決，然後先至考慮釋法喎。 嗱嗱嗱，外傭爭取居港權，照計就贏面唔大嘅，話晒香港僱主有責任出糧畀佢哋啫，無義務畀佢哋入籍吖嘛。之不過咁，弱勢政府百事哀，港官做事極之蝦碌失魂，大家都見識過㗎啦，過往打親官司，餐餐都衰收尾，莊豐源案係咁，領匯上市案係咁，港珠澳大橋環評官司又係咁，所以咯喎，今次居權訴訟確實令人相當擔心。 最簡單吖，官司一旦敗訴，港府申請暫緩執行裁決，係咪十拿九穩先？萬一又有乜甩漏，例如法庭拒絕接受，咁咪一鑊泡？各位高官唔好唔記得，港珠澳大橋環評官司開審前，夠冇人諗到港府竟然會輸畀一個綜援阿婆啦。 正如有立法會議員話齋，今次官司港府嘅贏面只係一半半，與其搵香港七百萬人嘅福祉博一鋪，點解唔及早提請人大釋法，一了百了呢？開講都有話啦，唔怕一萬，只怕萬一吖嘛，呢單官司咁重要，港人唔想日日食驚風散呀！ 當然，唔係個個都咁諗嘅，被指係官司始作俑者嘅公民黨大狀就堅決反對釋法嘞，仲講到官司一旦敗訴，隨時有數十萬外傭同家人湧港嘅講法係危言聳聽添。即係咁，大狀唔信人哋嘅數字，咁佢哋自己有冇相關數據在手呢？如果冇，即係純粹齋噏，咁係咪兒戲過細路哥玩泥沙呀？ 一句講晒，居權官司難逆料，拆彈宜早不宜遲。港府仲唔快啲做嘢，唔通真係要睇住香港淪陷！,negative,-0.5,evaluative,-0.8,negative,
chinese,oriental_daily,od_06,2013-01-08,警隊,警員 | 警方,HK_ORG_2a,8,【本報訊】大埔擄劫少女淫魔，被「天眼」拍下容貌，暴行亦令人髮指。昨日有市民發現懷疑淫魔現身在案發現場約四百公尺外的商場，途人恐他再找獵物逞兇，立刻報警，大批警員接報到場展開圍捕，惟掩至時懷疑淫魔已失去蹤影，警員在附近四處兜截，亦無發現，警方將案列作可疑人發現，以及繼續追緝淫魔歸案。 昨晚七時許，警方接獲姓蘇（四十九歲）女子報案，報稱在汀角路榮暉商場內，發現一名男子，外形及打扮，與早前擄劫少女毆打淫辱案中的淫魔，十分相似，懷疑淫魔再現身找尋目標。警方大為緊張，派出大批警員趕往現場圍捕，但大軍殺到時，可疑人已不知所終，警員在附近一帶搜查兜截，亦無所獲，將進一步翻查附近閉路電視調查。 案發於本月三日，距懷疑淫魔再現的榮暉商場約四百公尺的翠怡街，戴紅色鴨舌帽的淫魔，於當日晚上七時許，在人來人往的街頭向一名身穿校服十四歲女生，從後持刀突襲及箍頸，威脅若呼救便割頸放血，女生被挾持到三百公尺外的公園，遭搶走iPhone4手機及現金，再被擄往僻靜山坡毆打及淫辱，淫魔事後逃去，但犯案過程被「天眼」拍下曝光，警方正憑閉路電視攝入的色魔容貌緝捕。 第一手消息請下載on.cc東方互動iPhone/iPad/Android/Windows Phone Apps,neutral,0,evaluative,0.2,neutral,
chinese,oriental_daily,od_07,2014-11-03,警隊,警方 | 警員,HK_ORG_2a,6,離婚夫婦仍處「同一屋簷下」，疑生活摩擦「爆煲」釀血案悲劇。中年婦前晚與女兒晚膳後返回將軍澳住所，疑不滿同住的前夫，弄至居所凌亂不堪，雙方即時爆發爭執，有人突情緒失控，走入廚房取來菜刀向對方襲擊，中年婦在女兒面前遭狂斬亂劈，頭、胸口及背部中刀，血流披面。疑兇自知闖禍，棄刀奪門落樓逃去無蹤。女兒見母親重傷倒地，撲前安慰，雙腳亦染滿鮮血，傷者送院搶救後，性命垂危。警方正追緝兇徒歸案。 遭斬傷婦人姓陳（五十六歲），與姓劉（五十九歲）前夫及廿歲女兒，同住將軍澳和明苑一單位。根據土地註冊處資料顯示，劉為上址登記業主，在一九九九年購入單位。據鄰居稱，劉任夜更的士司機，陳婦任職導遊，夫婦在近年感情轉淡，半年前終感情破裂，無法修補下，雙方同意離婚，由於他們仍未就誰人遷離居所達成協議，因此兩人離婚後依然同住一室，疑不滿情緒日深，摩擦愈來愈多。據悉，有人最近更想出售單位。 前晚十一時許，陳婦與女兒外出吃晚飯後，一齊返回住所，陳婦發現家中傢俬及雜物被弄至一片凌亂，立刻質問前夫為何不執拾物品。疑有人認為已離婚，不滿陳婦囉囉唆唆，反唇相稽，兩人終於引發口角，並愈吵愈激烈，有人情緒失控衝入廚房，取來菜刀向陳婦狂斬。 陳婦走避不及頭部、胸口及背部被砍中三刀，即時血流披面。有人知道闖禍，棄下菜刀奪門逃去，陳女目擊母親遭襲擊重傷倒地，立刻撲前安慰母親及報警，雙腳亦染滿母親的鮮血。警方接報後大為緊張，派警員帶備盾牌到場搜捕兇徒，惟未有發現，救護車到場將傷者送往將軍澳醫院搶救。 由於陳婦傷勢嚴重，由女兒陪同轉送伊利沙伯醫院救治，現情況危殆。警方列傷人案處理，並在現場檢走一柄染血菜刀調查，同時追緝約一點七米高、蓄短髮、中等身材，當時身穿深色長褲、藍色上衣、白色波鞋、及攜有一個黑色斜孭袋的兇徒歸案。昨午警員帶同劉女返回其住所調查，逗留至下午五時許一同離去，警員並將現場單位加上鐵鏈鎖上。 香港家庭及事業發展服務訓練總監司徒漢明表示，夫妻離婚即昭示雙方的感情已到盡頭，再難有辦法挽救，彼此的仇恨、怨恨和積怨再也不用收藏，積聚的不滿情緒可能極度不穩。兩個人勉強住埋一齊，即等同將兩個炸彈放在一起，隨即引發大爆炸，造成悔恨一生的悲劇。 第一手消息請下載on.cc東網iPhone/iPad/Android/Windows Phone Apps,neutral,0,factual,0,neutral,
chinese,oriental_daily,od_08,2017-11-01,警隊,警方,HK_ORG_2a,1,【本報訊】越南裔男子於兩年前在屯門藍地泥圍，涉嫌一刀插喉刺傷一名同鄉，令對方造成一個深達十六公分的致命傷口，同鄉事後負傷求救，跑了一百五十米後不支倒地，留下一條血路，最終傷重不治。涉案四十四歲被告阮文強事後被控一項謀殺罪，他不認罪，案件昨於高院開審。控方在庭上播出被告與警方的錄影會面片段，被告聲稱案發當晚見到自己兄長和死者等人「食白粉」，他遂與死者爭執，期間錯手用刀刺中死者。 被告被控在二○一五年十一月十五日謀殺男死者阮德成（五十八歲）。控方開案詞指出，案發日凌晨，當時飲了酒的被告到其兄在藍地租住的房間，並責罵房內的三個人，包括被告兄長、兄長友人和死者，被告在上址逗留二十分鐘後離開，但稍後則帶同一把刀折返該房間，被告繼續罵人。被告兄長及友人離開房間，兄長後來在走廊看到被告有用刀插人的動作，並見到死者流血，於是立即致電報警。被告之後帶刀離開，死者則負傷求救，同日早上不治。 按被告在錄影會面中所述，他當時入屋後見到兄長、死者和另一人「食白粉」，遂向其餘兩人說：「唔好帶白粉嚟食，阿哥要出去做嘢，成日食白粉無意思」兄長等人遂離開，但死者卻說：「係唔係想打交？」並上前捉住被告的頸，當時枱上有一把刀，被告聲稱拿起刀想嚇一嚇死者，死者卻衝前圖奪刀，結果刺中死者喉部。 案件編號：HCCC 268/2016 第一手消息請下載on.cc東網iPhone/iPad/Android/Windows Phone Apps,neutral,0,factual,0,neutral,
chinese,oriental_daily,od_09,2018-02-27,林鄭月娥,林鄭,HK_PERSON_1a,1,林鄭經常慨嘆不甘心香港經濟發展二十年來毫無寸進，但香港之所以淪落至此，恰恰是港產官僚無能所致。除了前任財爺鬍鬚曾保守的理財作風，更大的問題是港產官僚做一日和尚敲一日鐘的心態，一味抱着少做少錯、不做不錯的宗旨做人，自然一事無成。 這樣說絕非無的放矢，單是人口老化問題迫在眉睫，高官們隔三差五就說要做好長遠規劃，一時提出發展適合安老社區，一時又建議資助宿位「零輪候」，說的比唱的還好聽，但人們何曾看見港府真正落實這些口頭大計？ 眾所周知，長者資助宿位杯水車薪，輪候多年都未得一位，而私人院舍質素又良莠不齊，虐老醜聞不絕如縷，可惜港府依然歎慢板，每年只增加兩間新建院舍，遠遠追不上人口老化速度；更不堪的是一味將安老責任推給私人市場，不是倚靠引入外勞照顧長者，就是推出年金計劃敷衍塞責，除了肥了金融業和令少數富貴長者受惠，絕大部分基層長者依然是自生自滅。 說到底，港產官僚如走馬燈每幾年換人，不求有功但求無過，只要問題不在任內爆煲便關人個關，於是各種問題就像傳火棒一般傳給下一手，香港社會怎麼可能有好發展？當年法王路易十五說過，「我死之後，哪管洪水滔天。」正是港產官僚的內心寫照。,negative,-0.5,evaluative,-0.7,negative,
chinese,oriental_daily,od_09,2018-02-27,陳茂波,財爺,HK_PERSON_1a,1,林鄭經常慨嘆不甘心香港經濟發展二十年來毫無寸進，但香港之所以淪落至此，恰恰是港產官僚無能所致。除了前任財爺鬍鬚曾保守的理財作風，更大的問題是港產官僚做一日和尚敲一日鐘的心態，一味抱着少做少錯、不做不錯的宗旨做人，自然一事無成。 這樣說絕非無的放矢，單是人口老化問題迫在眉睫，高官們隔三差五就說要做好長遠規劃，一時提出發展適合安老社區，一時又建議資助宿位「零輪候」，說的比唱的還好聽，但人們何曾看見港府真正落實這些口頭大計？ 眾所周知，長者資助宿位杯水車薪，輪候多年都未得一位，而私人院舍質素又良莠不齊，虐老醜聞不絕如縷，可惜港府依然歎慢板，每年只增加兩間新建院舍，遠遠追不上人口老化速度；更不堪的是一味將安老責任推給私人市場，不是倚靠引入外勞照顧長者，就是推出年金計劃敷衍塞責，除了肥了金融業和令少數富貴長者受惠，絕大部分基層長者依然是自生自滅。 說到底，港產官僚如走馬燈每幾年換人，不求有功但求無過，只要問題不在任內爆煲便關人個關，於是各種問題就像傳火棒一般傳給下一手，香港社會怎麼可能有好發展？當年法王路易十五說過，「我死之後，哪管洪水滔天。」正是港產官僚的內心寫照。,negative,-0.5,evaluative,0,negative,
chinese,oriental_daily,od_09,2018-02-27,香港政府,港府,HK_ORG_2a,2,林鄭經常慨嘆不甘心香港經濟發展二十年來毫無寸進，但香港之所以淪落至此，恰恰是港產官僚無能所致。除了前任財爺鬍鬚曾保守的理財作風，更大的問題是港產官僚做一日和尚敲一日鐘的心態，一味抱着少做少錯、不做不錯的宗旨做人，自然一事無成。 這樣說絕非無的放矢，單是人口老化問題迫在眉睫，高官們隔三差五就說要做好長遠規劃，一時提出發展適合安老社區，一時又建議資助宿位「零輪候」，說的比唱的還好聽，但人們何曾看見港府真正落實這些口頭大計？ 眾所周知，長者資助宿位杯水車薪，輪候多年都未得一位，而私人院舍質素又良莠不齊，虐老醜聞不絕如縷，可惜港府依然歎慢板，每年只增加兩間新建院舍，遠遠追不上人口老化速度；更不堪的是一味將安老責任推給私人市場，不是倚靠引入外勞照顧長者，就是推出年金計劃敷衍塞責，除了肥了金融業和令少數富貴長者受惠，絕大部分基層長者依然是自生自滅。 說到底，港產官僚如走馬燈每幾年換人，不求有功但求無過，只要問題不在任內爆煲便關人個關，於是各種問題就像傳火棒一般傳給下一手，香港社會怎麼可能有好發展？當年法王路易十五說過，「我死之後，哪管洪水滔天。」正是港產官僚的內心寫照。,very negative,-1,evaluative,-0.9,very negative,
chinese,oriental_daily,od_10,2020-04-20,中央政府,中央政府,CN_ORG_2,9,中聯辦早前發文指，國務院港澳辦及中聯辦不屬於《基本法》第二十二條提及的「中央人民政府所屬各部門」，而是中央授權專責處理香港事務的機構。港府前晚一度表示，中聯辦是中央政府在香港根據《基本法》第二十二條第二款設立的三個機構之一，說法明顯與中聯辦有矛盾。港府知衰後於一小時內兩度「跪低」，先在同日深夜發新聞稿修正，將較早前提及的《基本法》第二十二條相關字眼刪除，並於昨日凌晨再發稿，指中聯辦是中央政府在香港設立的機構，不是《基本法》第二十二條第二款所指「中央各部門在香港特別行政區設立的機構」。有學者及政界人士均認為事件嚴重，質疑港府有人故意犯錯，抑或是詐傻扮懵，藉以反中亂港。 立法會內務委員會（內會）停擺逾半年，港澳辦及中聯辦近日分別就內會的運作發表言論，點名批評公民黨法律界議員郭榮鏗在主持內會主席選舉的會議上濫用權力「拉布」，蓄意令內會停擺，有違議員宣誓誓言，更涉公職人員行為失當。中聯辦之後再說明，指兩辦譴責議員癱瘓議會並非干預香港內部事務，批評反對派故意曲解《基本法》，更指兩辦是中央授權專責處理香港事務的機構，並非《基本法》第二十二條所指一般意義上的「中央人民政府所屬各部門」，是有權代表中央，就涉及中央與特區關係事務、政治體制正常運作和社會整體利益等重大問題，行使監督權。 港府前晚一度表示，中聯辦是中央政府在香港根據《基本法》第二十二條第二款設立的三個機構之一，獲中央授權專責處理香港事務，有權力和責任代表中央政府，就涉及中央與特區關係、《基本法》的正確實施、政治體制的正常運作、關於社會整體利益的事宜等重大事項表達意見，行使監督權。至前晚深夜十一時三十六分，港府再發聲明更正，指原文中「中聯辦是中央政府在香港根據《基本法》第二十二條第二款設立的三個機構之一」，應為「中聯辦是中央政府在香港設立的三個機構之一」，刪去「《基本法》第二十二條」的字眼。 其後港府再於昨日凌晨零時二十七分發稿，指中聯辦是中央政府在香港設立的機構，不是基本法第二十二條第二款所指「中央各部門在香港設立的機構」。中國外交部駐香港特派員公署是根據《基本法》第十三條設立的機構；而中國人民解放軍駐香港部隊是根據《基本法》第十四條設立的機構。 香港理工大學專業及持續教育學院講師陳偉強認為，今次事件情況嚴重，猶如「地方政府落中央駐港機構面」，並揭示港府內部存有很大問題，必須嚴厲整治。他認為，港府發任何新聞稿或聲明，應該相當謹慎，事前審核內容「隔沙咁隔」，但如今出錯，質疑是否有人故意犯錯，抑或是詐傻扮懵，藉以反中亂港；加上警方前日拘捕壹傳媒黎智英等民主派人士，同日就爆出今次事件，不能排除港府內部有人存心搗亂，大搞小動作藉此抗議，並向反對派提供政治彈藥。 陳又重提早前爆發的反修例風波中，有大批公務員出席以至舉辦相關集會，反映港府內部有不少人吃裏扒外，反對港府及中央政府，形容他們在港府內部大搞反中亂港之事，破壞力更大。他認為，政府應先將涉事人員停職，並徹查事件，若發現有人刻意為之，必須予以嚴厲處罰，以收殺一儆百之效，避免未來再次發生同類事件。 「廿三萬監察」發言人王國興同樣認為，不排除政府內部有人存心發聲明與中央政府作對，又質疑負責撰寫稿件的新聞處職員、負責提供專業法律意見的律政司人員對《基本法》條文理解有偏差，批評情況不能原諒。他又提到港府內部架構「一層管一層」，負責把關的政府高層「睇漏眼」是不能接受，認為港府必須反省及徹查事件，並應追究相關人士責任。 第一手消息請下載on.cc東網iPhone/iPad/Android/Windows Phone Apps,negative,-0.5,evaluative,0.2,negative,
chinese,oriental_daily,od_10,2020-04-20,中聯辦,中聯辦,CN_ORG_2,11,中聯辦早前發文指，國務院港澳辦及中聯辦不屬於《基本法》第二十二條提及的「中央人民政府所屬各部門」，而是中央授權專責處理香港事務的機構。港府前晚一度表示，中聯辦是中央政府在香港根據《基本法》第二十二條第二款設立的三個機構之一，說法明顯與中聯辦有矛盾。港府知衰後於一小時內兩度「跪低」，先在同日深夜發新聞稿修正，將較早前提及的《基本法》第二十二條相關字眼刪除，並於昨日凌晨再發稿，指中聯辦是中央政府在香港設立的機構，不是《基本法》第二十二條第二款所指「中央各部門在香港特別行政區設立的機構」。有學者及政界人士均認為事件嚴重，質疑港府有人故意犯錯，抑或是詐傻扮懵，藉以反中亂港。 立法會內務委員會（內會）停擺逾半年，港澳辦及中聯辦近日分別就內會的運作發表言論，點名批評公民黨法律界議員郭榮鏗在主持內會主席選舉的會議上濫用權力「拉布」，蓄意令內會停擺，有違議員宣誓誓言，更涉公職人員行為失當。中聯辦之後再說明，指兩辦譴責議員癱瘓議會並非干預香港內部事務，批評反對派故意曲解《基本法》，更指兩辦是中央授權專責處理香港事務的機構，並非《基本法》第二十二條所指一般意義上的「中央人民政府所屬各部門」，是有權代表中央，就涉及中央與特區關係事務、政治體制正常運作和社會整體利益等重大問題，行使監督權。 港府前晚一度表示，中聯辦是中央政府在香港根據《基本法》第二十二條第二款設立的三個機構之一，獲中央授權專責處理香港事務，有權力和責任代表中央政府，就涉及中央與特區關係、《基本法》的正確實施、政治體制的正常運作、關於社會整體利益的事宜等重大事項表達意見，行使監督權。至前晚深夜十一時三十六分，港府再發聲明更正，指原文中「中聯辦是中央政府在香港根據《基本法》第二十二條第二款設立的三個機構之一」，應為「中聯辦是中央政府在香港設立的三個機構之一」，刪去「《基本法》第二十二條」的字眼。 其後港府再於昨日凌晨零時二十七分發稿，指中聯辦是中央政府在香港設立的機構，不是基本法第二十二條第二款所指「中央各部門在香港設立的機構」。中國外交部駐香港特派員公署是根據《基本法》第十三條設立的機構；而中國人民解放軍駐香港部隊是根據《基本法》第十四條設立的機構。 香港理工大學專業及持續教育學院講師陳偉強認為，今次事件情況嚴重，猶如「地方政府落中央駐港機構面」，並揭示港府內部存有很大問題，必須嚴厲整治。他認為，港府發任何新聞稿或聲明，應該相當謹慎，事前審核內容「隔沙咁隔」，但如今出錯，質疑是否有人故意犯錯，抑或是詐傻扮懵，藉以反中亂港；加上警方前日拘捕壹傳媒黎智英等民主派人士，同日就爆出今次事件，不能排除港府內部有人存心搗亂，大搞小動作藉此抗議，並向反對派提供政治彈藥。 陳又重提早前爆發的反修例風波中，有大批公務員出席以至舉辦相關集會，反映港府內部有不少人吃裏扒外，反對港府及中央政府，形容他們在港府內部大搞反中亂港之事，破壞力更大。他認為，政府應先將涉事人員停職，並徹查事件，若發現有人刻意為之，必須予以嚴厲處罰，以收殺一儆百之效，避免未來再次發生同類事件。 「廿三萬監察」發言人王國興同樣認為，不排除政府內部有人存心發聲明與中央政府作對，又質疑負責撰寫稿件的新聞處職員、負責提供專業法律意見的律政司人員對《基本法》條文理解有偏差，批評情況不能原諒。他又提到港府內部架構「一層管一層」，負責把關的政府高層「睇漏眼」是不能接受，認為港府必須反省及徹查事件，並應追究相關人士責任。 第一手消息請下載on.cc東網iPhone/iPad/Android/Windows Phone Apps,neutral,0,evaluative,0,positive,
chinese,oriental_daily,od_10,2020-04-20,公民黨,公民黨,HK_CONCEPT_5e,1,中聯辦早前發文指，國務院港澳辦及中聯辦不屬於《基本法》第二十二條提及的「中央人民政府所屬各部門」，而是中央授權專責處理香港事務的機構。港府前晚一度表示，中聯辦是中央政府在香港根據《基本法》第二十二條第二款設立的三個機構之一，說法明顯與中聯辦有矛盾。港府知衰後於一小時內兩度「跪低」，先在同日深夜發新聞稿修正，將較早前提及的《基本法》第二十二條相關字眼刪除，並於昨日凌晨再發稿，指中聯辦是中央政府在香港設立的機構，不是《基本法》第二十二條第二款所指「中央各部門在香港特別行政區設立的機構」。有學者及政界人士均認為事件嚴重，質疑港府有人故意犯錯，抑或是詐傻扮懵，藉以反中亂港。 立法會內務委員會（內會）停擺逾半年，港澳辦及中聯辦近日分別就內會的運作發表言論，點名批評公民黨法律界議員郭榮鏗在主持內會主席選舉的會議上濫用權力「拉布」，蓄意令內會停擺，有違議員宣誓誓言，更涉公職人員行為失當。中聯辦之後再說明，指兩辦譴責議員癱瘓議會並非干預香港內部事務，批評反對派故意曲解《基本法》，更指兩辦是中央授權專責處理香港事務的機構，並非《基本法》第二十二條所指一般意義上的「中央人民政府所屬各部門」，是有權代表中央，就涉及中央與特區關係事務、政治體制正常運作和社會整體利益等重大問題，行使監督權。 港府前晚一度表示，中聯辦是中央政府在香港根據《基本法》第二十二條第二款設立的三個機構之一，獲中央授權專責處理香港事務，有權力和責任代表中央政府，就涉及中央與特區關係、《基本法》的正確實施、政治體制的正常運作、關於社會整體利益的事宜等重大事項表達意見，行使監督權。至前晚深夜十一時三十六分，港府再發聲明更正，指原文中「中聯辦是中央政府在香港根據《基本法》第二十二條第二款設立的三個機構之一」，應為「中聯辦是中央政府在香港設立的三個機構之一」，刪去「《基本法》第二十二條」的字眼。 其後港府再於昨日凌晨零時二十七分發稿，指中聯辦是中央政府在香港設立的機構，不是基本法第二十二條第二款所指「中央各部門在香港設立的機構」。中國外交部駐香港特派員公署是根據《基本法》第十三條設立的機構；而中國人民解放軍駐香港部隊是根據《基本法》第十四條設立的機構。 香港理工大學專業及持續教育學院講師陳偉強認為，今次事件情況嚴重，猶如「地方政府落中央駐港機構面」，並揭示港府內部存有很大問題，必須嚴厲整治。他認為，港府發任何新聞稿或聲明，應該相當謹慎，事前審核內容「隔沙咁隔」，但如今出錯，質疑是否有人故意犯錯，抑或是詐傻扮懵，藉以反中亂港；加上警方前日拘捕壹傳媒黎智英等民主派人士，同日就爆出今次事件，不能排除港府內部有人存心搗亂，大搞小動作藉此抗議，並向反對派提供政治彈藥。 陳又重提早前爆發的反修例風波中，有大批公務員出席以至舉辦相關集會，反映港府內部有不少人吃裏扒外，反對港府及中央政府，形容他們在港府內部大搞反中亂港之事，破壞力更大。他認為，政府應先將涉事人員停職，並徹查事件，若發現有人刻意為之，必須予以嚴厲處罰，以收殺一儆百之效，避免未來再次發生同類事件。 「廿三萬監察」發言人王國興同樣認為，不排除政府內部有人存心發聲明與中央政府作對，又質疑負責撰寫稿件的新聞處職員、負責提供專業法律意見的律政司人員對《基本法》條文理解有偏差，批評情況不能原諒。他又提到港府內部架構「一層管一層」，負責把關的政府高層「睇漏眼」是不能接受，認為港府必須反省及徹查事件，並應追究相關人士責任。 第一手消息請下載on.cc東網iPhone/iPad/Android/Windows Phone Apps,negative,-0.5,evaluative,-0.6,negative,
chinese,oriental_daily,od_10,2020-04-20,反送中,反修例,HK_EVENT_3,1,中聯辦早前發文指，國務院港澳辦及中聯辦不屬於《基本法》第二十二條提及的「中央人民政府所屬各部門」，而是中央授權專責處理香港事務的機構。港府前晚一度表示，中聯辦是中央政府在香港根據《基本法》第二十二條第二款設立的三個機構之一，說法明顯與中聯辦有矛盾。港府知衰後於一小時內兩度「跪低」，先在同日深夜發新聞稿修正，將較早前提及的《基本法》第二十二條相關字眼刪除，並於昨日凌晨再發稿，指中聯辦是中央政府在香港設立的機構，不是《基本法》第二十二條第二款所指「中央各部門在香港特別行政區設立的機構」。有學者及政界人士均認為事件嚴重，質疑港府有人故意犯錯，抑或是詐傻扮懵，藉以反中亂港。 立法會內務委員會（內會）停擺逾半年，港澳辦及中聯辦近日分別就內會的運作發表言論，點名批評公民黨法律界議員郭榮鏗在主持內會主席選舉的會議上濫用權力「拉布」，蓄意令內會停擺，有違議員宣誓誓言，更涉公職人員行為失當。中聯辦之後再說明，指兩辦譴責議員癱瘓議會並非干預香港內部事務，批評反對派故意曲解《基本法》，更指兩辦是中央授權專責處理香港事務的機構，並非《基本法》第二十二條所指一般意義上的「中央人民政府所屬各部門」，是有權代表中央，就涉及中央與特區關係事務、政治體制正常運作和社會整體利益等重大問題，行使監督權。 港府前晚一度表示，中聯辦是中央政府在香港根據《基本法》第二十二條第二款設立的三個機構之一，獲中央授權專責處理香港事務，有權力和責任代表中央政府，就涉及中央與特區關係、《基本法》的正確實施、政治體制的正常運作、關於社會整體利益的事宜等重大事項表達意見，行使監督權。至前晚深夜十一時三十六分，港府再發聲明更正，指原文中「中聯辦是中央政府在香港根據《基本法》第二十二條第二款設立的三個機構之一」，應為「中聯辦是中央政府在香港設立的三個機構之一」，刪去「《基本法》第二十二條」的字眼。 其後港府再於昨日凌晨零時二十七分發稿，指中聯辦是中央政府在香港設立的機構，不是基本法第二十二條第二款所指「中央各部門在香港設立的機構」。中國外交部駐香港特派員公署是根據《基本法》第十三條設立的機構；而中國人民解放軍駐香港部隊是根據《基本法》第十四條設立的機構。 香港理工大學專業及持續教育學院講師陳偉強認為，今次事件情況嚴重，猶如「地方政府落中央駐港機構面」，並揭示港府內部存有很大問題，必須嚴厲整治。他認為，港府發任何新聞稿或聲明，應該相當謹慎，事前審核內容「隔沙咁隔」，但如今出錯，質疑是否有人故意犯錯，抑或是詐傻扮懵，藉以反中亂港；加上警方前日拘捕壹傳媒黎智英等民主派人士，同日就爆出今次事件，不能排除港府內部有人存心搗亂，大搞小動作藉此抗議，並向反對派提供政治彈藥。 陳又重提早前爆發的反修例風波中，有大批公務員出席以至舉辦相關集會，反映港府內部有不少人吃裏扒外，反對港府及中央政府，形容他們在港府內部大搞反中亂港之事，破壞力更大。他認為，政府應先將涉事人員停職，並徹查事件，若發現有人刻意為之，必須予以嚴厲處罰，以收殺一儆百之效，避免未來再次發生同類事件。 「廿三萬監察」發言人王國興同樣認為，不排除政府內部有人存心發聲明與中央政府作對，又質疑負責撰寫稿件的新聞處職員、負責提供專業法律意見的律政司人員對《基本法》條文理解有偏差，批評情況不能原諒。他又提到港府內部架構「一層管一層」，負責把關的政府高層「睇漏眼」是不能接受，認為港府必須反省及徹查事件，並應追究相關人士責任。 第一手消息請下載on.cc東網iPhone/iPad/Android/Windows Phone Apps,negative,-0.5,evaluative,-0.7,negative,
chinese,oriental_daily,od_10,2020-04-20,國務院,國務院,CN_ORG_2,1,中聯辦早前發文指，國務院港澳辦及中聯辦不屬於《基本法》第二十二條提及的「中央人民政府所屬各部門」，而是中央授權專責處理香港事務的機構。港府前晚一度表示，中聯辦是中央政府在香港根據《基本法》第二十二條第二款設立的三個機構之一，說法明顯與中聯辦有矛盾。港府知衰後於一小時內兩度「跪低」，先在同日深夜發新聞稿修正，將較早前提及的《基本法》第二十二條相關字眼刪除，並於昨日凌晨再發稿，指中聯辦是中央政府在香港設立的機構，不是《基本法》第二十二條第二款所指「中央各部門在香港特別行政區設立的機構」。有學者及政界人士均認為事件嚴重，質疑港府有人故意犯錯，抑或是詐傻扮懵，藉以反中亂港。 立法會內務委員會（內會）停擺逾半年，港澳辦及中聯辦近日分別就內會的運作發表言論，點名批評公民黨法律界議員郭榮鏗在主持內會主席選舉的會議上濫用權力「拉布」，蓄意令內會停擺，有違議員宣誓誓言，更涉公職人員行為失當。中聯辦之後再說明，指兩辦譴責議員癱瘓議會並非干預香港內部事務，批評反對派故意曲解《基本法》，更指兩辦是中央授權專責處理香港事務的機構，並非《基本法》第二十二條所指一般意義上的「中央人民政府所屬各部門」，是有權代表中央，就涉及中央與特區關係事務、政治體制正常運作和社會整體利益等重大問題，行使監督權。 港府前晚一度表示，中聯辦是中央政府在香港根據《基本法》第二十二條第二款設立的三個機構之一，獲中央授權專責處理香港事務，有權力和責任代表中央政府，就涉及中央與特區關係、《基本法》的正確實施、政治體制的正常運作、關於社會整體利益的事宜等重大事項表達意見，行使監督權。至前晚深夜十一時三十六分，港府再發聲明更正，指原文中「中聯辦是中央政府在香港根據《基本法》第二十二條第二款設立的三個機構之一」，應為「中聯辦是中央政府在香港設立的三個機構之一」，刪去「《基本法》第二十二條」的字眼。 其後港府再於昨日凌晨零時二十七分發稿，指中聯辦是中央政府在香港設立的機構，不是基本法第二十二條第二款所指「中央各部門在香港設立的機構」。中國外交部駐香港特派員公署是根據《基本法》第十三條設立的機構；而中國人民解放軍駐香港部隊是根據《基本法》第十四條設立的機構。 香港理工大學專業及持續教育學院講師陳偉強認為，今次事件情況嚴重，猶如「地方政府落中央駐港機構面」，並揭示港府內部存有很大問題，必須嚴厲整治。他認為，港府發任何新聞稿或聲明，應該相當謹慎，事前審核內容「隔沙咁隔」，但如今出錯，質疑是否有人故意犯錯，抑或是詐傻扮懵，藉以反中亂港；加上警方前日拘捕壹傳媒黎智英等民主派人士，同日就爆出今次事件，不能排除港府內部有人存心搗亂，大搞小動作藉此抗議，並向反對派提供政治彈藥。 陳又重提早前爆發的反修例風波中，有大批公務員出席以至舉辦相關集會，反映港府內部有不少人吃裏扒外，反對港府及中央政府，形容他們在港府內部大搞反中亂港之事，破壞力更大。他認為，政府應先將涉事人員停職，並徹查事件，若發現有人刻意為之，必須予以嚴厲處罰，以收殺一儆百之效，避免未來再次發生同類事件。 「廿三萬監察」發言人王國興同樣認為，不排除政府內部有人存心發聲明與中央政府作對，又質疑負責撰寫稿件的新聞處職員、負責提供專業法律意見的律政司人員對《基本法》條文理解有偏差，批評情況不能原諒。他又提到港府內部架構「一層管一層」，負責把關的政府高層「睇漏眼」是不能接受，認為港府必須反省及徹查事件，並應追究相關人士責任。 第一手消息請下載on.cc東網iPhone/iPad/Android/Windows Phone Apps,neutral,0,evaluative,0.1,neutral,
chinese,oriental_daily,od_10,2020-04-20,外交部,外交部,CN_ORG_2,1,中聯辦早前發文指，國務院港澳辦及中聯辦不屬於《基本法》第二十二條提及的「中央人民政府所屬各部門」，而是中央授權專責處理香港事務的機構。港府前晚一度表示，中聯辦是中央政府在香港根據《基本法》第二十二條第二款設立的三個機構之一，說法明顯與中聯辦有矛盾。港府知衰後於一小時內兩度「跪低」，先在同日深夜發新聞稿修正，將較早前提及的《基本法》第二十二條相關字眼刪除，並於昨日凌晨再發稿，指中聯辦是中央政府在香港設立的機構，不是《基本法》第二十二條第二款所指「中央各部門在香港特別行政區設立的機構」。有學者及政界人士均認為事件嚴重，質疑港府有人故意犯錯，抑或是詐傻扮懵，藉以反中亂港。 立法會內務委員會（內會）停擺逾半年，港澳辦及中聯辦近日分別就內會的運作發表言論，點名批評公民黨法律界議員郭榮鏗在主持內會主席選舉的會議上濫用權力「拉布」，蓄意令內會停擺，有違議員宣誓誓言，更涉公職人員行為失當。中聯辦之後再說明，指兩辦譴責議員癱瘓議會並非干預香港內部事務，批評反對派故意曲解《基本法》，更指兩辦是中央授權專責處理香港事務的機構，並非《基本法》第二十二條所指一般意義上的「中央人民政府所屬各部門」，是有權代表中央，就涉及中央與特區關係事務、政治體制正常運作和社會整體利益等重大問題，行使監督權。 港府前晚一度表示，中聯辦是中央政府在香港根據《基本法》第二十二條第二款設立的三個機構之一，獲中央授權專責處理香港事務，有權力和責任代表中央政府，就涉及中央與特區關係、《基本法》的正確實施、政治體制的正常運作、關於社會整體利益的事宜等重大事項表達意見，行使監督權。至前晚深夜十一時三十六分，港府再發聲明更正，指原文中「中聯辦是中央政府在香港根據《基本法》第二十二條第二款設立的三個機構之一」，應為「中聯辦是中央政府在香港設立的三個機構之一」，刪去「《基本法》第二十二條」的字眼。 其後港府再於昨日凌晨零時二十七分發稿，指中聯辦是中央政府在香港設立的機構，不是基本法第二十二條第二款所指「中央各部門在香港設立的機構」。中國外交部駐香港特派員公署是根據《基本法》第十三條設立的機構；而中國人民解放軍駐香港部隊是根據《基本法》第十四條設立的機構。 香港理工大學專業及持續教育學院講師陳偉強認為，今次事件情況嚴重，猶如「地方政府落中央駐港機構面」，並揭示港府內部存有很大問題，必須嚴厲整治。他認為，港府發任何新聞稿或聲明，應該相當謹慎，事前審核內容「隔沙咁隔」，但如今出錯，質疑是否有人故意犯錯，抑或是詐傻扮懵，藉以反中亂港；加上警方前日拘捕壹傳媒黎智英等民主派人士，同日就爆出今次事件，不能排除港府內部有人存心搗亂，大搞小動作藉此抗議，並向反對派提供政治彈藥。 陳又重提早前爆發的反修例風波中，有大批公務員出席以至舉辦相關集會，反映港府內部有不少人吃裏扒外，反對港府及中央政府，形容他們在港府內部大搞反中亂港之事，破壞力更大。他認為，政府應先將涉事人員停職，並徹查事件，若發現有人刻意為之，必須予以嚴厲處罰，以收殺一儆百之效，避免未來再次發生同類事件。 「廿三萬監察」發言人王國興同樣認為，不排除政府內部有人存心發聲明與中央政府作對，又質疑負責撰寫稿件的新聞處職員、負責提供專業法律意見的律政司人員對《基本法》條文理解有偏差，批評情況不能原諒。他又提到港府內部架構「一層管一層」，負責把關的政府高層「睇漏眼」是不能接受，認為港府必須反省及徹查事件，並應追究相關人士責任。 第一手消息請下載on.cc東網iPhone/iPad/Android/Windows Phone Apps,neutral,0,evaluative,0,neutral,
chinese,oriental_daily,od_10,2020-04-20,律政司,律政司,HK_ORG_2a,1,中聯辦早前發文指，國務院港澳辦及中聯辦不屬於《基本法》第二十二條提及的「中央人民政府所屬各部門」，而是中央授權專責處理香港事務的機構。港府前晚一度表示，中聯辦是中央政府在香港根據《基本法》第二十二條第二款設立的三個機構之一，說法明顯與中聯辦有矛盾。港府知衰後於一小時內兩度「跪低」，先在同日深夜發新聞稿修正，將較早前提及的《基本法》第二十二條相關字眼刪除，並於昨日凌晨再發稿，指中聯辦是中央政府在香港設立的機構，不是《基本法》第二十二條第二款所指「中央各部門在香港特別行政區設立的機構」。有學者及政界人士均認為事件嚴重，質疑港府有人故意犯錯，抑或是詐傻扮懵，藉以反中亂港。 立法會內務委員會（內會）停擺逾半年，港澳辦及中聯辦近日分別就內會的運作發表言論，點名批評公民黨法律界議員郭榮鏗在主持內會主席選舉的會議上濫用權力「拉布」，蓄意令內會停擺，有違議員宣誓誓言，更涉公職人員行為失當。中聯辦之後再說明，指兩辦譴責議員癱瘓議會並非干預香港內部事務，批評反對派故意曲解《基本法》，更指兩辦是中央授權專責處理香港事務的機構，並非《基本法》第二十二條所指一般意義上的「中央人民政府所屬各部門」，是有權代表中央，就涉及中央與特區關係事務、政治體制正常運作和社會整體利益等重大問題，行使監督權。 港府前晚一度表示，中聯辦是中央政府在香港根據《基本法》第二十二條第二款設立的三個機構之一，獲中央授權專責處理香港事務，有權力和責任代表中央政府，就涉及中央與特區關係、《基本法》的正確實施、政治體制的正常運作、關於社會整體利益的事宜等重大事項表達意見，行使監督權。至前晚深夜十一時三十六分，港府再發聲明更正，指原文中「中聯辦是中央政府在香港根據《基本法》第二十二條第二款設立的三個機構之一」，應為「中聯辦是中央政府在香港設立的三個機構之一」，刪去「《基本法》第二十二條」的字眼。 其後港府再於昨日凌晨零時二十七分發稿，指中聯辦是中央政府在香港設立的機構，不是基本法第二十二條第二款所指「中央各部門在香港設立的機構」。中國外交部駐香港特派員公署是根據《基本法》第十三條設立的機構；而中國人民解放軍駐香港部隊是根據《基本法》第十四條設立的機構。 香港理工大學專業及持續教育學院講師陳偉強認為，今次事件情況嚴重，猶如「地方政府落中央駐港機構面」，並揭示港府內部存有很大問題，必須嚴厲整治。他認為，港府發任何新聞稿或聲明，應該相當謹慎，事前審核內容「隔沙咁隔」，但如今出錯，質疑是否有人故意犯錯，抑或是詐傻扮懵，藉以反中亂港；加上警方前日拘捕壹傳媒黎智英等民主派人士，同日就爆出今次事件，不能排除港府內部有人存心搗亂，大搞小動作藉此抗議，並向反對派提供政治彈藥。 陳又重提早前爆發的反修例風波中，有大批公務員出席以至舉辦相關集會，反映港府內部有不少人吃裏扒外，反對港府及中央政府，形容他們在港府內部大搞反中亂港之事，破壞力更大。他認為，政府應先將涉事人員停職，並徹查事件，若發現有人刻意為之，必須予以嚴厲處罰，以收殺一儆百之效，避免未來再次發生同類事件。 「廿三萬監察」發言人王國興同樣認為，不排除政府內部有人存心發聲明與中央政府作對，又質疑負責撰寫稿件的新聞處職員、負責提供專業法律意見的律政司人員對《基本法》條文理解有偏差，批評情況不能原諒。他又提到港府內部架構「一層管一層」，負責把關的政府高層「睇漏眼」是不能接受，認為港府必須反省及徹查事件，並應追究相關人士責任。 第一手消息請下載on.cc東網iPhone/iPad/Android/Windows Phone Apps,negative,-0.5,evaluative,-0.6,negative,
chinese,oriental_daily,od_10,2020-04-20,民主黨,民主派,HK_CONCEPT_5e,1,中聯辦早前發文指，國務院港澳辦及中聯辦不屬於《基本法》第二十二條提及的「中央人民政府所屬各部門」，而是中央授權專責處理香港事務的機構。港府前晚一度表示，中聯辦是中央政府在香港根據《基本法》第二十二條第二款設立的三個機構之一，說法明顯與中聯辦有矛盾。港府知衰後於一小時內兩度「跪低」，先在同日深夜發新聞稿修正，將較早前提及的《基本法》第二十二條相關字眼刪除，並於昨日凌晨再發稿，指中聯辦是中央政府在香港設立的機構，不是《基本法》第二十二條第二款所指「中央各部門在香港特別行政區設立的機構」。有學者及政界人士均認為事件嚴重，質疑港府有人故意犯錯，抑或是詐傻扮懵，藉以反中亂港。 立法會內務委員會（內會）停擺逾半年，港澳辦及中聯辦近日分別就內會的運作發表言論，點名批評公民黨法律界議員郭榮鏗在主持內會主席選舉的會議上濫用權力「拉布」，蓄意令內會停擺，有違議員宣誓誓言，更涉公職人員行為失當。中聯辦之後再說明，指兩辦譴責議員癱瘓議會並非干預香港內部事務，批評反對派故意曲解《基本法》，更指兩辦是中央授權專責處理香港事務的機構，並非《基本法》第二十二條所指一般意義上的「中央人民政府所屬各部門」，是有權代表中央，就涉及中央與特區關係事務、政治體制正常運作和社會整體利益等重大問題，行使監督權。 港府前晚一度表示，中聯辦是中央政府在香港根據《基本法》第二十二條第二款設立的三個機構之一，獲中央授權專責處理香港事務，有權力和責任代表中央政府，就涉及中央與特區關係、《基本法》的正確實施、政治體制的正常運作、關於社會整體利益的事宜等重大事項表達意見，行使監督權。至前晚深夜十一時三十六分，港府再發聲明更正，指原文中「中聯辦是中央政府在香港根據《基本法》第二十二條第二款設立的三個機構之一」，應為「中聯辦是中央政府在香港設立的三個機構之一」，刪去「《基本法》第二十二條」的字眼。 其後港府再於昨日凌晨零時二十七分發稿，指中聯辦是中央政府在香港設立的機構，不是基本法第二十二條第二款所指「中央各部門在香港設立的機構」。中國外交部駐香港特派員公署是根據《基本法》第十三條設立的機構；而中國人民解放軍駐香港部隊是根據《基本法》第十四條設立的機構。 香港理工大學專業及持續教育學院講師陳偉強認為，今次事件情況嚴重，猶如「地方政府落中央駐港機構面」，並揭示港府內部存有很大問題，必須嚴厲整治。他認為，港府發任何新聞稿或聲明，應該相當謹慎，事前審核內容「隔沙咁隔」，但如今出錯，質疑是否有人故意犯錯，抑或是詐傻扮懵，藉以反中亂港；加上警方前日拘捕壹傳媒黎智英等民主派人士，同日就爆出今次事件，不能排除港府內部有人存心搗亂，大搞小動作藉此抗議，並向反對派提供政治彈藥。 陳又重提早前爆發的反修例風波中，有大批公務員出席以至舉辦相關集會，反映港府內部有不少人吃裏扒外，反對港府及中央政府，形容他們在港府內部大搞反中亂港之事，破壞力更大。他認為，政府應先將涉事人員停職，並徹查事件，若發現有人刻意為之，必須予以嚴厲處罰，以收殺一儆百之效，避免未來再次發生同類事件。 「廿三萬監察」發言人王國興同樣認為，不排除政府內部有人存心發聲明與中央政府作對，又質疑負責撰寫稿件的新聞處職員、負責提供專業法律意見的律政司人員對《基本法》條文理解有偏差，批評情況不能原諒。他又提到港府內部架構「一層管一層」，負責把關的政府高層「睇漏眼」是不能接受，認為港府必須反省及徹查事件，並應追究相關人士責任。 第一手消息請下載on.cc東網iPhone/iPad/Android/Windows Phone Apps,neutral,0,evaluative,0,very negative,
chinese,oriental_daily,od_10,2020-04-20,港澳辦,港澳辦,CN_ORG_2,2,中聯辦早前發文指，國務院港澳辦及中聯辦不屬於《基本法》第二十二條提及的「中央人民政府所屬各部門」，而是中央授權專責處理香港事務的機構。港府前晚一度表示，中聯辦是中央政府在香港根據《基本法》第二十二條第二款設立的三個機構之一，說法明顯與中聯辦有矛盾。港府知衰後於一小時內兩度「跪低」，先在同日深夜發新聞稿修正，將較早前提及的《基本法》第二十二條相關字眼刪除，並於昨日凌晨再發稿，指中聯辦是中央政府在香港設立的機構，不是《基本法》第二十二條第二款所指「中央各部門在香港特別行政區設立的機構」。有學者及政界人士均認為事件嚴重，質疑港府有人故意犯錯，抑或是詐傻扮懵，藉以反中亂港。 立法會內務委員會（內會）停擺逾半年，港澳辦及中聯辦近日分別就內會的運作發表言論，點名批評公民黨法律界議員郭榮鏗在主持內會主席選舉的會議上濫用權力「拉布」，蓄意令內會停擺，有違議員宣誓誓言，更涉公職人員行為失當。中聯辦之後再說明，指兩辦譴責議員癱瘓議會並非干預香港內部事務，批評反對派故意曲解《基本法》，更指兩辦是中央授權專責處理香港事務的機構，並非《基本法》第二十二條所指一般意義上的「中央人民政府所屬各部門」，是有權代表中央，就涉及中央與特區關係事務、政治體制正常運作和社會整體利益等重大問題，行使監督權。 港府前晚一度表示，中聯辦是中央政府在香港根據《基本法》第二十二條第二款設立的三個機構之一，獲中央授權專責處理香港事務，有權力和責任代表中央政府，就涉及中央與特區關係、《基本法》的正確實施、政治體制的正常運作、關於社會整體利益的事宜等重大事項表達意見，行使監督權。至前晚深夜十一時三十六分，港府再發聲明更正，指原文中「中聯辦是中央政府在香港根據《基本法》第二十二條第二款設立的三個機構之一」，應為「中聯辦是中央政府在香港設立的三個機構之一」，刪去「《基本法》第二十二條」的字眼。 其後港府再於昨日凌晨零時二十七分發稿，指中聯辦是中央政府在香港設立的機構，不是基本法第二十二條第二款所指「中央各部門在香港設立的機構」。中國外交部駐香港特派員公署是根據《基本法》第十三條設立的機構；而中國人民解放軍駐香港部隊是根據《基本法》第十四條設立的機構。 香港理工大學專業及持續教育學院講師陳偉強認為，今次事件情況嚴重，猶如「地方政府落中央駐港機構面」，並揭示港府內部存有很大問題，必須嚴厲整治。他認為，港府發任何新聞稿或聲明，應該相當謹慎，事前審核內容「隔沙咁隔」，但如今出錯，質疑是否有人故意犯錯，抑或是詐傻扮懵，藉以反中亂港；加上警方前日拘捕壹傳媒黎智英等民主派人士，同日就爆出今次事件，不能排除港府內部有人存心搗亂，大搞小動作藉此抗議，並向反對派提供政治彈藥。 陳又重提早前爆發的反修例風波中，有大批公務員出席以至舉辦相關集會，反映港府內部有不少人吃裏扒外，反對港府及中央政府，形容他們在港府內部大搞反中亂港之事，破壞力更大。他認為，政府應先將涉事人員停職，並徹查事件，若發現有人刻意為之，必須予以嚴厲處罰，以收殺一儆百之效，避免未來再次發生同類事件。 「廿三萬監察」發言人王國興同樣認為，不排除政府內部有人存心發聲明與中央政府作對，又質疑負責撰寫稿件的新聞處職員、負責提供專業法律意見的律政司人員對《基本法》條文理解有偏差，批評情況不能原諒。他又提到港府內部架構「一層管一層」，負責把關的政府高層「睇漏眼」是不能接受，認為港府必須反省及徹查事件，並應追究相關人士責任。 第一手消息請下載on.cc東網iPhone/iPad/Android/Windows Phone Apps,negative,-0.5,evaluative,-0.6,positive,
chinese,oriental_daily,od_10,2020-04-20,示威,集會,HK_CONCEPT_5d,1,中聯辦早前發文指，國務院港澳辦及中聯辦不屬於《基本法》第二十二條提及的「中央人民政府所屬各部門」，而是中央授權專責處理香港事務的機構。港府前晚一度表示，中聯辦是中央政府在香港根據《基本法》第二十二條第二款設立的三個機構之一，說法明顯與中聯辦有矛盾。港府知衰後於一小時內兩度「跪低」，先在同日深夜發新聞稿修正，將較早前提及的《基本法》第二十二條相關字眼刪除，並於昨日凌晨再發稿，指中聯辦是中央政府在香港設立的機構，不是《基本法》第二十二條第二款所指「中央各部門在香港特別行政區設立的機構」。有學者及政界人士均認為事件嚴重，質疑港府有人故意犯錯，抑或是詐傻扮懵，藉以反中亂港。 立法會內務委員會（內會）停擺逾半年，港澳辦及中聯辦近日分別就內會的運作發表言論，點名批評公民黨法律界議員郭榮鏗在主持內會主席選舉的會議上濫用權力「拉布」，蓄意令內會停擺，有違議員宣誓誓言，更涉公職人員行為失當。中聯辦之後再說明，指兩辦譴責議員癱瘓議會並非干預香港內部事務，批評反對派故意曲解《基本法》，更指兩辦是中央授權專責處理香港事務的機構，並非《基本法》第二十二條所指一般意義上的「中央人民政府所屬各部門」，是有權代表中央，就涉及中央與特區關係事務、政治體制正常運作和社會整體利益等重大問題，行使監督權。 港府前晚一度表示，中聯辦是中央政府在香港根據《基本法》第二十二條第二款設立的三個機構之一，獲中央授權專責處理香港事務，有權力和責任代表中央政府，就涉及中央與特區關係、《基本法》的正確實施、政治體制的正常運作、關於社會整體利益的事宜等重大事項表達意見，行使監督權。至前晚深夜十一時三十六分，港府再發聲明更正，指原文中「中聯辦是中央政府在香港根據《基本法》第二十二條第二款設立的三個機構之一」，應為「中聯辦是中央政府在香港設立的三個機構之一」，刪去「《基本法》第二十二條」的字眼。 其後港府再於昨日凌晨零時二十七分發稿，指中聯辦是中央政府在香港設立的機構，不是基本法第二十二條第二款所指「中央各部門在香港設立的機構」。中國外交部駐香港特派員公署是根據《基本法》第十三條設立的機構；而中國人民解放軍駐香港部隊是根據《基本法》第十四條設立的機構。 香港理工大學專業及持續教育學院講師陳偉強認為，今次事件情況嚴重，猶如「地方政府落中央駐港機構面」，並揭示港府內部存有很大問題，必須嚴厲整治。他認為，港府發任何新聞稿或聲明，應該相當謹慎，事前審核內容「隔沙咁隔」，但如今出錯，質疑是否有人故意犯錯，抑或是詐傻扮懵，藉以反中亂港；加上警方前日拘捕壹傳媒黎智英等民主派人士，同日就爆出今次事件，不能排除港府內部有人存心搗亂，大搞小動作藉此抗議，並向反對派提供政治彈藥。 陳又重提早前爆發的反修例風波中，有大批公務員出席以至舉辦相關集會，反映港府內部有不少人吃裏扒外，反對港府及中央政府，形容他們在港府內部大搞反中亂港之事，破壞力更大。他認為，政府應先將涉事人員停職，並徹查事件，若發現有人刻意為之，必須予以嚴厲處罰，以收殺一儆百之效，避免未來再次發生同類事件。 「廿三萬監察」發言人王國興同樣認為，不排除政府內部有人存心發聲明與中央政府作對，又質疑負責撰寫稿件的新聞處職員、負責提供專業法律意見的律政司人員對《基本法》條文理解有偏差，批評情況不能原諒。他又提到港府內部架構「一層管一層」，負責把關的政府高層「睇漏眼」是不能接受，認為港府必須反省及徹查事件，並應追究相關人士責任。 第一手消息請下載on.cc東網iPhone/iPad/Android/Windows Phone Apps,neutral,0,evaluative,0,neutral,
chinese,oriental_daily,od_10,2020-04-20,解放軍,中國人民解放軍,CN_ORG_2,1,中聯辦早前發文指，國務院港澳辦及中聯辦不屬於《基本法》第二十二條提及的「中央人民政府所屬各部門」，而是中央授權專責處理香港事務的機構。港府前晚一度表示，中聯辦是中央政府在香港根據《基本法》第二十二條第二款設立的三個機構之一，說法明顯與中聯辦有矛盾。港府知衰後於一小時內兩度「跪低」，先在同日深夜發新聞稿修正，將較早前提及的《基本法》第二十二條相關字眼刪除，並於昨日凌晨再發稿，指中聯辦是中央政府在香港設立的機構，不是《基本法》第二十二條第二款所指「中央各部門在香港特別行政區設立的機構」。有學者及政界人士均認為事件嚴重，質疑港府有人故意犯錯，抑或是詐傻扮懵，藉以反中亂港。 立法會內務委員會（內會）停擺逾半年，港澳辦及中聯辦近日分別就內會的運作發表言論，點名批評公民黨法律界議員郭榮鏗在主持內會主席選舉的會議上濫用權力「拉布」，蓄意令內會停擺，有違議員宣誓誓言，更涉公職人員行為失當。中聯辦之後再說明，指兩辦譴責議員癱瘓議會並非干預香港內部事務，批評反對派故意曲解《基本法》，更指兩辦是中央授權專責處理香港事務的機構，並非《基本法》第二十二條所指一般意義上的「中央人民政府所屬各部門」，是有權代表中央，就涉及中央與特區關係事務、政治體制正常運作和社會整體利益等重大問題，行使監督權。 港府前晚一度表示，中聯辦是中央政府在香港根據《基本法》第二十二條第二款設立的三個機構之一，獲中央授權專責處理香港事務，有權力和責任代表中央政府，就涉及中央與特區關係、《基本法》的正確實施、政治體制的正常運作、關於社會整體利益的事宜等重大事項表達意見，行使監督權。至前晚深夜十一時三十六分，港府再發聲明更正，指原文中「中聯辦是中央政府在香港根據《基本法》第二十二條第二款設立的三個機構之一」，應為「中聯辦是中央政府在香港設立的三個機構之一」，刪去「《基本法》第二十二條」的字眼。 其後港府再於昨日凌晨零時二十七分發稿，指中聯辦是中央政府在香港設立的機構，不是基本法第二十二條第二款所指「中央各部門在香港設立的機構」。中國外交部駐香港特派員公署是根據《基本法》第十三條設立的機構；而中國人民解放軍駐香港部隊是根據《基本法》第十四條設立的機構。 香港理工大學專業及持續教育學院講師陳偉強認為，今次事件情況嚴重，猶如「地方政府落中央駐港機構面」，並揭示港府內部存有很大問題，必須嚴厲整治。他認為，港府發任何新聞稿或聲明，應該相當謹慎，事前審核內容「隔沙咁隔」，但如今出錯，質疑是否有人故意犯錯，抑或是詐傻扮懵，藉以反中亂港；加上警方前日拘捕壹傳媒黎智英等民主派人士，同日就爆出今次事件，不能排除港府內部有人存心搗亂，大搞小動作藉此抗議，並向反對派提供政治彈藥。 陳又重提早前爆發的反修例風波中，有大批公務員出席以至舉辦相關集會，反映港府內部有不少人吃裏扒外，反對港府及中央政府，形容他們在港府內部大搞反中亂港之事，破壞力更大。他認為，政府應先將涉事人員停職，並徹查事件，若發現有人刻意為之，必須予以嚴厲處罰，以收殺一儆百之效，避免未來再次發生同類事件。 「廿三萬監察」發言人王國興同樣認為，不排除政府內部有人存心發聲明與中央政府作對，又質疑負責撰寫稿件的新聞處職員、負責提供專業法律意見的律政司人員對《基本法》條文理解有偏差，批評情況不能原諒。他又提到港府內部架構「一層管一層」，負責把關的政府高層「睇漏眼」是不能接受，認為港府必須反省及徹查事件，並應追究相關人士責任。 第一手消息請下載on.cc東網iPhone/iPad/Android/Windows Phone Apps,neutral,0,evaluative,0,neutral,
chinese,oriental_daily,od_10,2020-04-20,警隊,警方,HK_ORG_2a,1,中聯辦早前發文指，國務院港澳辦及中聯辦不屬於《基本法》第二十二條提及的「中央人民政府所屬各部門」，而是中央授權專責處理香港事務的機構。港府前晚一度表示，中聯辦是中央政府在香港根據《基本法》第二十二條第二款設立的三個機構之一，說法明顯與中聯辦有矛盾。港府知衰後於一小時內兩度「跪低」，先在同日深夜發新聞稿修正，將較早前提及的《基本法》第二十二條相關字眼刪除，並於昨日凌晨再發稿，指中聯辦是中央政府在香港設立的機構，不是《基本法》第二十二條第二款所指「中央各部門在香港特別行政區設立的機構」。有學者及政界人士均認為事件嚴重，質疑港府有人故意犯錯，抑或是詐傻扮懵，藉以反中亂港。 立法會內務委員會（內會）停擺逾半年，港澳辦及中聯辦近日分別就內會的運作發表言論，點名批評公民黨法律界議員郭榮鏗在主持內會主席選舉的會議上濫用權力「拉布」，蓄意令內會停擺，有違議員宣誓誓言，更涉公職人員行為失當。中聯辦之後再說明，指兩辦譴責議員癱瘓議會並非干預香港內部事務，批評反對派故意曲解《基本法》，更指兩辦是中央授權專責處理香港事務的機構，並非《基本法》第二十二條所指一般意義上的「中央人民政府所屬各部門」，是有權代表中央，就涉及中央與特區關係事務、政治體制正常運作和社會整體利益等重大問題，行使監督權。 港府前晚一度表示，中聯辦是中央政府在香港根據《基本法》第二十二條第二款設立的三個機構之一，獲中央授權專責處理香港事務，有權力和責任代表中央政府，就涉及中央與特區關係、《基本法》的正確實施、政治體制的正常運作、關於社會整體利益的事宜等重大事項表達意見，行使監督權。至前晚深夜十一時三十六分，港府再發聲明更正，指原文中「中聯辦是中央政府在香港根據《基本法》第二十二條第二款設立的三個機構之一」，應為「中聯辦是中央政府在香港設立的三個機構之一」，刪去「《基本法》第二十二條」的字眼。 其後港府再於昨日凌晨零時二十七分發稿，指中聯辦是中央政府在香港設立的機構，不是基本法第二十二條第二款所指「中央各部門在香港設立的機構」。中國外交部駐香港特派員公署是根據《基本法》第十三條設立的機構；而中國人民解放軍駐香港部隊是根據《基本法》第十四條設立的機構。 香港理工大學專業及持續教育學院講師陳偉強認為，今次事件情況嚴重，猶如「地方政府落中央駐港機構面」，並揭示港府內部存有很大問題，必須嚴厲整治。他認為，港府發任何新聞稿或聲明，應該相當謹慎，事前審核內容「隔沙咁隔」，但如今出錯，質疑是否有人故意犯錯，抑或是詐傻扮懵，藉以反中亂港；加上警方前日拘捕壹傳媒黎智英等民主派人士，同日就爆出今次事件，不能排除港府內部有人存心搗亂，大搞小動作藉此抗議，並向反對派提供政治彈藥。 陳又重提早前爆發的反修例風波中，有大批公務員出席以至舉辦相關集會，反映港府內部有不少人吃裏扒外，反對港府及中央政府，形容他們在港府內部大搞反中亂港之事，破壞力更大。他認為，政府應先將涉事人員停職，並徹查事件，若發現有人刻意為之，必須予以嚴厲處罰，以收殺一儆百之效，避免未來再次發生同類事件。 「廿三萬監察」發言人王國興同樣認為，不排除政府內部有人存心發聲明與中央政府作對，又質疑負責撰寫稿件的新聞處職員、負責提供專業法律意見的律政司人員對《基本法》條文理解有偏差，批評情況不能原諒。他又提到港府內部架構「一層管一層」，負責把關的政府高層「睇漏眼」是不能接受，認為港府必須反省及徹查事件，並應追究相關人士責任。 第一手消息請下載on.cc東網iPhone/iPad/Android/Windows Phone Apps,neutral,0,evaluative,0,positive,
chinese,oriental_daily,od_10,2020-04-20,香港政府,港府,HK_ORG_2a,14,中聯辦早前發文指，國務院港澳辦及中聯辦不屬於《基本法》第二十二條提及的「中央人民政府所屬各部門」，而是中央授權專責處理香港事務的機構。港府前晚一度表示，中聯辦是中央政府在香港根據《基本法》第二十二條第二款設立的三個機構之一，說法明顯與中聯辦有矛盾。港府知衰後於一小時內兩度「跪低」，先在同日深夜發新聞稿修正，將較早前提及的《基本法》第二十二條相關字眼刪除，並於昨日凌晨再發稿，指中聯辦是中央政府在香港設立的機構，不是《基本法》第二十二條第二款所指「中央各部門在香港特別行政區設立的機構」。有學者及政界人士均認為事件嚴重，質疑港府有人故意犯錯，抑或是詐傻扮懵，藉以反中亂港。 立法會內務委員會（內會）停擺逾半年，港澳辦及中聯辦近日分別就內會的運作發表言論，點名批評公民黨法律界議員郭榮鏗在主持內會主席選舉的會議上濫用權力「拉布」，蓄意令內會停擺，有違議員宣誓誓言，更涉公職人員行為失當。中聯辦之後再說明，指兩辦譴責議員癱瘓議會並非干預香港內部事務，批評反對派故意曲解《基本法》，更指兩辦是中央授權專責處理香港事務的機構，並非《基本法》第二十二條所指一般意義上的「中央人民政府所屬各部門」，是有權代表中央，就涉及中央與特區關係事務、政治體制正常運作和社會整體利益等重大問題，行使監督權。 港府前晚一度表示，中聯辦是中央政府在香港根據《基本法》第二十二條第二款設立的三個機構之一，獲中央授權專責處理香港事務，有權力和責任代表中央政府，就涉及中央與特區關係、《基本法》的正確實施、政治體制的正常運作、關於社會整體利益的事宜等重大事項表達意見，行使監督權。至前晚深夜十一時三十六分，港府再發聲明更正，指原文中「中聯辦是中央政府在香港根據《基本法》第二十二條第二款設立的三個機構之一」，應為「中聯辦是中央政府在香港設立的三個機構之一」，刪去「《基本法》第二十二條」的字眼。 其後港府再於昨日凌晨零時二十七分發稿，指中聯辦是中央政府在香港設立的機構，不是基本法第二十二條第二款所指「中央各部門在香港設立的機構」。中國外交部駐香港特派員公署是根據《基本法》第十三條設立的機構；而中國人民解放軍駐香港部隊是根據《基本法》第十四條設立的機構。 香港理工大學專業及持續教育學院講師陳偉強認為，今次事件情況嚴重，猶如「地方政府落中央駐港機構面」，並揭示港府內部存有很大問題，必須嚴厲整治。他認為，港府發任何新聞稿或聲明，應該相當謹慎，事前審核內容「隔沙咁隔」，但如今出錯，質疑是否有人故意犯錯，抑或是詐傻扮懵，藉以反中亂港；加上警方前日拘捕壹傳媒黎智英等民主派人士，同日就爆出今次事件，不能排除港府內部有人存心搗亂，大搞小動作藉此抗議，並向反對派提供政治彈藥。 陳又重提早前爆發的反修例風波中，有大批公務員出席以至舉辦相關集會，反映港府內部有不少人吃裏扒外，反對港府及中央政府，形容他們在港府內部大搞反中亂港之事，破壞力更大。他認為，政府應先將涉事人員停職，並徹查事件，若發現有人刻意為之，必須予以嚴厲處罰，以收殺一儆百之效，避免未來再次發生同類事件。 「廿三萬監察」發言人王國興同樣認為，不排除政府內部有人存心發聲明與中央政府作對，又質疑負責撰寫稿件的新聞處職員、負責提供專業法律意見的律政司人員對《基本法》條文理解有偏差，批評情況不能原諒。他又提到港府內部架構「一層管一層」，負責把關的政府高層「睇漏眼」是不能接受，認為港府必須反省及徹查事件，並應追究相關人士責任。 第一手消息請下載on.cc東網iPhone/iPad/Android/Windows Phone Apps,negative,-0.5,evaluative,-0.7,very negative,
chinese,oriental_daily,od_10,2020-04-20,駐港部隊,中國人民解放軍駐香港部隊,CN_ORG_2,1,中聯辦早前發文指，國務院港澳辦及中聯辦不屬於《基本法》第二十二條提及的「中央人民政府所屬各部門」，而是中央授權專責處理香港事務的機構。港府前晚一度表示，中聯辦是中央政府在香港根據《基本法》第二十二條第二款設立的三個機構之一，說法明顯與中聯辦有矛盾。港府知衰後於一小時內兩度「跪低」，先在同日深夜發新聞稿修正，將較早前提及的《基本法》第二十二條相關字眼刪除，並於昨日凌晨再發稿，指中聯辦是中央政府在香港設立的機構，不是《基本法》第二十二條第二款所指「中央各部門在香港特別行政區設立的機構」。有學者及政界人士均認為事件嚴重，質疑港府有人故意犯錯，抑或是詐傻扮懵，藉以反中亂港。 立法會內務委員會（內會）停擺逾半年，港澳辦及中聯辦近日分別就內會的運作發表言論，點名批評公民黨法律界議員郭榮鏗在主持內會主席選舉的會議上濫用權力「拉布」，蓄意令內會停擺，有違議員宣誓誓言，更涉公職人員行為失當。中聯辦之後再說明，指兩辦譴責議員癱瘓議會並非干預香港內部事務，批評反對派故意曲解《基本法》，更指兩辦是中央授權專責處理香港事務的機構，並非《基本法》第二十二條所指一般意義上的「中央人民政府所屬各部門」，是有權代表中央，就涉及中央與特區關係事務、政治體制正常運作和社會整體利益等重大問題，行使監督權。 港府前晚一度表示，中聯辦是中央政府在香港根據《基本法》第二十二條第二款設立的三個機構之一，獲中央授權專責處理香港事務，有權力和責任代表中央政府，就涉及中央與特區關係、《基本法》的正確實施、政治體制的正常運作、關於社會整體利益的事宜等重大事項表達意見，行使監督權。至前晚深夜十一時三十六分，港府再發聲明更正，指原文中「中聯辦是中央政府在香港根據《基本法》第二十二條第二款設立的三個機構之一」，應為「中聯辦是中央政府在香港設立的三個機構之一」，刪去「《基本法》第二十二條」的字眼。 其後港府再於昨日凌晨零時二十七分發稿，指中聯辦是中央政府在香港設立的機構，不是基本法第二十二條第二款所指「中央各部門在香港設立的機構」。中國外交部駐香港特派員公署是根據《基本法》第十三條設立的機構；而中國人民解放軍駐香港部隊是根據《基本法》第十四條設立的機構。 香港理工大學專業及持續教育學院講師陳偉強認為，今次事件情況嚴重，猶如「地方政府落中央駐港機構面」，並揭示港府內部存有很大問題，必須嚴厲整治。他認為，港府發任何新聞稿或聲明，應該相當謹慎，事前審核內容「隔沙咁隔」，但如今出錯，質疑是否有人故意犯錯，抑或是詐傻扮懵，藉以反中亂港；加上警方前日拘捕壹傳媒黎智英等民主派人士，同日就爆出今次事件，不能排除港府內部有人存心搗亂，大搞小動作藉此抗議，並向反對派提供政治彈藥。 陳又重提早前爆發的反修例風波中，有大批公務員出席以至舉辦相關集會，反映港府內部有不少人吃裏扒外，反對港府及中央政府，形容他們在港府內部大搞反中亂港之事，破壞力更大。他認為，政府應先將涉事人員停職，並徹查事件，若發現有人刻意為之，必須予以嚴厲處罰，以收殺一儆百之效，避免未來再次發生同類事件。 「廿三萬監察」發言人王國興同樣認為，不排除政府內部有人存心發聲明與中央政府作對，又質疑負責撰寫稿件的新聞處職員、負責提供專業法律意見的律政司人員對《基本法》條文理解有偏差，批評情況不能原諒。他又提到港府內部架構「一層管一層」，負責把關的政府高層「睇漏眼」是不能接受，認為港府必須反省及徹查事件，並應追究相關人士責任。 第一手消息請下載on.cc東網iPhone/iPad/Android/Windows Phone Apps,neutral,0,evaluative,0,neutral,
chinese,oriental_daily,od_10,2020-04-20,黎智英,黎智英,HK_PERSON_1b,1,中聯辦早前發文指，國務院港澳辦及中聯辦不屬於《基本法》第二十二條提及的「中央人民政府所屬各部門」，而是中央授權專責處理香港事務的機構。港府前晚一度表示，中聯辦是中央政府在香港根據《基本法》第二十二條第二款設立的三個機構之一，說法明顯與中聯辦有矛盾。港府知衰後於一小時內兩度「跪低」，先在同日深夜發新聞稿修正，將較早前提及的《基本法》第二十二條相關字眼刪除，並於昨日凌晨再發稿，指中聯辦是中央政府在香港設立的機構，不是《基本法》第二十二條第二款所指「中央各部門在香港特別行政區設立的機構」。有學者及政界人士均認為事件嚴重，質疑港府有人故意犯錯，抑或是詐傻扮懵，藉以反中亂港。 立法會內務委員會（內會）停擺逾半年，港澳辦及中聯辦近日分別就內會的運作發表言論，點名批評公民黨法律界議員郭榮鏗在主持內會主席選舉的會議上濫用權力「拉布」，蓄意令內會停擺，有違議員宣誓誓言，更涉公職人員行為失當。中聯辦之後再說明，指兩辦譴責議員癱瘓議會並非干預香港內部事務，批評反對派故意曲解《基本法》，更指兩辦是中央授權專責處理香港事務的機構，並非《基本法》第二十二條所指一般意義上的「中央人民政府所屬各部門」，是有權代表中央，就涉及中央與特區關係事務、政治體制正常運作和社會整體利益等重大問題，行使監督權。 港府前晚一度表示，中聯辦是中央政府在香港根據《基本法》第二十二條第二款設立的三個機構之一，獲中央授權專責處理香港事務，有權力和責任代表中央政府，就涉及中央與特區關係、《基本法》的正確實施、政治體制的正常運作、關於社會整體利益的事宜等重大事項表達意見，行使監督權。至前晚深夜十一時三十六分，港府再發聲明更正，指原文中「中聯辦是中央政府在香港根據《基本法》第二十二條第二款設立的三個機構之一」，應為「中聯辦是中央政府在香港設立的三個機構之一」，刪去「《基本法》第二十二條」的字眼。 其後港府再於昨日凌晨零時二十七分發稿，指中聯辦是中央政府在香港設立的機構，不是基本法第二十二條第二款所指「中央各部門在香港設立的機構」。中國外交部駐香港特派員公署是根據《基本法》第十三條設立的機構；而中國人民解放軍駐香港部隊是根據《基本法》第十四條設立的機構。 香港理工大學專業及持續教育學院講師陳偉強認為，今次事件情況嚴重，猶如「地方政府落中央駐港機構面」，並揭示港府內部存有很大問題，必須嚴厲整治。他認為，港府發任何新聞稿或聲明，應該相當謹慎，事前審核內容「隔沙咁隔」，但如今出錯，質疑是否有人故意犯錯，抑或是詐傻扮懵，藉以反中亂港；加上警方前日拘捕壹傳媒黎智英等民主派人士，同日就爆出今次事件，不能排除港府內部有人存心搗亂，大搞小動作藉此抗議，並向反對派提供政治彈藥。 陳又重提早前爆發的反修例風波中，有大批公務員出席以至舉辦相關集會，反映港府內部有不少人吃裏扒外，反對港府及中央政府，形容他們在港府內部大搞反中亂港之事，破壞力更大。他認為，政府應先將涉事人員停職，並徹查事件，若發現有人刻意為之，必須予以嚴厲處罰，以收殺一儆百之效，避免未來再次發生同類事件。 「廿三萬監察」發言人王國興同樣認為，不排除政府內部有人存心發聲明與中央政府作對，又質疑負責撰寫稿件的新聞處職員、負責提供專業法律意見的律政司人員對《基本法》條文理解有偏差，批評情況不能原諒。他又提到港府內部架構「一層管一層」，負責把關的政府高層「睇漏眼」是不能接受，認為港府必須反省及徹查事件，並應追究相關人士責任。 第一手消息請下載on.cc東網iPhone/iPad/Android/Windows Phone Apps,negative,-0.5,evaluative,-0.6,very negative,
chinese,passiontimes,pt_01,2023-01-18,解放軍,解放軍,CN_ORG_2,1,癸卯兔年將至，解放軍駐港部隊司令員彭京堂少將、政治委員賴如鑫海軍少將發稿，代表駐軍全體官兵，向全港市民拜年，恭祝幸福安康、闔家團圓、百業興旺、萬事勝意。 文中提到，2023年是全面貫徹落實黨的二十大精神的開局之年，認為經歷了社會動盪和疫情考驗的廣大市民，比以往任何時候都希冀國安家好人團圓的美好願景。他們亦堅信，有偉大祖國的堅定支持，有「一國兩制」方針的堅實保障，香港必能充分發揮「背靠祖國、聯通世界」的獨特優勢，在實現國家第二個百年奮鬥目標的新征程上，創造更大輝煌。 文中又指，站在香江之濱，凝視萬家燈火，駐軍官兵將一如既往堅守本職崗位、守護一方平安，與香港七百多萬同胞一道，滿懷信心和期待，共同迎接新春的到來。,very positive,1,evaluative,0.8,very positive,
chinese,passiontimes,pt_01,2023-01-18,駐港部隊,駐港部隊,CN_ORG_2,1,癸卯兔年將至，解放軍駐港部隊司令員彭京堂少將、政治委員賴如鑫海軍少將發稿，代表駐軍全體官兵，向全港市民拜年，恭祝幸福安康、闔家團圓、百業興旺、萬事勝意。 文中提到，2023年是全面貫徹落實黨的二十大精神的開局之年，認為經歷了社會動盪和疫情考驗的廣大市民，比以往任何時候都希冀國安家好人團圓的美好願景。他們亦堅信，有偉大祖國的堅定支持，有「一國兩制」方針的堅實保障，香港必能充分發揮「背靠祖國、聯通世界」的獨特優勢，在實現國家第二個百年奮鬥目標的新征程上，創造更大輝煌。 文中又指，站在香江之濱，凝視萬家燈火，駐軍官兵將一如既往堅守本職崗位、守護一方平安，與香港七百多萬同胞一道，滿懷信心和期待，共同迎接新春的到來。,positive,0.5,evaluative,0.8,very positive,
chinese,passiontimes,pt_02,2022-01-20,警隊,警方,HK_ORG_2a,3,"警方早前接獲報案，指有詐騙集團於2020年1月至2021年9月期間，在交友軟件平台上以「假援交」及「裸聊勒索」手法，先後詐騙或勒索18名受害人。 案中騙徒訛稱可提供援交服務，在受害人支付按金或購買點數卡後隨即失去聯絡；或誘騙受害人裸聊後，用其裸照或影片進行勒索。 經調查後警方鎖定一本地詐騙集團，並於昨日（1月19日）展開拘捕行動，以「勒索」及「以欺騙手段取得財產」罪拘捕2男2女，年齡介乎19至36歲，涉及騙款金額達42萬元。 灣仔警區重案組第一隊主管黃長俊高級督察表示，集團分工相當仔細，當中一名26歲男子及28歲女子，分別為集團主腦及骨幹成員，他們主要活躍社交平台，假扮性感女子去接觸受害人，之後與受害人溝通，並稱會提供援交及裸聊，誘使受害人受騙。另外一名36女子及19歲男子，就充當傀儡戶口持有人。 截至去年11月，警方分別錄得1,655「援交騙案」及1,024宗「裸聊勒索」，合計損失金額逾7,000萬港元。",positive,0.5,factual,0,positive,
chinese,passiontimes,pt_03,2019-01-22,律政司,律政司,HK_ORG_2a,1,一名65歲的士司機於2012年因車資問題，在西隧出口與乘客出現爭執，數名警員到場將事主拘捕時，疑使用過份武力，事主遭警箍頸引致頸椎移位，留院約一個月後不治，死因庭去年以3比2裁定死者非法被殺。涉案警員入稟高等法院申請司法覆核，要求撤銷死因庭判決。 涉案警員林偉榮質疑死因庭處理事實上出錯，沒有考慮所有相關因素，推論亦有不合邏輯之處。 申請人要求法庭撤回裁決，並再次展開聆訊。在是次覆核有結果前，禁止律政司採取任何檢控行動。,neutral,0,factual,0,neutral,
chinese,passiontimes,pt_03,2019-01-22,警隊,警員,HK_ORG_2a,3,一名65歲的士司機於2012年因車資問題，在西隧出口與乘客出現爭執，數名警員到場將事主拘捕時，疑使用過份武力，事主遭警箍頸引致頸椎移位，留院約一個月後不治，死因庭去年以3比2裁定死者非法被殺。涉案警員入稟高等法院申請司法覆核，要求撤銷死因庭判決。 涉案警員林偉榮質疑死因庭處理事實上出錯，沒有考慮所有相關因素，推論亦有不合邏輯之處。 申請人要求法庭撤回裁決，並再次展開聆訊。在是次覆核有結果前，禁止律政司採取任何檢控行動。,neutral,0,factual,0,negative,
chinese,passiontimes,pt_04,2021-06-30,中國夢,中國夢,CN_CONCEPT_5,1,據《新華社》報道，台灣一些政黨、團體和人士以賀電賀信等形式，向中國共產黨成立100週年表示祝賀，共同期盼兩岸關係和平發展與實現中華民族偉大復興。 報道指，中國國民黨前主席連戰在賀電中表示，中國共產黨創建百年，主導神州大陸建設72年，中華民族復興進程已達五千年曆史新高峰！至盼兩岸關係和平發展，所有中華兒女合力為我民族之事業再造新遒。 中國國民黨前主席洪秀柱亦專致賀函，表示中華民族偉大復興是歷史的必然，至盼兩岸促進融合，心靈契合，竭盡心力共同完成國家統一大業，共築國家富強、民族復興、人民幸福的中國夢。 親民黨主席宋楚瑜在賀電中表示，中國共產黨艱苦卓絕，奮鬥不懈，重振華夏，以人民福祉為先，人類命運共同體為念，深令世人刮目相看。至盼未來雙方致力促進兩岸和平發展，實現中華民族復興。新黨主席吳成典也在賀信中祝愿順利實現民族復興，希望兩岸持續交流合作，力促國家和平統一。,neutral,0,factual,0,very positive,
chinese,passiontimes,pt_04,2021-06-30,共產黨,共產黨,CN_CONCEPT_5,3,據《新華社》報道，台灣一些政黨、團體和人士以賀電賀信等形式，向中國共產黨成立100週年表示祝賀，共同期盼兩岸關係和平發展與實現中華民族偉大復興。 報道指，中國國民黨前主席連戰在賀電中表示，中國共產黨創建百年，主導神州大陸建設72年，中華民族復興進程已達五千年曆史新高峰！至盼兩岸關係和平發展，所有中華兒女合力為我民族之事業再造新遒。 中國國民黨前主席洪秀柱亦專致賀函，表示中華民族偉大復興是歷史的必然，至盼兩岸促進融合，心靈契合，竭盡心力共同完成國家統一大業，共築國家富強、民族復興、人民幸福的中國夢。 親民黨主席宋楚瑜在賀電中表示，中國共產黨艱苦卓絕，奮鬥不懈，重振華夏，以人民福祉為先，人類命運共同體為念，深令世人刮目相看。至盼未來雙方致力促進兩岸和平發展，實現中華民族復興。新黨主席吳成典也在賀信中祝愿順利實現民族復興，希望兩岸持續交流合作，力促國家和平統一。,neutral,0,factual,0,very positive,
chinese,passiontimes,pt_05,2025-07-08,警隊,警方,HK_ORG_2a,1,運輸署署長李頌恩今日（7月8日）對轄下一名文書助理遽然離世表示非常哀痛，並向其家屬致以最深切慰問，部門會盡力為家屬提供適切協助。 今日上午，該名員工在中環海港政府大樓的辦事處暈倒，隨即被送往律敦治醫院，其後不治。 警方正調查事件，運輸署會全力配合。,neutral,0,factual,0,neutral,
chinese,passiontimes,pt_06,2021-09-14,保安局,保安局,HK_ORG_2a,1,由前議員邵家臻於2020年成立的支援在囚者組織「石牆花」，今日（9月14日）宣布解散。 「石牆花」的社文平台專頁發聲明指，位於荔枝角的辦事處亦即日起停止服務，社交媒體停止更新；又指公司戶口的餘下財務安排，則從詳計議。 又指昨天（9月13日）起已停售「探監物資券」，換言之將不再收取任何有關物資券的收入，而所餘的探監物資將盡快分派給所需家屬；並會在完成結案程序後不再向任何人提供服務。 聲明提到，「石牆花」作為一間領有「貿易及輔導服務」商業牌照的有限公司，將會依據法律程序向公司註冊處申請撤銷註冊及解散，亦會按照勞工法例向現有員工遣散。現階段要專心完成結束工作，並不會接受媒體採訪。 保安局局長鄧炳強上星期見記者時，不點名批評有組織協助在囚人士建立特權和影響力，散播危害國安種子。又指監獄內有人聯同外面的人試圖建立勢力，又稱有組織壟斷監獄物品供應，有斂財和變成特權之嫌，更指「多一粒朱古力」在獄中是代表特權。 及後「石牆花」創辦人邵家臻曾回應，支援在囚者及其家屬純粹基於人道關懷，會反省和調整過往工作是否有意無意間造成誤會。又指組織成立以來一直免費贈交物資，不存在斂財或壟斷物資。,neutral,0,factual,0,neutral,
chinese,passiontimes,pt_06,2021-09-14,鄧炳強,鄧炳強,HK_PERSON_1a,1,由前議員邵家臻於2020年成立的支援在囚者組織「石牆花」，今日（9月14日）宣布解散。 「石牆花」的社文平台專頁發聲明指，位於荔枝角的辦事處亦即日起停止服務，社交媒體停止更新；又指公司戶口的餘下財務安排，則從詳計議。 又指昨天（9月13日）起已停售「探監物資券」，換言之將不再收取任何有關物資券的收入，而所餘的探監物資將盡快分派給所需家屬；並會在完成結案程序後不再向任何人提供服務。 聲明提到，「石牆花」作為一間領有「貿易及輔導服務」商業牌照的有限公司，將會依據法律程序向公司註冊處申請撤銷註冊及解散，亦會按照勞工法例向現有員工遣散。現階段要專心完成結束工作，並不會接受媒體採訪。 保安局局長鄧炳強上星期見記者時，不點名批評有組織協助在囚人士建立特權和影響力，散播危害國安種子。又指監獄內有人聯同外面的人試圖建立勢力，又稱有組織壟斷監獄物品供應，有斂財和變成特權之嫌，更指「多一粒朱古力」在獄中是代表特權。 及後「石牆花」創辦人邵家臻曾回應，支援在囚者及其家屬純粹基於人道關懷，會反省和調整過往工作是否有意無意間造成誤會。又指組織成立以來一直免費贈交物資，不存在斂財或壟斷物資。,neutral,0,factual,0,positive,
chinese,passiontimes,pt_07,2018-09-19,國務院,國務院,CN_ORG_2,1,颶風「山竹」襲港，災後香港滿目瘡痍，港府被各界指責不停工以便善後，致使怨聲載道。不過，林鄭昨日（9月18日）表示她的處理方法是最合適，而今日（9月19日）更傳出消息指林鄭的處理手法獲張曉明予以肯定。 據「國務院港澳事務辦公室」的官方網頁所示，9月17日下午主任張曉明在港澳辦會見由港府人員，包括行政長官辦公室主任陳國基率領的副局長、政治助理及「政策創新與統籌辦事處」政策及項目統籌人員研修班全體學員。張曉明在會見中對香港特區政府為成功應對超強颱風「山竹」襲擊所做的大量預警，救助和善後工作予以肯定。 林鄭昨日指，停課是考慮學生的安全，對於停工安排，政府根本沒有這個方案考慮，因為沒有機制評估停工對各行各業的影響、法律後果，因此只能前後三次呼籲，又指有三個商會響應。林鄭又指政府作為十八萬公務員的僱主，亦有彈性處理。惟結果是市面交通堵塞，帶來市民諸多不便。 （圖片來源：港澳辦網頁）,positive,0.5,evaluative,0.5,positive,
chinese,passiontimes,pt_07,2018-09-19,張曉明,張曉明,CN_PERSON_1,3,颶風「山竹」襲港，災後香港滿目瘡痍，港府被各界指責不停工以便善後，致使怨聲載道。不過，林鄭昨日（9月18日）表示她的處理方法是最合適，而今日（9月19日）更傳出消息指林鄭的處理手法獲張曉明予以肯定。 據「國務院港澳事務辦公室」的官方網頁所示，9月17日下午主任張曉明在港澳辦會見由港府人員，包括行政長官辦公室主任陳國基率領的副局長、政治助理及「政策創新與統籌辦事處」政策及項目統籌人員研修班全體學員。張曉明在會見中對香港特區政府為成功應對超強颱風「山竹」襲擊所做的大量預警，救助和善後工作予以肯定。 林鄭昨日指，停課是考慮學生的安全，對於停工安排，政府根本沒有這個方案考慮，因為沒有機制評估停工對各行各業的影響、法律後果，因此只能前後三次呼籲，又指有三個商會響應。林鄭又指政府作為十八萬公務員的僱主，亦有彈性處理。惟結果是市面交通堵塞，帶來市民諸多不便。 （圖片來源：港澳辦網頁）,neutral,0,evaluative,0.6,positive,
chinese,passiontimes,pt_07,2018-09-19,林鄭月娥,林鄭,HK_PERSON_1a,4,颶風「山竹」襲港，災後香港滿目瘡痍，港府被各界指責不停工以便善後，致使怨聲載道。不過，林鄭昨日（9月18日）表示她的處理方法是最合適，而今日（9月19日）更傳出消息指林鄭的處理手法獲張曉明予以肯定。 據「國務院港澳事務辦公室」的官方網頁所示，9月17日下午主任張曉明在港澳辦會見由港府人員，包括行政長官辦公室主任陳國基率領的副局長、政治助理及「政策創新與統籌辦事處」政策及項目統籌人員研修班全體學員。張曉明在會見中對香港特區政府為成功應對超強颱風「山竹」襲擊所做的大量預警，救助和善後工作予以肯定。 林鄭昨日指，停課是考慮學生的安全，對於停工安排，政府根本沒有這個方案考慮，因為沒有機制評估停工對各行各業的影響、法律後果，因此只能前後三次呼籲，又指有三個商會響應。林鄭又指政府作為十八萬公務員的僱主，亦有彈性處理。惟結果是市面交通堵塞，帶來市民諸多不便。 （圖片來源：港澳辦網頁）,negative,-0.5,evaluative,-0.3,neutral,
chinese,passiontimes,pt_07,2018-09-19,港澳辦,國務院港澳事務辦公室 | 港澳辦,CN_ORG_2,3,颶風「山竹」襲港，災後香港滿目瘡痍，港府被各界指責不停工以便善後，致使怨聲載道。不過，林鄭昨日（9月18日）表示她的處理方法是最合適，而今日（9月19日）更傳出消息指林鄭的處理手法獲張曉明予以肯定。 據「國務院港澳事務辦公室」的官方網頁所示，9月17日下午主任張曉明在港澳辦會見由港府人員，包括行政長官辦公室主任陳國基率領的副局長、政治助理及「政策創新與統籌辦事處」政策及項目統籌人員研修班全體學員。張曉明在會見中對香港特區政府為成功應對超強颱風「山竹」襲擊所做的大量預警，救助和善後工作予以肯定。 林鄭昨日指，停課是考慮學生的安全，對於停工安排，政府根本沒有這個方案考慮，因為沒有機制評估停工對各行各業的影響、法律後果，因此只能前後三次呼籲，又指有三個商會響應。林鄭又指政府作為十八萬公務員的僱主，亦有彈性處理。惟結果是市面交通堵塞，帶來市民諸多不便。 （圖片來源：港澳辦網頁）,positive,0.5,evaluative,0.6,positive,
chinese,passiontimes,pt_07,2018-09-19,香港政府,港府 | 特區政府,HK_ORG_2a,3,颶風「山竹」襲港，災後香港滿目瘡痍，港府被各界指責不停工以便善後，致使怨聲載道。不過，林鄭昨日（9月18日）表示她的處理方法是最合適，而今日（9月19日）更傳出消息指林鄭的處理手法獲張曉明予以肯定。 據「國務院港澳事務辦公室」的官方網頁所示，9月17日下午主任張曉明在港澳辦會見由港府人員，包括行政長官辦公室主任陳國基率領的副局長、政治助理及「政策創新與統籌辦事處」政策及項目統籌人員研修班全體學員。張曉明在會見中對香港特區政府為成功應對超強颱風「山竹」襲擊所做的大量預警，救助和善後工作予以肯定。 林鄭昨日指，停課是考慮學生的安全，對於停工安排，政府根本沒有這個方案考慮，因為沒有機制評估停工對各行各業的影響、法律後果，因此只能前後三次呼籲，又指有三個商會響應。林鄭又指政府作為十八萬公務員的僱主，亦有彈性處理。惟結果是市面交通堵塞，帶來市民諸多不便。 （圖片來源：港澳辦網頁）,neutral,0,evaluative,0.2,neutral,
chinese,passiontimes,pt_08,2019-10-17,中央政府,中國政府,CN_ORG_2,1,美國國務卿蓬佩奧（Mike Pompeo）指，要求要求中國領導人尊重一國兩制承諾。 蓬佩奧周三接受霍士商業新聞網採訪，稱美國總統指中國作出了承諾，承諾一個國家，兩個系統，要求中國領導人尊重他們所作的承諾。 蓬佩奧又指出香港抗議者要求中國政府遵守依據1984年中英聯合聲明以及所謂「一國兩制」所做的承諾，而中國當局是在提交給聯合國的協議中對英國做出這一承諾的，美國的一貫政策是中國應遵守這項承諾。 他表示，美國總統特朗普希望確保中國善待香港的抗議人士，這些都是美國香港政策的核心所在。 專責東亞和太平洋事務的助理國務卿史迪威（David Stilwell）則在參議院外委會的小組委員會上表達對港人的支持，認為必須大力保障表達及和平集會自由等港人的核心價值，強調會繼續促北京恪守承諾。 (Department of State Twitter截圖),negative,-0.5,factual,0,negative,
chinese,passiontimes,pt_08,2019-10-17,示威,集會,HK_CONCEPT_5d,1,美國國務卿蓬佩奧（Mike Pompeo）指，要求要求中國領導人尊重一國兩制承諾。 蓬佩奧周三接受霍士商業新聞網採訪，稱美國總統指中國作出了承諾，承諾一個國家，兩個系統，要求中國領導人尊重他們所作的承諾。 蓬佩奧又指出香港抗議者要求中國政府遵守依據1984年中英聯合聲明以及所謂「一國兩制」所做的承諾，而中國當局是在提交給聯合國的協議中對英國做出這一承諾的，美國的一貫政策是中國應遵守這項承諾。 他表示，美國總統特朗普希望確保中國善待香港的抗議人士，這些都是美國香港政策的核心所在。 專責東亞和太平洋事務的助理國務卿史迪威（David Stilwell）則在參議院外委會的小組委員會上表達對港人的支持，認為必須大力保障表達及和平集會自由等港人的核心價值，強調會繼續促北京恪守承諾。 (Department of State Twitter截圖),positive,0.5,factual,0,positive,
chinese,passiontimes,pt_09,2025-11-04,民主黨,民主黨,HK_CONCEPT_5e,1,美國紐約市長選舉當地星期二（11月4日）舉行。美國總統特朗普表示，如果民主黨候選人曼達尼在選舉中獲勝，他將限制向紐約提供聯邦資金，並敦促支持者投票給前紐約州州長科莫。 特朗普當地星期一（11月3日）在旗下社交平台貼文，呼籲選民無論是否喜歡科莫，都別無選擇，必須投票給他，並希望他能出色地完成工作。特朗普又說，如果曼達尼贏得選舉，除了按規定提供最低限度的聯邦資金外，他極不可能提供其他資金。 民調顯示，34歲的曼達尼支持率領先以獨立候選人身份參選的科莫及共和黨候選人斯利瓦。 （圖片來源：unsplash）,neutral,0,factual,0,neutral,
chinese,passiontimes,pt_10,2024-12-05,外交部,外交部,CN_ORG_2,1,《朝中社》報道，北韓和俄羅斯政府日前在莫斯科交換《朝俄全面戰略夥伴關係條約》批准書，條約正式生效。 報道指，北韓外務省副相金正奎和俄羅斯聯邦外交部副部長安德烈魯登科在莫斯科簽署了批准書交換議定書。根據條約第22條，條約從批准書交換之日（12月4日）起生效，雙方2000年2月9日簽訂的《朝俄友好睦鄰合作條約》隨之失效。 報道又稱，《全面戰略夥伴關係條約》是實現朝俄兩國領導層推動雙邊關係提升到新的戰略高度、按照共同利益堅決維護地區與世界的安全環境、建設強大國家的遠大構想與人民心願的法律基礎。基於新條約的強大朝俄關係是為兩國人民謀福祉、緩解地區緊張局勢、有力保障國際戰略穩定的安全保障機制，將成為加速推動無支配、無奴役、無霸權的自主正義多極化世界秩序健全進程的強大力量。 今年6月19日，北韓領袖金正恩和俄羅斯總統普京在平壤簽署《朝俄全面戰略夥伴關係條約》。條約規定，如果一方受到某一國或數國的武力攻擊，並處於戰爭狀態，另一方將立即動員一切可用手段提供軍事援助。 （圖片來源：克里姆林宮）,neutral,0,factual,0,neutral,
chinese,sing_tao,st_01,2018-07-08,公安部,公安,CN_ORG_2,2,（星島日報報道）「逃犯剋星」張學友屢顯神通！香港歌神張學友前晚在內蒙古呼和浩特舉辦的演唱會在雨中開唱，在開場前，一名逃犯被警方逮捕歸案。這已經是自四月以來，警方在張學友演唱會上逮捕到的第六名逃犯。 前晚十點左右時，浩特市公安局官方微博青城公安披露，張學友演唱會還沒開始，在核驗進場觀眾身分信息時，民警查獲一名全國在逃犯王某某。 據了解，王某某一個月前來到呼和浩特市，聽說張學友演唱會，專程從網上買了票，冒雨去看演唱會，沒想到在演唱會門口現出原形，隨後在場內被員警帶走。 自四月以來，警方分別在張學友的南昌、贛州、嘉興、金華四場巡迴演唱會上，逮捕到五個逃犯，警方在這次呼和浩特演唱會上再次抓到逃犯，消息一出，有網友打趣形容：「逃犯剋星張學友屢顯神通」。張學友此前被傳媒問及成為「逃犯剋星」笑言：「不在我的演唱會被捉，去便利商店也會被捉啦！感謝你們來看我的演唱會，無論是甚麼人，我想都需要娛樂。」,neutral,0,factual,0,positive,
chinese,sing_tao,st_01,2018-07-08,警隊,警方,HK_ORG_2a,4,（星島日報報道）「逃犯剋星」張學友屢顯神通！香港歌神張學友前晚在內蒙古呼和浩特舉辦的演唱會在雨中開唱，在開場前，一名逃犯被警方逮捕歸案。這已經是自四月以來，警方在張學友演唱會上逮捕到的第六名逃犯。 前晚十點左右時，浩特市公安局官方微博青城公安披露，張學友演唱會還沒開始，在核驗進場觀眾身分信息時，民警查獲一名全國在逃犯王某某。 據了解，王某某一個月前來到呼和浩特市，聽說張學友演唱會，專程從網上買了票，冒雨去看演唱會，沒想到在演唱會門口現出原形，隨後在場內被員警帶走。 自四月以來，警方分別在張學友的南昌、贛州、嘉興、金華四場巡迴演唱會上，逮捕到五個逃犯，警方在這次呼和浩特演唱會上再次抓到逃犯，消息一出，有網友打趣形容：「逃犯剋星張學友屢顯神通」。張學友此前被傳媒問及成為「逃犯剋星」笑言：「不在我的演唱會被捉，去便利商店也會被捉啦！感謝你們來看我的演唱會，無論是甚麼人，我想都需要娛樂。」,positive,0.5,factual,0,positive,
chinese,sing_tao,st_02,2016-05-17,國務院,國務院,CN_ORG_2,1,(星島日報報道)海南省委書記羅保銘昨日率團來港招商，透露海口市美蘭機場的免稅店將於二十日正式開門營業。 國務院去年年初宣布將打造「海南國際旅遊島」上升到國家戰略，措施實施近兩年，當地唯一的免稅店——三亞免稅店，每天的銷售額已經達到六百萬元人民幣。為彌補離島免稅額度小、政策不完善和購物不方便等問題，羅保銘昨日透露，位於海口市美蘭機場的免稅店將於本月中旬進行檢測，並在二十日正式營業。,neutral,0,factual,0,positive,
chinese,sing_tao,st_03,2017-01-21,梁君彥,梁君彥,HK_PERSON_1a,1,臨近農曆新年，立法會大堂昨午迎來瑪利諾修院學校（中學部）學生表演中樂，演奏五首喜慶樂曲，增添節日氣氛，吸引到多名立法會議員包括立法會主席梁君彥及立法會職員到場欣賞。 是次的「與立法會議員暢談計劃」午間音樂表演屬試驗性質，冀藉此向公眾推廣立法會工作。,neutral,0,factual,0,neutral,
chinese,sing_tao,st_04,2019-12-04,公安部,公安部 | 公安,CN_ORG_2,6,(星島日報報道)反修例風暴迄今持續達半年，特首林鄭月娥要「止暴制亂」，依靠警隊執法。本報獲悉，在上月十九日上任的警務處處長鄧炳強星期五起將會訪京，展開首個以「一哥」身分的兩日訪京行程，將拜訪北京公安部及港澳辦，料有機會與公安部部長趙克志及港澳辦主任張曉明會面。據悉，由於民陣申請星期日再舉辦大遊行，一哥將在當日乘坐凌晨機趕返坐鎮主持大局。 警務處處長鄧炳強上任兩星期，一直馬不停蹄處理社會暴力事故，他的四大工作目標，包括繼續止暴制亂；加強應變如「山竹」、反修例暴力事故能力，更着重做好應對重大事故、天災人禍及反恐工作；與社會重新建立有效聯繫，團結公眾力量；全方位支援同事。 據悉，鄧炳強按警隊慣例在上任初期訪問北京，今次隨行人員包括新任警務處副處長（行動）蕭澤頤、一哥的副官等等。一行人將於星期五出發赴北京，拜會北京重要單位，打打招呼，打通人脈，助加強未來溝通合作，意義重大。 據了解，鄧炳強一行人在星期五抵京後，在黃昏會出席宴會，第二日星期六上午及下午，將會分別拜訪公安部及港澳辦，預料有機會與公安部部長趙克志和港澳辦主任張曉明會面。 據知，他在星期日凌晨即會乘坐飛機趕返香港，因為民陣當日將舉辦大遊行，他要回來坐鎮主持大局。警方正在處理民陣大遊行申請，民陣要求由維園遊行至中環遮打道。 趙克志在一七年十九大之後升任公安部部長，去年更先後兼任國務委員和中央政法委副書記。趙克志並出任中央港澳協調小組副組長，顯示公安系統在涉港事務將扮演更重要角色。,neutral,0,factual,0,neutral,
chinese,sing_tao,st_04,2019-12-04,反送中,反修例,HK_EVENT_3,2,(星島日報報道)反修例風暴迄今持續達半年，特首林鄭月娥要「止暴制亂」，依靠警隊執法。本報獲悉，在上月十九日上任的警務處處長鄧炳強星期五起將會訪京，展開首個以「一哥」身分的兩日訪京行程，將拜訪北京公安部及港澳辦，料有機會與公安部部長趙克志及港澳辦主任張曉明會面。據悉，由於民陣申請星期日再舉辦大遊行，一哥將在當日乘坐凌晨機趕返坐鎮主持大局。 警務處處長鄧炳強上任兩星期，一直馬不停蹄處理社會暴力事故，他的四大工作目標，包括繼續止暴制亂；加強應變如「山竹」、反修例暴力事故能力，更着重做好應對重大事故、天災人禍及反恐工作；與社會重新建立有效聯繫，團結公眾力量；全方位支援同事。 據悉，鄧炳強按警隊慣例在上任初期訪問北京，今次隨行人員包括新任警務處副處長（行動）蕭澤頤、一哥的副官等等。一行人將於星期五出發赴北京，拜會北京重要單位，打打招呼，打通人脈，助加強未來溝通合作，意義重大。 據了解，鄧炳強一行人在星期五抵京後，在黃昏會出席宴會，第二日星期六上午及下午，將會分別拜訪公安部及港澳辦，預料有機會與公安部部長趙克志和港澳辦主任張曉明會面。 據知，他在星期日凌晨即會乘坐飛機趕返香港，因為民陣當日將舉辦大遊行，他要回來坐鎮主持大局。警方正在處理民陣大遊行申請，民陣要求由維園遊行至中環遮打道。 趙克志在一七年十九大之後升任公安部部長，去年更先後兼任國務委員和中央政法委副書記。趙克志並出任中央港澳協調小組副組長，顯示公安系統在涉港事務將扮演更重要角色。,negative,-0.5,factual,0,negative,
chinese,sing_tao,st_04,2019-12-04,張曉明,張曉明,CN_PERSON_1,2,(星島日報報道)反修例風暴迄今持續達半年，特首林鄭月娥要「止暴制亂」，依靠警隊執法。本報獲悉，在上月十九日上任的警務處處長鄧炳強星期五起將會訪京，展開首個以「一哥」身分的兩日訪京行程，將拜訪北京公安部及港澳辦，料有機會與公安部部長趙克志及港澳辦主任張曉明會面。據悉，由於民陣申請星期日再舉辦大遊行，一哥將在當日乘坐凌晨機趕返坐鎮主持大局。 警務處處長鄧炳強上任兩星期，一直馬不停蹄處理社會暴力事故，他的四大工作目標，包括繼續止暴制亂；加強應變如「山竹」、反修例暴力事故能力，更着重做好應對重大事故、天災人禍及反恐工作；與社會重新建立有效聯繫，團結公眾力量；全方位支援同事。 據悉，鄧炳強按警隊慣例在上任初期訪問北京，今次隨行人員包括新任警務處副處長（行動）蕭澤頤、一哥的副官等等。一行人將於星期五出發赴北京，拜會北京重要單位，打打招呼，打通人脈，助加強未來溝通合作，意義重大。 據了解，鄧炳強一行人在星期五抵京後，在黃昏會出席宴會，第二日星期六上午及下午，將會分別拜訪公安部及港澳辦，預料有機會與公安部部長趙克志和港澳辦主任張曉明會面。 據知，他在星期日凌晨即會乘坐飛機趕返香港，因為民陣當日將舉辦大遊行，他要回來坐鎮主持大局。警方正在處理民陣大遊行申請，民陣要求由維園遊行至中環遮打道。 趙克志在一七年十九大之後升任公安部部長，去年更先後兼任國務委員和中央政法委副書記。趙克志並出任中央港澳協調小組副組長，顯示公安系統在涉港事務將扮演更重要角色。,neutral,0,factual,0,neutral,
chinese,sing_tao,st_04,2019-12-04,林鄭月娥,林鄭月娥,HK_PERSON_1a,1,(星島日報報道)反修例風暴迄今持續達半年，特首林鄭月娥要「止暴制亂」，依靠警隊執法。本報獲悉，在上月十九日上任的警務處處長鄧炳強星期五起將會訪京，展開首個以「一哥」身分的兩日訪京行程，將拜訪北京公安部及港澳辦，料有機會與公安部部長趙克志及港澳辦主任張曉明會面。據悉，由於民陣申請星期日再舉辦大遊行，一哥將在當日乘坐凌晨機趕返坐鎮主持大局。 警務處處長鄧炳強上任兩星期，一直馬不停蹄處理社會暴力事故，他的四大工作目標，包括繼續止暴制亂；加強應變如「山竹」、反修例暴力事故能力，更着重做好應對重大事故、天災人禍及反恐工作；與社會重新建立有效聯繫，團結公眾力量；全方位支援同事。 據悉，鄧炳強按警隊慣例在上任初期訪問北京，今次隨行人員包括新任警務處副處長（行動）蕭澤頤、一哥的副官等等。一行人將於星期五出發赴北京，拜會北京重要單位，打打招呼，打通人脈，助加強未來溝通合作，意義重大。 據了解，鄧炳強一行人在星期五抵京後，在黃昏會出席宴會，第二日星期六上午及下午，將會分別拜訪公安部及港澳辦，預料有機會與公安部部長趙克志和港澳辦主任張曉明會面。 據知，他在星期日凌晨即會乘坐飛機趕返香港，因為民陣當日將舉辦大遊行，他要回來坐鎮主持大局。警方正在處理民陣大遊行申請，民陣要求由維園遊行至中環遮打道。 趙克志在一七年十九大之後升任公安部部長，去年更先後兼任國務委員和中央政法委副書記。趙克志並出任中央港澳協調小組副組長，顯示公安系統在涉港事務將扮演更重要角色。,neutral,0,factual,0,neutral,
chinese,sing_tao,st_04,2019-12-04,民陣,民陣,HK_CONCEPT_5e,4,(星島日報報道)反修例風暴迄今持續達半年，特首林鄭月娥要「止暴制亂」，依靠警隊執法。本報獲悉，在上月十九日上任的警務處處長鄧炳強星期五起將會訪京，展開首個以「一哥」身分的兩日訪京行程，將拜訪北京公安部及港澳辦，料有機會與公安部部長趙克志及港澳辦主任張曉明會面。據悉，由於民陣申請星期日再舉辦大遊行，一哥將在當日乘坐凌晨機趕返坐鎮主持大局。 警務處處長鄧炳強上任兩星期，一直馬不停蹄處理社會暴力事故，他的四大工作目標，包括繼續止暴制亂；加強應變如「山竹」、反修例暴力事故能力，更着重做好應對重大事故、天災人禍及反恐工作；與社會重新建立有效聯繫，團結公眾力量；全方位支援同事。 據悉，鄧炳強按警隊慣例在上任初期訪問北京，今次隨行人員包括新任警務處副處長（行動）蕭澤頤、一哥的副官等等。一行人將於星期五出發赴北京，拜會北京重要單位，打打招呼，打通人脈，助加強未來溝通合作，意義重大。 據了解，鄧炳強一行人在星期五抵京後，在黃昏會出席宴會，第二日星期六上午及下午，將會分別拜訪公安部及港澳辦，預料有機會與公安部部長趙克志和港澳辦主任張曉明會面。 據知，他在星期日凌晨即會乘坐飛機趕返香港，因為民陣當日將舉辦大遊行，他要回來坐鎮主持大局。警方正在處理民陣大遊行申請，民陣要求由維園遊行至中環遮打道。 趙克志在一七年十九大之後升任公安部部長，去年更先後兼任國務委員和中央政法委副書記。趙克志並出任中央港澳協調小組副組長，顯示公安系統在涉港事務將扮演更重要角色。,neutral,0,factual,0,negative,
chinese,sing_tao,st_04,2019-12-04,港澳辦,港澳辦,CN_ORG_2,4,(星島日報報道)反修例風暴迄今持續達半年，特首林鄭月娥要「止暴制亂」，依靠警隊執法。本報獲悉，在上月十九日上任的警務處處長鄧炳強星期五起將會訪京，展開首個以「一哥」身分的兩日訪京行程，將拜訪北京公安部及港澳辦，料有機會與公安部部長趙克志及港澳辦主任張曉明會面。據悉，由於民陣申請星期日再舉辦大遊行，一哥將在當日乘坐凌晨機趕返坐鎮主持大局。 警務處處長鄧炳強上任兩星期，一直馬不停蹄處理社會暴力事故，他的四大工作目標，包括繼續止暴制亂；加強應變如「山竹」、反修例暴力事故能力，更着重做好應對重大事故、天災人禍及反恐工作；與社會重新建立有效聯繫，團結公眾力量；全方位支援同事。 據悉，鄧炳強按警隊慣例在上任初期訪問北京，今次隨行人員包括新任警務處副處長（行動）蕭澤頤、一哥的副官等等。一行人將於星期五出發赴北京，拜會北京重要單位，打打招呼，打通人脈，助加強未來溝通合作，意義重大。 據了解，鄧炳強一行人在星期五抵京後，在黃昏會出席宴會，第二日星期六上午及下午，將會分別拜訪公安部及港澳辦，預料有機會與公安部部長趙克志和港澳辦主任張曉明會面。 據知，他在星期日凌晨即會乘坐飛機趕返香港，因為民陣當日將舉辦大遊行，他要回來坐鎮主持大局。警方正在處理民陣大遊行申請，民陣要求由維園遊行至中環遮打道。 趙克志在一七年十九大之後升任公安部部長，去年更先後兼任國務委員和中央政法委副書記。趙克志並出任中央港澳協調小組副組長，顯示公安系統在涉港事務將扮演更重要角色。,neutral,0,factual,0,neutral,
chinese,sing_tao,st_04,2019-12-04,示威,遊行,HK_CONCEPT_5d,4,(星島日報報道)反修例風暴迄今持續達半年，特首林鄭月娥要「止暴制亂」，依靠警隊執法。本報獲悉，在上月十九日上任的警務處處長鄧炳強星期五起將會訪京，展開首個以「一哥」身分的兩日訪京行程，將拜訪北京公安部及港澳辦，料有機會與公安部部長趙克志及港澳辦主任張曉明會面。據悉，由於民陣申請星期日再舉辦大遊行，一哥將在當日乘坐凌晨機趕返坐鎮主持大局。 警務處處長鄧炳強上任兩星期，一直馬不停蹄處理社會暴力事故，他的四大工作目標，包括繼續止暴制亂；加強應變如「山竹」、反修例暴力事故能力，更着重做好應對重大事故、天災人禍及反恐工作；與社會重新建立有效聯繫，團結公眾力量；全方位支援同事。 據悉，鄧炳強按警隊慣例在上任初期訪問北京，今次隨行人員包括新任警務處副處長（行動）蕭澤頤、一哥的副官等等。一行人將於星期五出發赴北京，拜會北京重要單位，打打招呼，打通人脈，助加強未來溝通合作，意義重大。 據了解，鄧炳強一行人在星期五抵京後，在黃昏會出席宴會，第二日星期六上午及下午，將會分別拜訪公安部及港澳辦，預料有機會與公安部部長趙克志和港澳辦主任張曉明會面。 據知，他在星期日凌晨即會乘坐飛機趕返香港，因為民陣當日將舉辦大遊行，他要回來坐鎮主持大局。警方正在處理民陣大遊行申請，民陣要求由維園遊行至中環遮打道。 趙克志在一七年十九大之後升任公安部部長，去年更先後兼任國務委員和中央政法委副書記。趙克志並出任中央港澳協調小組副組長，顯示公安系統在涉港事務將扮演更重要角色。,negative,-0.5,factual,0,negative,
chinese,sing_tao,st_04,2019-12-04,警隊,警隊 | 警務處 | 警方,HK_ORG_2a,6,(星島日報報道)反修例風暴迄今持續達半年，特首林鄭月娥要「止暴制亂」，依靠警隊執法。本報獲悉，在上月十九日上任的警務處處長鄧炳強星期五起將會訪京，展開首個以「一哥」身分的兩日訪京行程，將拜訪北京公安部及港澳辦，料有機會與公安部部長趙克志及港澳辦主任張曉明會面。據悉，由於民陣申請星期日再舉辦大遊行，一哥將在當日乘坐凌晨機趕返坐鎮主持大局。 警務處處長鄧炳強上任兩星期，一直馬不停蹄處理社會暴力事故，他的四大工作目標，包括繼續止暴制亂；加強應變如「山竹」、反修例暴力事故能力，更着重做好應對重大事故、天災人禍及反恐工作；與社會重新建立有效聯繫，團結公眾力量；全方位支援同事。 據悉，鄧炳強按警隊慣例在上任初期訪問北京，今次隨行人員包括新任警務處副處長（行動）蕭澤頤、一哥的副官等等。一行人將於星期五出發赴北京，拜會北京重要單位，打打招呼，打通人脈，助加強未來溝通合作，意義重大。 據了解，鄧炳強一行人在星期五抵京後，在黃昏會出席宴會，第二日星期六上午及下午，將會分別拜訪公安部及港澳辦，預料有機會與公安部部長趙克志和港澳辦主任張曉明會面。 據知，他在星期日凌晨即會乘坐飛機趕返香港，因為民陣當日將舉辦大遊行，他要回來坐鎮主持大局。警方正在處理民陣大遊行申請，民陣要求由維園遊行至中環遮打道。 趙克志在一七年十九大之後升任公安部部長，去年更先後兼任國務委員和中央政法委副書記。趙克志並出任中央港澳協調小組副組長，顯示公安系統在涉港事務將扮演更重要角色。,neutral,0,factual,0,positive,
chinese,sing_tao,st_04,2019-12-04,趙克志,趙克志,CN_PERSON_1,4,(星島日報報道)反修例風暴迄今持續達半年，特首林鄭月娥要「止暴制亂」，依靠警隊執法。本報獲悉，在上月十九日上任的警務處處長鄧炳強星期五起將會訪京，展開首個以「一哥」身分的兩日訪京行程，將拜訪北京公安部及港澳辦，料有機會與公安部部長趙克志及港澳辦主任張曉明會面。據悉，由於民陣申請星期日再舉辦大遊行，一哥將在當日乘坐凌晨機趕返坐鎮主持大局。 警務處處長鄧炳強上任兩星期，一直馬不停蹄處理社會暴力事故，他的四大工作目標，包括繼續止暴制亂；加強應變如「山竹」、反修例暴力事故能力，更着重做好應對重大事故、天災人禍及反恐工作；與社會重新建立有效聯繫，團結公眾力量；全方位支援同事。 據悉，鄧炳強按警隊慣例在上任初期訪問北京，今次隨行人員包括新任警務處副處長（行動）蕭澤頤、一哥的副官等等。一行人將於星期五出發赴北京，拜會北京重要單位，打打招呼，打通人脈，助加強未來溝通合作，意義重大。 據了解，鄧炳強一行人在星期五抵京後，在黃昏會出席宴會，第二日星期六上午及下午，將會分別拜訪公安部及港澳辦，預料有機會與公安部部長趙克志和港澳辦主任張曉明會面。 據知，他在星期日凌晨即會乘坐飛機趕返香港，因為民陣當日將舉辦大遊行，他要回來坐鎮主持大局。警方正在處理民陣大遊行申請，民陣要求由維園遊行至中環遮打道。 趙克志在一七年十九大之後升任公安部部長，去年更先後兼任國務委員和中央政法委副書記。趙克志並出任中央港澳協調小組副組長，顯示公安系統在涉港事務將扮演更重要角色。,neutral,0,factual,0,neutral,
chinese,sing_tao,st_04,2019-12-04,鄧炳強,鄧炳強,HK_PERSON_1a,4,(星島日報報道)反修例風暴迄今持續達半年，特首林鄭月娥要「止暴制亂」，依靠警隊執法。本報獲悉，在上月十九日上任的警務處處長鄧炳強星期五起將會訪京，展開首個以「一哥」身分的兩日訪京行程，將拜訪北京公安部及港澳辦，料有機會與公安部部長趙克志及港澳辦主任張曉明會面。據悉，由於民陣申請星期日再舉辦大遊行，一哥將在當日乘坐凌晨機趕返坐鎮主持大局。 警務處處長鄧炳強上任兩星期，一直馬不停蹄處理社會暴力事故，他的四大工作目標，包括繼續止暴制亂；加強應變如「山竹」、反修例暴力事故能力，更着重做好應對重大事故、天災人禍及反恐工作；與社會重新建立有效聯繫，團結公眾力量；全方位支援同事。 據悉，鄧炳強按警隊慣例在上任初期訪問北京，今次隨行人員包括新任警務處副處長（行動）蕭澤頤、一哥的副官等等。一行人將於星期五出發赴北京，拜會北京重要單位，打打招呼，打通人脈，助加強未來溝通合作，意義重大。 據了解，鄧炳強一行人在星期五抵京後，在黃昏會出席宴會，第二日星期六上午及下午，將會分別拜訪公安部及港澳辦，預料有機會與公安部部長趙克志和港澳辦主任張曉明會面。 據知，他在星期日凌晨即會乘坐飛機趕返香港，因為民陣當日將舉辦大遊行，他要回來坐鎮主持大局。警方正在處理民陣大遊行申請，民陣要求由維園遊行至中環遮打道。 趙克志在一七年十九大之後升任公安部部長，去年更先後兼任國務委員和中央政法委副書記。趙克志並出任中央港澳協調小組副組長，顯示公安系統在涉港事務將扮演更重要角色。,neutral,0,factual,0,positive,
chinese,sing_tao,st_05,2020-05-28,警隊,警方 | 警員,HK_ORG_2a,6,因應疫情港府於4月初刊憲實施「禁營業令」，下令健身中心、遊樂場所、公眾娛樂場所、卡拉OK等處所均要停業。警方於上月中旬突擊檢查時搗破一個非法釣魚檔，無業漢因管理賭場及違例被控，他今在九龍法院承認兩罪，警誡他稱「阿sir，我知呢間魚檔係犯法，但我真係無哂錢所以先幫人睇檔，為了800蚊日」。被告表示沒有任何求情要說，官判監3個月。 50歲被告傅保文被控管理賭場及違反《 預防及控制疾病（規定及指示）（業務及處所）規例》。案情指，4月15日下午5時許，警方接報到土瓜灣美華工業中心作突擊檢查，其時一名陳姓男子步出涉案單位抽煙，警員上前截查，得知單位內有遊戲機，遂著陳男返回單位取回個人物品。 當警員按門鐘入內，被告負責開門，警員則憑手令入內搜查，內有5部遊戲機，亦有人將積分卡插在讀卡機上。賭客能夠以100元換一萬積分，以積分玩遊戲，最後再以積分兌成現金。被告則為場內負責人，警員拘捕被告，在他身上搜出3條單位鎖匙。被告警誡下認罪，指自己負責開門、處理積分等事務，他知道涉案場所為非法，亦知場所在該時段內不可營業。 法庭記者：陳楚琨,neutral,0,factual,0,positive,
chinese,sing_tao,st_05,2020-05-28,香港政府,港府,HK_ORG_2a,1,因應疫情港府於4月初刊憲實施「禁營業令」，下令健身中心、遊樂場所、公眾娛樂場所、卡拉OK等處所均要停業。警方於上月中旬突擊檢查時搗破一個非法釣魚檔，無業漢因管理賭場及違例被控，他今在九龍法院承認兩罪，警誡他稱「阿sir，我知呢間魚檔係犯法，但我真係無哂錢所以先幫人睇檔，為了800蚊日」。被告表示沒有任何求情要說，官判監3個月。 50歲被告傅保文被控管理賭場及違反《 預防及控制疾病（規定及指示）（業務及處所）規例》。案情指，4月15日下午5時許，警方接報到土瓜灣美華工業中心作突擊檢查，其時一名陳姓男子步出涉案單位抽煙，警員上前截查，得知單位內有遊戲機，遂著陳男返回單位取回個人物品。 當警員按門鐘入內，被告負責開門，警員則憑手令入內搜查，內有5部遊戲機，亦有人將積分卡插在讀卡機上。賭客能夠以100元換一萬積分，以積分玩遊戲，最後再以積分兌成現金。被告則為場內負責人，警員拘捕被告，在他身上搜出3條單位鎖匙。被告警誡下認罪，指自己負責開門、處理積分等事務，他知道涉案場所為非法，亦知場所在該時段內不可營業。 法庭記者：陳楚琨,neutral,0,factual,0,neutral,
chinese,sing_tao,st_06,2016-07-21,律政司,律政司,HK_ORG_2a,8,(星島日報報道)對於律政司決定不起訴前財政司司長梁錦松，大律師公會及多位法律界人士，均接受律政司的理據。大律師公會主席陳景生認為，律政司採用香港一貫準則處理事件，兩位資深大律師的人選亦恰當，雖然他們的意見不是唯一可行結論，但均有理據支持，所以沒有理由反對。港大法律系助理教授張達明亦認為，律政司的決定沒有政治考慮。 陳景生形容，律政司今次的決定是「依足規格出品」，希望當局以後也是這樣處理案件。他承認梁錦松案件具爭議性，難獲一致結論，亦認為兩位大律師的意見不是唯一可行的意見，但他們的結論有理據支持。 對於有意見指，既然事件具爭議性，便應交由法庭審理，陳景生則同意兩位大律師的意見，他指出當局要合理地相信陪審團會判梁錦松有罪，才可提出起訴。 被問及應否尋求更多大律師的意見，陳景生指﹕「若兩個不夠，咁三個又點﹖若三個不夠，要找多少個﹖」他看不到律政司找兩個大律師尋求法律意見是不恰當。 大律師公會前主席湯家驊亦認為，既然兩位獨立法律人士作出決定，應該尊重及接受。 不過，對於江樂士表示難以證明蓄意犯罪動機，成為不起訴梁錦松的其中考慮，湯家驊卻有所保留。他認為，即使是基於良好的動機，沒有犯罪意圖，有時亦可足以入罪，並舉例﹕「若有一個人在商店偷竊，他可否以為了幫補既將出生的孩子之生活，來作為逃罪的理由嗎?」 著名專長刑事案件官司的大狀艾勤賢則批評，律政司又一次「選擇性地不起訴」。 另一大狀陳德立，對於律政司以「欠缺合理證據保證將他定罪」為由不起訴梁錦松，「感到極度驚訝」，認為以此標準決定起訴與否是「非常不尋常」。,neutral,0,evaluative,0.2,neutral,
chinese,sing_tao,st_07,2016-05-04,警隊,警方,HK_ORG_2a,8,(星島日報報道)尖沙嘴區不少樓上吧鎖門營業，警方查牌拍門數分鐘才見有人開門，懷疑酒吧變「毒品溫牀」，或正「毀屍滅迹」。曾有樓上吧職員被揭發在員工休息室、假天花，甚至洗手間牆身後「掘洞」藏毒伺機兜售，警方向酒牌局建議吊銷其酒牌外，更出新招整頓樓上吧治安，要求在酒牌加設附加條件，在營業時不准鎖門，迄今區內最少有兩間樓上吧，被規定必須開門營業。 全港共有四百多間樓上吧，其中逾三成七位於尖沙嘴區，佔一百五十四間；區內更有六座大廈，超過一半樓層設樓上吧，分別位於漆咸道南、山林道、厚福街、寶勒巷、亞士厘道和彌敦道。 警方尖沙嘴分區指揮官高樸安接受訪問時表示，樓上吧隱蔽性高，容易衍生暴力、毒品問題，去年區內樓上吧舉報共三十宗暴力罪案、十一宗毒品案和四十七宗雜項盜竊。 高樸安強調，只要警方平日巡查時發現證據，顯示樓上吧職員或負責人提供或售賣毒品，會向酒牌局建議吊銷有關酒吧的酒牌，或反對其酒牌續牌申請。 由二○一二年一月至今，尖沙嘴區約有二十七間樓上吧等酒牌處所疑有「景轟」，大多數不只一次被揭發有職員涉藏毒販毒，「見到個場變成毒品溫牀」，尖沙嘴分區助理指揮官（行政）謝鈺透露，曾在巡查時於酒吧內假天花、員工休息室、洗手間儲物櫃內等隱蔽位置發現毒品，更甚有人在樓上吧傷殘人士廁格瓷磚後「掘洞」藏毒，窗外邊繫着電子磅、膠袋等用作售賣毒品的工具，直言根本不似客人所為，反與職員有關。 謝鈺更指，有樓上吧營業時會鎖上大門，當警方拍門要求入內查牌時，往往等候數分鐘才有人應門，懷疑場內可能有毒品或不法勾當，有人正在「毀屍滅迹」。 據此，警方上年出新招，向酒牌局建議在區內其中五間樓上吧的牌照上，增加「只要有人在內時就不准鎖門」的附加條件，其中兩間在今年一月起必須遵守開門營業的規定，酒牌局仍在處理其餘三宗個案。 至於該二十七間樓上吧等酒牌處所，最後共十五間被釘牌結業，八間獲發牌照為期縮短少於一年，僅四間獲「放生」。 食環署回覆表示，轄下酒牌局去年接獲一千零七十七宗酒牌申請，其中十七宗被拒絕，而今年首三月共接二百零八宗申請，五宗被拒。另截至今年三月，全港多達一千八百多間酒牌處所的酒牌被施加附加條件。 另外，警方去年在尖沙嘴區內酒吧等娛樂場所帶走三百七十七名未成年男女，最少年僅十三歲，當中九成從樓上吧帶走，警方替其中二十二名青少年申請保護兒童令，又將一百零三人轉介社工跟進。,positive,0.5,factual,0,positive,
chinese,sing_tao,st_08,2015-06-16,警隊,警察,HK_ORG_2a,1,已故華懋集團主席龔如心千億遺產案昨續審，陳振聰御用大狀Ian Mill質疑基金筆跡專家Robert Radley於第一份報告中指遺囑上王永祥的簽名是偽冒的可能性為「中等」，卻在第二份報告改為「絕對肯定」，Radley則解釋是期間收到的七個新樣本而得出的結論，並指香港有很多書法家可以作出高質素的模仿技術。 陳振聰御用大狀Ian Mill昨繼續盤問基金筆跡專家Radley，直指他於第一份報告中認為遺囑上王永祥簽名屬偽冒的可能性為「中等」，在第二份卻修改為「絕對肯定」，Radley則解釋於兩份報告期間，獲得七個於○二年至○八年的王永祥簽名樣本，當中包括○二年七月他於○二年遺囑鑑定複印本上的簽名，而這七個簽名影響了他對偽冒可能性的評估。 此外，Mill質疑若真的有偽冒者，他便有「把柄」成為「永久的勒索者」，Radley則以「做假護照」為例子作解釋，認為做假護照的市場很大，有很多專業人士會處理，又指就本案的遺產而言，已提供巨大的誘因給偽冒者作出行動，並認為香港目前有很多專業的書法家可以作出如此高質素的模仿技術。 Radley又認為，○六年遺囑上的龔如心及王永祥簽名均有很多不尋常的特徵，如簽名的節奏、角度、傾斜度以及筆的移動等，這些特徵均十分罕有，而且互相沒有任何關連，全屬獨立的特徵，這些特徵出現在同一個簽名上的可能性很低，故推斷並非由外來的因素意外造成，從而推斷出兩個簽名很大可能是偽造的。 此外，Radley又認為王永祥為案件簽寫的二十個簽名和在其他生意性質的簽名不同，故很難與遺囑上的簽名作比較，而王在庭上即時作出的簽名，是在眾人的觀察和被攝錄下簽寫的，故王簽名時較為緊張，昨日於庭上亦有播出當日王永祥於庭內模擬於遺囑上簽名的片段。 Radley又對沒有於報告中詳細討論遺囑上簽名與樣本簽名相似度作出解釋，他雖承認與陳振聰筆跡專家Paul Westwood共找出數十個王永祥和龔如心簽名樣本與遺囑簽名的相似之處，但Radley認為數個不同之處已屬於非常重要，足以反映出遺囑上簽名極大可能是偽冒的，故毋須在報告中詳細分析相似之處。 陳振聰一方的筆跡專家Paul Westwood則在庭上指出，○六年遺囑上的龔如心和兩名見證人王永祥及吳祟武的簽名絕非「偽冒」的，相反他有充分證據證明吳祟武的簽名是其真跡，至於遺囑上的龔如心簽名，極大可能出於其親筆，而王永祥亦有可能是自己所簽署的。 Westwood稱，龔如心生前是一名女商人，每星期只少有十次簽名或以上，換言之一年起碼有五百個簽名，相比下華懋慈善基金提供龔如心生前僅一百三十五個簽名樣本作專家驗證，是絕對不足夠證明○六年遺囑上的龔如心簽名是否真偽。尤其本案關鍵人物龔如心患有癌病，病逝前有大部份時間留院治療，他認為在驗證龔如心的簽名時，筆跡專家亦須考慮龔如心生前的健康情況，因為龔如心的病情對於她的簽名質素會構成很大的影響，甚至令龔如心簽名時變得飄忽不穩定。 Westwood表示，他從事筆跡鑑定工作有四十一年經驗，現為私營鑑證服務公司的負責人，他曾擔任澳洲聯邦警察及移民及歸化局文件鑑定的主管有十六年之久，以他多年的筆跡鑑定經驗來說，要偽冒者放棄個人的簽名書寫風格，在同一時間在同一分文件上，同時偽冒三個不同人士的簽署是極為困難的。 Westwood稱本案涉及罕有特殊的情況，所以在驗證簽名時，必須同時考慮簽署人的健康狀況，文件的性質，甚至要審閱龔如心生前在醫院的紀錄等，以掌握簽名人在該段時間的書寫能力。他認為身為筆跡專家在比較簽名樣本以及問題簽名時，除了找尋兩者之間不同之處外，亦應同時找出兩者的相同之處，讓法庭能有全面的概念了解「問題簽名」的情況。 Westwood強調，他從龔如心的樣本簽名以及○六年遺囑上的簽名比較下，他發現兩者共有四十個相同之處，他認為○六年遺囑上的龔如心簽名有極大可能是出自龔如心本人的手筆。,neutral,0,factual,0,neutral,
chinese,sing_tao,st_09,2017-04-12,警隊,警方 | 警員,HK_ORG_2a,7,(星島日報報道)三十四歲已婚男子涉虛構未婚室內設計師身分，透過交友程式認識二十四歲女子並發展成戀人，又向女友及其胞姊訛稱公司遭虧空公款需借錢「填數」及游說她們開戶投資，前後騙去兩姊妹逾三百六十萬元。男子否認五項欺詐罪，案件昨在區院續審，辯方投訴被告遭警方恫嚇要他作出招認，又曾在搜查被告寓所期間，擅自拿食物進食。 事主姊姊冼麗媚昨接受辯方盤問時承認若被告朱德暉給她理由，她便會借錢。辯方又指冼在首次錄口供時對事件的記憶不清晰，她承認此說，又同意曾有案中細節是經由妹妹提醒才向警方補充。辯方續指冼曾向警方提及給予被告十九萬三千元用作加大投資額，但她在庭上卻指相關款項是用於取消投資戶口，冼表示不知道哪個說法比較正確。 辯方又指被告遭警方威嚇而招認，反對將警誡錄影會面等呈堂，指出警方曾恫嚇被告若找律師便會對其妻子及母親不利，又稱他若否認欺詐就會毆打他，有警員更在搜查期間建議被告承認警方搜出的一切均以欺騙事主的錢所買，又曾說若在被告戶口發現有超過二萬元的存款，以後每一元便毆打他一下。案件編號：區院刑事八七一──二〇一六。,negative,-0.5,factual,0,negative,
chinese,sing_tao,st_10,2022-10-26,中央政府,中共,CN_ORG_2,5,內地民政部養老服務司副司長李邦華今天（26日）在第四季例行記者會上表示，截至2021年底，中國60歲以上老年人口達2.67億，佔總人口的18.9%，預計「十四五」時期總量將突破3億人，佔比將超過20%，中國將進入中度老齡化，養老服務已經成為積極應對人口老齡化的重要內容。 李邦華表示，居家養老是傳統養老模式，也是絕大多數家庭和老年人的選擇意願。據調查，空巢長者佔比目前已超過一半，部分大城市和農村地區，空巢長者比例甚至超過70%，大量長者沒有與子女或其他家人共同居住生活，面臨不少居家養老的生活不便或困難，甚至是安全風險。 李邦華引述中共總書記習近平強調，「要重點關注高齡、失能、貧困、傷殘、計畫生育特殊家庭等困難老年人的特殊需求」表示中共中央對加強特殊困難老年人的養老服務作出了具體部署。 中共二十大提出「優化孤寡老人服務，推動實現全體老年人享有基本養老服務」，《中共中央 國務院關於加強新時代老齡工作的意見》要求制定基本養老服務清單，對不同老年人群體提供分類服務。《國家積極應對人口老齡化中長期規畫》明確提出，建立特殊困難老年人探訪制度，並提出了到2025年特殊困難老年人月探訪率達到100％的目標。 李邦華說又表示，《意見》深入貫徹落實中共中央決策部署，總結各地經驗做法，形成了開展特殊困難老年人探訪關愛服務的制度性安排，其目的主要有四個方面。 第一是「防風險」，幫助特殊困難長者在居家養老中及時發現和排除安全風險，加強突發事件的應急救援。 第二是「送溫暖」，主動將黨和政府的養老政策和關心關愛送上門，支持家庭成員更好履行贍養、扶養義務。 第三是「強服務」，充分了解特殊困難長者養老服務需求，根據需求協助對接服務資源，做好特殊困難老年人的養老顧問和幫手。 第四是「促和諧」，通過動員社會、社區各類力量參與特殊困難老年人探訪關愛服務，打造老年友好型社區，將探訪關愛服務作為宣傳群眾、教育群眾、關心群眾、服務群眾的重要內容，弘揚敬老孝老文化，促進社會和諧。 《星島頭條》APP經已推出最新版本，請立即更新，瀏覽更精彩內容：https://bit.ly/3yLrgYZ,positive,0.5,factual,0,positive,
chinese,sing_tao,st_10,2022-10-26,國務院,國務院,CN_ORG_2,1,內地民政部養老服務司副司長李邦華今天（26日）在第四季例行記者會上表示，截至2021年底，中國60歲以上老年人口達2.67億，佔總人口的18.9%，預計「十四五」時期總量將突破3億人，佔比將超過20%，中國將進入中度老齡化，養老服務已經成為積極應對人口老齡化的重要內容。 李邦華表示，居家養老是傳統養老模式，也是絕大多數家庭和老年人的選擇意願。據調查，空巢長者佔比目前已超過一半，部分大城市和農村地區，空巢長者比例甚至超過70%，大量長者沒有與子女或其他家人共同居住生活，面臨不少居家養老的生活不便或困難，甚至是安全風險。 李邦華引述中共總書記習近平強調，「要重點關注高齡、失能、貧困、傷殘、計畫生育特殊家庭等困難老年人的特殊需求」表示中共中央對加強特殊困難老年人的養老服務作出了具體部署。 中共二十大提出「優化孤寡老人服務，推動實現全體老年人享有基本養老服務」，《中共中央 國務院關於加強新時代老齡工作的意見》要求制定基本養老服務清單，對不同老年人群體提供分類服務。《國家積極應對人口老齡化中長期規畫》明確提出，建立特殊困難老年人探訪制度，並提出了到2025年特殊困難老年人月探訪率達到100％的目標。 李邦華說又表示，《意見》深入貫徹落實中共中央決策部署，總結各地經驗做法，形成了開展特殊困難老年人探訪關愛服務的制度性安排，其目的主要有四個方面。 第一是「防風險」，幫助特殊困難長者在居家養老中及時發現和排除安全風險，加強突發事件的應急救援。 第二是「送溫暖」，主動將黨和政府的養老政策和關心關愛送上門，支持家庭成員更好履行贍養、扶養義務。 第三是「強服務」，充分了解特殊困難長者養老服務需求，根據需求協助對接服務資源，做好特殊困難老年人的養老顧問和幫手。 第四是「促和諧」，通過動員社會、社區各類力量參與特殊困難老年人探訪關愛服務，打造老年友好型社區，將探訪關愛服務作為宣傳群眾、教育群眾、關心群眾、服務群眾的重要內容，弘揚敬老孝老文化，促進社會和諧。 《星島頭條》APP經已推出最新版本，請立即更新，瀏覽更精彩內容：https://bit.ly/3yLrgYZ,positive,0.5,factual,0,positive,
chinese,sing_tao,st_10,2022-10-26,習近平,習近平,CN_PERSON_1,1,內地民政部養老服務司副司長李邦華今天（26日）在第四季例行記者會上表示，截至2021年底，中國60歲以上老年人口達2.67億，佔總人口的18.9%，預計「十四五」時期總量將突破3億人，佔比將超過20%，中國將進入中度老齡化，養老服務已經成為積極應對人口老齡化的重要內容。 李邦華表示，居家養老是傳統養老模式，也是絕大多數家庭和老年人的選擇意願。據調查，空巢長者佔比目前已超過一半，部分大城市和農村地區，空巢長者比例甚至超過70%，大量長者沒有與子女或其他家人共同居住生活，面臨不少居家養老的生活不便或困難，甚至是安全風險。 李邦華引述中共總書記習近平強調，「要重點關注高齡、失能、貧困、傷殘、計畫生育特殊家庭等困難老年人的特殊需求」表示中共中央對加強特殊困難老年人的養老服務作出了具體部署。 中共二十大提出「優化孤寡老人服務，推動實現全體老年人享有基本養老服務」，《中共中央 國務院關於加強新時代老齡工作的意見》要求制定基本養老服務清單，對不同老年人群體提供分類服務。《國家積極應對人口老齡化中長期規畫》明確提出，建立特殊困難老年人探訪制度，並提出了到2025年特殊困難老年人月探訪率達到100％的目標。 李邦華說又表示，《意見》深入貫徹落實中共中央決策部署，總結各地經驗做法，形成了開展特殊困難老年人探訪關愛服務的制度性安排，其目的主要有四個方面。 第一是「防風險」，幫助特殊困難長者在居家養老中及時發現和排除安全風險，加強突發事件的應急救援。 第二是「送溫暖」，主動將黨和政府的養老政策和關心關愛送上門，支持家庭成員更好履行贍養、扶養義務。 第三是「強服務」，充分了解特殊困難長者養老服務需求，根據需求協助對接服務資源，做好特殊困難老年人的養老顧問和幫手。 第四是「促和諧」，通過動員社會、社區各類力量參與特殊困難老年人探訪關愛服務，打造老年友好型社區，將探訪關愛服務作為宣傳群眾、教育群眾、關心群眾、服務群眾的重要內容，弘揚敬老孝老文化，促進社會和諧。 《星島頭條》APP經已推出最新版本，請立即更新，瀏覽更精彩內容：https://bit.ly/3yLrgYZ,positive,0.5,factual,0,positive,
english,china_daily_hk,cdhk_01,2017-10-19,中國夢,Chinese Dream,CN_CONCEPT_5,1,"European experts laud leader's commitment to connected world The enlightened speech given by General Secretary Xi Jinping at the opening of the 19th National Congress of the Communist Party of China on Wednesday has offered a ""timely reference of a global vision"" amid mounting worldwide challenges and difficulties, European observers said. Impressed by Xi's points on people-centered development, harmony of nature and human beings, common global peace and prosperity, they closely watched the three-and-a-half-hour address Xi made at the congress in Beijing. ""The world urgently needs a positive vision that can inspire a new generation of global citizens and it is encouraging to hear Xi provide exactly that,"" Dennis Pamlin, founder of Sweden-based consultancy 21st Century Frontiers, said during an interview with China Daily. He said Xi has been asking for collaboration in relation to global challenges, noting that ""no country can handle the various challenges facing human beings on their own."" ""From climate change and pandemics to artificial intelligence and cybersecurity, the world needs new bold global initiatives,"" said Pamlin. Pamlin said that perhaps even more important, Xi highlighted the need for a positive vision - which in China is often captured under the concepts of ""ecological civilization"" and the ""Chinese Dream"" - as he stressed the need to create a clean and beautiful world that enjoys lasting peace, universal security, common prosperity, openness and inclusiveness. Shada Islam, geopolitical research director of Brussels-based think tank Friends of Europe, shared Pamlin's view on Xi advocating global collaboration at a time of global uncertainties, America's retreat from international engagement and the rise of anti-globalization sentiments in Europe. ""I am especially heartened and reassured by Xi Jinping's commitment to an open and interconnected world in his comment that 'No country can retreat to their own island. We live in a shared world and face a s...",positive,0.5,evaluative,0.7,positive,
english,china_daily_hk,cdhk_01,2017-10-19,共產黨,Communist Party of China,CN_CONCEPT_5,1,"European experts laud leader's commitment to connected world The enlightened speech given by General Secretary Xi Jinping at the opening of the 19th National Congress of the Communist Party of China on Wednesday has offered a ""timely reference of a global vision"" amid mounting worldwide challenges and difficulties, European observers said. Impressed by Xi's points on people-centered development, harmony of nature and human beings, common global peace and prosperity, they closely watched the three-and-a-half-hour address Xi made at the congress in Beijing. ""The world urgently needs a positive vision that can inspire a new generation of global citizens and it is encouraging to hear Xi provide exactly that,"" Dennis Pamlin, founder of Sweden-based consultancy 21st Century Frontiers, said during an interview with China Daily. He said Xi has been asking for collaboration in relation to global challenges, noting that ""no country can handle the various challenges facing human beings on their own."" ""From climate change and pandemics to artificial intelligence and cybersecurity, the world needs new bold global initiatives,"" said Pamlin. Pamlin said that perhaps even more important, Xi highlighted the need for a positive vision - which in China is often captured under the concepts of ""ecological civilization"" and the ""Chinese Dream"" - as he stressed the need to create a clean and beautiful world that enjoys lasting peace, universal security, common prosperity, openness and inclusiveness. Shada Islam, geopolitical research director of Brussels-based think tank Friends of Europe, shared Pamlin's view on Xi advocating global collaboration at a time of global uncertainties, America's retreat from international engagement and the rise of anti-globalization sentiments in Europe. ""I am especially heartened and reassured by Xi Jinping's commitment to an open and interconnected world in his comment that 'No country can retreat to their own island. We live in a shared world and face a s...",positive,0.5,evaluative,0.7,positive,
english,china_daily_hk,cdhk_01,2017-10-19,習近平,Xi Jinping,CN_PERSON_1,2,"European experts laud leader's commitment to connected world The enlightened speech given by General Secretary Xi Jinping at the opening of the 19th National Congress of the Communist Party of China on Wednesday has offered a ""timely reference of a global vision"" amid mounting worldwide challenges and difficulties, European observers said. Impressed by Xi's points on people-centered development, harmony of nature and human beings, common global peace and prosperity, they closely watched the three-and-a-half-hour address Xi made at the congress in Beijing. ""The world urgently needs a positive vision that can inspire a new generation of global citizens and it is encouraging to hear Xi provide exactly that,"" Dennis Pamlin, founder of Sweden-based consultancy 21st Century Frontiers, said during an interview with China Daily. He said Xi has been asking for collaboration in relation to global challenges, noting that ""no country can handle the various challenges facing human beings on their own."" ""From climate change and pandemics to artificial intelligence and cybersecurity, the world needs new bold global initiatives,"" said Pamlin. Pamlin said that perhaps even more important, Xi highlighted the need for a positive vision - which in China is often captured under the concepts of ""ecological civilization"" and the ""Chinese Dream"" - as he stressed the need to create a clean and beautiful world that enjoys lasting peace, universal security, common prosperity, openness and inclusiveness. Shada Islam, geopolitical research director of Brussels-based think tank Friends of Europe, shared Pamlin's view on Xi advocating global collaboration at a time of global uncertainties, America's retreat from international engagement and the rise of anti-globalization sentiments in Europe. ""I am especially heartened and reassured by Xi Jinping's commitment to an open and interconnected world in his comment that 'No country can retreat to their own island. We live in a shared world and face a s...",very positive,1,evaluative,0.8,very positive,
english,china_daily_hk,cdhk_03,2017-11-10,共產黨,Communist Party of China,CN_CONCEPT_5,1,"The outcomes of the successful 19th National Congress of the Communist Party of China have prompted some international observers to suggest China will become expansionist and may seek to lead the world. But they should rest assured that China's diplomacy will never become radical or adventurous. Instead, it will continue upholding the values of peace, cooperation, fairness and justice, and the Chinese leadership will continue to serve the people and pursue development while maintaining national stability. A country's diplomacy is the extension of its domestic politics. And China is keenly aware of the importance of its economic development as, in his report to the 19th Party Congress, General Secretary Xi Jinping said China will not become a strong socialist country before 2050. Until then, China will continue to address the contradiction between people's desire to lead a better life and inadequate, unbalanced economic development. Despite being the world's second-largest economy, China considers itself a developing country, and hence its diplomacy will be sober-minded and pragmatic. China still has a long way to go to become a developed country, and its diplomacy will remain that of a developing country. However, that will not prevent China from playing an active role in promoting globalization and economic development, or fighting climate change and other threats to humanity. Besides, China will continue to further open up to the outside world, as indicated by the 19th Party Congress. China needs a peaceful external environment to continue to take measures to boost domestic demand. Rather than becoming more aggressive globally, it will try to strike the right balance between domestic and foreign policies. Also, major-country diplomacy with Chinese characteristics will be characterized by greater strategic, systemic and holistic designs. Instead of making national policies based on hotspot issues, it will view hotspot issues and bilateral disputes against a bigger ...",positive,0.5,evaluative,0.7,positive,
english,china_daily_hk,cdhk_03,2017-11-10,習近平,Xi Jinping,CN_PERSON_1,1,"The outcomes of the successful 19th National Congress of the Communist Party of China have prompted some international observers to suggest China will become expansionist and may seek to lead the world. But they should rest assured that China's diplomacy will never become radical or adventurous. Instead, it will continue upholding the values of peace, cooperation, fairness and justice, and the Chinese leadership will continue to serve the people and pursue development while maintaining national stability. A country's diplomacy is the extension of its domestic politics. And China is keenly aware of the importance of its economic development as, in his report to the 19th Party Congress, General Secretary Xi Jinping said China will not become a strong socialist country before 2050. Until then, China will continue to address the contradiction between people's desire to lead a better life and inadequate, unbalanced economic development. Despite being the world's second-largest economy, China considers itself a developing country, and hence its diplomacy will be sober-minded and pragmatic. China still has a long way to go to become a developed country, and its diplomacy will remain that of a developing country. However, that will not prevent China from playing an active role in promoting globalization and economic development, or fighting climate change and other threats to humanity. Besides, China will continue to further open up to the outside world, as indicated by the 19th Party Congress. China needs a peaceful external environment to continue to take measures to boost domestic demand. Rather than becoming more aggressive globally, it will try to strike the right balance between domestic and foreign policies. Also, major-country diplomacy with Chinese characteristics will be characterized by greater strategic, systemic and holistic designs. Instead of making national policies based on hotspot issues, it will view hotspot issues and bilateral disputes against a bigger ...",positive,0.5,evaluative,0.6,positive,
english,china_daily_hk,cdhk_04,2016-01-21,習近平,President Xi,CN_PERSON_1,6,"Chinese President Xi Jinping arrives in Cairo, capital of Egypt, on Jan 20, 2016. Xi arrived in Cairo Wednesday for a state visit to Egypt, the second leg of his three-nation Middle East tour. [Photo/Xinhua] Egyptian President Abdel Fattah al-Sisi (center) greets Chinese President Xi Jinping upon his arrival in Cairo, Egypt, Jan 20, 2016. [Photo/Xinhua] Chinese President Xi Jinping (right) meets with Egyptian Prime Minister Sherif Ismail in Cairo, Egypt, Jan 20, 2016. [Photo/Xinhua] Chinese President Xi Jinping (center) meets with Egyptian Prime Minister Sherif Ismail (left) in Cairo, Egypt, Jan 20, 2016. [Photo/Xinhua] Chinese President Xi Jinping (center) and Egyptian Prime Minister Sherif Ismail (left) visit a Chinese high technology exhibition in Cairo, Egypt, Jan 20, 2016. [Photo/Xinhua] Chinese President Xi Jinping (center) poses for a group photo with people recognized for their outstanding contributions to China-Egypt friendship in Cairo, Egypt, Jan 20, 2016. [Photo/Xinhua]",neutral,0,factual,0,neutral,
english,china_daily_hk,cdhk_05,2017-07-01,中央政府,central government,CN_ORG_2,3,"HONG KONG -- Chinese President Xi Jinping on Friday delivered a speech at the welcome dinner held by the government of the Hong Kong Special Administrative Region. The following is the full text of his speech: Toast at the Welcome Dinner Held by The Government of The Hong Kong Special Administrative Region 30 June 2017 Xi Jinping Chief Executive Leung Chun-ying, Chief Executive-Elect Carrie Lam Cheng Yuet-ngor, Fellow Compatriots, Dear Friends, Good evening! It gives me great pleasure to come back to this beautiful city after an interval of nine years and celebrate with you the 20th anniversary of Hong Kong's return to the motherland. On behalf of the Central Government and people of all ethnic groups across China, I would like to extend our warmest greetings and best wishes to you and, through you, to all Hong Kong residents. -- Time keeps rolling on. In the blink of an eye, the Hong Kong Special Administrative Region is 20 years old. The moving occasion of Hong Kong's return to the motherland in 1997, like a long-separated child coming back to the warm embrace of his mother, is still vivid in our memory. We still recall the solemn ceremony of the transfer of government in Hong Kong, the playing of the stirring national anthem of the People's Republic of China and the raising of the national flag of the People's Republic of China and the regional flag of the Hong Kong Special Administrative Region. We still recall the joy and excitement of Hong Kong people who cheered the processions of the People's Liberation Army Hong Kong Garrison despite downpours. And we still recall the festive celebrations across China where people were singing and dancing to hail Hong Kong's return. These historical scenes have become a part of the collective memory of all the Chinese people. -- All crops grow through cultivation. Over the last two decades, the practice of ""One Country, Two Systems"" in Hong Kong, like the growth of a seedling, has become strong and robust despite wind and r...",very positive,1,factual,0,very positive,
english,china_daily_hk,cdhk_05,2017-07-01,國旗,national flag,CN_OBJECT_4,1,"HONG KONG -- Chinese President Xi Jinping on Friday delivered a speech at the welcome dinner held by the government of the Hong Kong Special Administrative Region. The following is the full text of his speech: Toast at the Welcome Dinner Held by The Government of The Hong Kong Special Administrative Region 30 June 2017 Xi Jinping Chief Executive Leung Chun-ying, Chief Executive-Elect Carrie Lam Cheng Yuet-ngor, Fellow Compatriots, Dear Friends, Good evening! It gives me great pleasure to come back to this beautiful city after an interval of nine years and celebrate with you the 20th anniversary of Hong Kong's return to the motherland. On behalf of the Central Government and people of all ethnic groups across China, I would like to extend our warmest greetings and best wishes to you and, through you, to all Hong Kong residents. -- Time keeps rolling on. In the blink of an eye, the Hong Kong Special Administrative Region is 20 years old. The moving occasion of Hong Kong's return to the motherland in 1997, like a long-separated child coming back to the warm embrace of his mother, is still vivid in our memory. We still recall the solemn ceremony of the transfer of government in Hong Kong, the playing of the stirring national anthem of the People's Republic of China and the raising of the national flag of the People's Republic of China and the regional flag of the Hong Kong Special Administrative Region. We still recall the joy and excitement of Hong Kong people who cheered the processions of the People's Liberation Army Hong Kong Garrison despite downpours. And we still recall the festive celebrations across China where people were singing and dancing to hail Hong Kong's return. These historical scenes have become a part of the collective memory of all the Chinese people. -- All crops grow through cultivation. Over the last two decades, the practice of ""One Country, Two Systems"" in Hong Kong, like the growth of a seedling, has become strong and robust despite wind and r...",positive,0.5,factual,0,positive,
english,china_daily_hk,cdhk_05,2017-07-01,國歌,national anthem,CN_OBJECT_4,1,"HONG KONG -- Chinese President Xi Jinping on Friday delivered a speech at the welcome dinner held by the government of the Hong Kong Special Administrative Region. The following is the full text of his speech: Toast at the Welcome Dinner Held by The Government of The Hong Kong Special Administrative Region 30 June 2017 Xi Jinping Chief Executive Leung Chun-ying, Chief Executive-Elect Carrie Lam Cheng Yuet-ngor, Fellow Compatriots, Dear Friends, Good evening! It gives me great pleasure to come back to this beautiful city after an interval of nine years and celebrate with you the 20th anniversary of Hong Kong's return to the motherland. On behalf of the Central Government and people of all ethnic groups across China, I would like to extend our warmest greetings and best wishes to you and, through you, to all Hong Kong residents. -- Time keeps rolling on. In the blink of an eye, the Hong Kong Special Administrative Region is 20 years old. The moving occasion of Hong Kong's return to the motherland in 1997, like a long-separated child coming back to the warm embrace of his mother, is still vivid in our memory. We still recall the solemn ceremony of the transfer of government in Hong Kong, the playing of the stirring national anthem of the People's Republic of China and the raising of the national flag of the People's Republic of China and the regional flag of the Hong Kong Special Administrative Region. We still recall the joy and excitement of Hong Kong people who cheered the processions of the People's Liberation Army Hong Kong Garrison despite downpours. And we still recall the festive celebrations across China where people were singing and dancing to hail Hong Kong's return. These historical scenes have become a part of the collective memory of all the Chinese people. -- All crops grow through cultivation. Over the last two decades, the practice of ""One Country, Two Systems"" in Hong Kong, like the growth of a seedling, has become strong and robust despite wind and r...",positive,0.5,factual,0,positive,
english,china_daily_hk,cdhk_05,2017-07-01,林鄭月娥,Carrie Lam Cheng Yuet-ngor,HK_PERSON_1a,1,"HONG KONG -- Chinese President Xi Jinping on Friday delivered a speech at the welcome dinner held by the government of the Hong Kong Special Administrative Region. The following is the full text of his speech: Toast at the Welcome Dinner Held by The Government of The Hong Kong Special Administrative Region 30 June 2017 Xi Jinping Chief Executive Leung Chun-ying, Chief Executive-Elect Carrie Lam Cheng Yuet-ngor, Fellow Compatriots, Dear Friends, Good evening! It gives me great pleasure to come back to this beautiful city after an interval of nine years and celebrate with you the 20th anniversary of Hong Kong's return to the motherland. On behalf of the Central Government and people of all ethnic groups across China, I would like to extend our warmest greetings and best wishes to you and, through you, to all Hong Kong residents. -- Time keeps rolling on. In the blink of an eye, the Hong Kong Special Administrative Region is 20 years old. The moving occasion of Hong Kong's return to the motherland in 1997, like a long-separated child coming back to the warm embrace of his mother, is still vivid in our memory. We still recall the solemn ceremony of the transfer of government in Hong Kong, the playing of the stirring national anthem of the People's Republic of China and the raising of the national flag of the People's Republic of China and the regional flag of the Hong Kong Special Administrative Region. We still recall the joy and excitement of Hong Kong people who cheered the processions of the People's Liberation Army Hong Kong Garrison despite downpours. And we still recall the festive celebrations across China where people were singing and dancing to hail Hong Kong's return. These historical scenes have become a part of the collective memory of all the Chinese people. -- All crops grow through cultivation. Over the last two decades, the practice of ""One Country, Two Systems"" in Hong Kong, like the growth of a seedling, has become strong and robust despite wind and r...",neutral,0,factual,0,positive,
english,china_daily_hk,cdhk_05,2017-07-01,習近平,President Xi | Xi Jinping,CN_PERSON_1,2,"HONG KONG -- Chinese President Xi Jinping on Friday delivered a speech at the welcome dinner held by the government of the Hong Kong Special Administrative Region. The following is the full text of his speech: Toast at the Welcome Dinner Held by The Government of The Hong Kong Special Administrative Region 30 June 2017 Xi Jinping Chief Executive Leung Chun-ying, Chief Executive-Elect Carrie Lam Cheng Yuet-ngor, Fellow Compatriots, Dear Friends, Good evening! It gives me great pleasure to come back to this beautiful city after an interval of nine years and celebrate with you the 20th anniversary of Hong Kong's return to the motherland. On behalf of the Central Government and people of all ethnic groups across China, I would like to extend our warmest greetings and best wishes to you and, through you, to all Hong Kong residents. -- Time keeps rolling on. In the blink of an eye, the Hong Kong Special Administrative Region is 20 years old. The moving occasion of Hong Kong's return to the motherland in 1997, like a long-separated child coming back to the warm embrace of his mother, is still vivid in our memory. We still recall the solemn ceremony of the transfer of government in Hong Kong, the playing of the stirring national anthem of the People's Republic of China and the raising of the national flag of the People's Republic of China and the regional flag of the Hong Kong Special Administrative Region. We still recall the joy and excitement of Hong Kong people who cheered the processions of the People's Liberation Army Hong Kong Garrison despite downpours. And we still recall the festive celebrations across China where people were singing and dancing to hail Hong Kong's return. These historical scenes have become a part of the collective memory of all the Chinese people. -- All crops grow through cultivation. Over the last two decades, the practice of ""One Country, Two Systems"" in Hong Kong, like the growth of a seedling, has become strong and robust despite wind and r...",positive,0.5,factual,0,positive,
english,china_daily_hk,cdhk_05,2017-07-01,駐港部隊,People's Liberation Army Hong Kong Garrison,CN_ORG_2,1,"HONG KONG -- Chinese President Xi Jinping on Friday delivered a speech at the welcome dinner held by the government of the Hong Kong Special Administrative Region. The following is the full text of his speech: Toast at the Welcome Dinner Held by The Government of The Hong Kong Special Administrative Region 30 June 2017 Xi Jinping Chief Executive Leung Chun-ying, Chief Executive-Elect Carrie Lam Cheng Yuet-ngor, Fellow Compatriots, Dear Friends, Good evening! It gives me great pleasure to come back to this beautiful city after an interval of nine years and celebrate with you the 20th anniversary of Hong Kong's return to the motherland. On behalf of the Central Government and people of all ethnic groups across China, I would like to extend our warmest greetings and best wishes to you and, through you, to all Hong Kong residents. -- Time keeps rolling on. In the blink of an eye, the Hong Kong Special Administrative Region is 20 years old. The moving occasion of Hong Kong's return to the motherland in 1997, like a long-separated child coming back to the warm embrace of his mother, is still vivid in our memory. We still recall the solemn ceremony of the transfer of government in Hong Kong, the playing of the stirring national anthem of the People's Republic of China and the raising of the national flag of the People's Republic of China and the regional flag of the Hong Kong Special Administrative Region. We still recall the joy and excitement of Hong Kong people who cheered the processions of the People's Liberation Army Hong Kong Garrison despite downpours. And we still recall the festive celebrations across China where people were singing and dancing to hail Hong Kong's return. These historical scenes have become a part of the collective memory of all the Chinese people. -- All crops grow through cultivation. Over the last two decades, the practice of ""One Country, Two Systems"" in Hong Kong, like the growth of a seedling, has become strong and robust despite wind and r...",positive,0.5,factual,0,positive,
english,china_daily_hk,cdhk_06,2013-01-21,國務院,State Council,CN_ORG_2,1,"May 2010: the National Development and Reform Commission announced it strongly supports the nation's high-tech services including cloud computing, the Internet of Things and Internet application sectors. Oct 2010: The State Council pledged to support the growth of emerging industries that are critical for the nation's development strategy. Cloud computing, mobile Internet and some other IT services were listed. Oct 2010: The government named five pilot cities, including Beijing and Shanghai, to test cloud-based services. March 2011: The government's 12th Five-Year Plan (2011-15) has a clear-cut policy to support the nation's IT and other emerging industries. July 2011: The Ministry of Science and Technology said China will build self-developed cloud-computing technology during the 12th Five-Year Plan period. (China Daily 01/21/2013 page13)",positive,0.5,factual,0,positive,
english,china_daily_hk,cdhk_09,2021-06-25,國務院,State Council,CN_ORG_2,1,"Photo taken on May 27, 2020 shows flags on the Tian'anmen Square and atop the Great Hall of the People in Beijing. [Photo/Xinhua] BEIJING - China's State Council Information Office on Friday issued a white paper titled ""China's Political Party System: Cooperation and Consultation,"" elaborating on the distinctive characteristics and strengths of the country's political party system. The system of multiparty cooperation and political consultation under the leadership of the Communist Party of China (CPC) is a basic element of China's political framework, the white paper said. In this system, in addition to the CPC, there are eight other political parties: the Revolutionary Committee of the Chinese Kuomintang, the China Democratic League, the China National Democratic Construction Association, the China Association for Promoting Democracy, the Chinese Peasants and Workers Democratic Party, the China Zhi Gong Party, the Jiusan Society, and the Taiwan Democratic Self-Government League. The system also includes prominent individuals without affiliation to any of the political parties. Following the principles of long-term coexistence, mutual oversight, sincerity, and sharing the rough times and the smooth, the CPC and the other political parties have created a multiparty cooperation system in which the CPC exercises state power and the other parties participate fully in the administration of state affairs under the leadership of the CPC, said the white paper. Calling the system a new model grown out of the soil of China, the white paper said it also learns from other countries and absorbs the fruits of their political achievements. The CPC has worked together with the non-CPC political parties over the years, advancing side by side, withstanding all kinds of tests, and forming a new type of relationship featuring cooperation, unity and harmony, the white paper said. Also, the white paper said the CPC upholds equality, democratic consultation, and sincere cooperation to su...",neutral,0,factual,0,positive,
english,china_daily_hk,cdhk_09,2021-06-25,民主黨,Democratic Party,HK_CONCEPT_5e,1,"Photo taken on May 27, 2020 shows flags on the Tian'anmen Square and atop the Great Hall of the People in Beijing. [Photo/Xinhua] BEIJING - China's State Council Information Office on Friday issued a white paper titled ""China's Political Party System: Cooperation and Consultation,"" elaborating on the distinctive characteristics and strengths of the country's political party system. The system of multiparty cooperation and political consultation under the leadership of the Communist Party of China (CPC) is a basic element of China's political framework, the white paper said. In this system, in addition to the CPC, there are eight other political parties: the Revolutionary Committee of the Chinese Kuomintang, the China Democratic League, the China National Democratic Construction Association, the China Association for Promoting Democracy, the Chinese Peasants and Workers Democratic Party, the China Zhi Gong Party, the Jiusan Society, and the Taiwan Democratic Self-Government League. The system also includes prominent individuals without affiliation to any of the political parties. Following the principles of long-term coexistence, mutual oversight, sincerity, and sharing the rough times and the smooth, the CPC and the other political parties have created a multiparty cooperation system in which the CPC exercises state power and the other parties participate fully in the administration of state affairs under the leadership of the CPC, said the white paper. Calling the system a new model grown out of the soil of China, the white paper said it also learns from other countries and absorbs the fruits of their political achievements. The CPC has worked together with the non-CPC political parties over the years, advancing side by side, withstanding all kinds of tests, and forming a new type of relationship featuring cooperation, unity and harmony, the white paper said. Also, the white paper said the CPC upholds equality, democratic consultation, and sincere cooperation to su...",neutral,0,factual,0,neutral,
english,hkfp,hkfp_01,2015-06-30,示威,protest,HK_CONCEPT_5d,1,"A member of the student activist group Scholarism, who was dragged to the ground in an on student leader Joshua Wong on Sunday night, has said that she has been in constant fear since the incident. Tiffany Chin, 20, in an essay titled “Freedom from fear” that she had been worried about being attacked ever since she began dating Wong, an outspoken activist who took up a prominent leadership role during the Occupy protests last winter. “I asked [Wong] if he’d feared he would be attacked with a knife”, wrote Chin, “but he said he’d never thought of it. He said it would never happen in Hong Kong. But the next day, I saw news of Kevin Lau being chopped on the street.” The news shocked the couple, and Chin has become highly alert since. After the Sunday attack, Chin wrote that she felt guilty for making her mother worried. “What saddens me the most is that [my mother] kept asking me to be careful on the phone, and seemed to be waiting for a promise from me,” she said, reflecting upon the incident. “But I can’t promise her that there won’t be another attack, because that’s not up to me.” Besides guilt, there is also a new sense of fear: [mks_tabs nav=”horizontal”] [mks_tab_item title=”Translation”] “Yes, I admit that I’m scared. Starting today, I feel a bit frightened every time my eyes meet someone else’s on the street. This fear is unbearable, but I hope it won’t last long. I have other fears as well: I fear someone will take revenge on me after this incident; I fear I might be chopped next time. This might be exaggerating, but society has become more and more ridiculous, and I can’t not worry.” [/mks_tab_item] [mks_tab_item title=”Original quote”] 好我承認我有在害怕。今天出門後，在街上與陌生人四目交投，我個心都怯一怯，這種恐懼很辛苦，希望不會持續太久。還有其他恐懼，害怕此事被報復，害怕有下一次，害怕今次打你下次斬你。可能很誇張，但社會愈來愈荒誕，我不能不擔心。 [/mks_tab_item] [/mks_tabs] The couple called the police after the attack, but no suspect has been arrested. Chin explained why she did not take close-up pictures of the assaulter: [mks_tabs nav=”horizontal”] [mks_tab_i...",neutral,0,factual,0,neutral,
english,hkfp,hkfp_01,2015-06-30,警隊,police,HK_ORG_2a,2,"A member of the student activist group Scholarism, who was dragged to the ground in an on student leader Joshua Wong on Sunday night, has said that she has been in constant fear since the incident. Tiffany Chin, 20, in an essay titled “Freedom from fear” that she had been worried about being attacked ever since she began dating Wong, an outspoken activist who took up a prominent leadership role during the Occupy protests last winter. “I asked [Wong] if he’d feared he would be attacked with a knife”, wrote Chin, “but he said he’d never thought of it. He said it would never happen in Hong Kong. But the next day, I saw news of Kevin Lau being chopped on the street.” The news shocked the couple, and Chin has become highly alert since. After the Sunday attack, Chin wrote that she felt guilty for making her mother worried. “What saddens me the most is that [my mother] kept asking me to be careful on the phone, and seemed to be waiting for a promise from me,” she said, reflecting upon the incident. “But I can’t promise her that there won’t be another attack, because that’s not up to me.” Besides guilt, there is also a new sense of fear: [mks_tabs nav=”horizontal”] [mks_tab_item title=”Translation”] “Yes, I admit that I’m scared. Starting today, I feel a bit frightened every time my eyes meet someone else’s on the street. This fear is unbearable, but I hope it won’t last long. I have other fears as well: I fear someone will take revenge on me after this incident; I fear I might be chopped next time. This might be exaggerating, but society has become more and more ridiculous, and I can’t not worry.” [/mks_tab_item] [mks_tab_item title=”Original quote”] 好我承認我有在害怕。今天出門後，在街上與陌生人四目交投，我個心都怯一怯，這種恐懼很辛苦，希望不會持續太久。還有其他恐懼，害怕此事被報復，害怕有下一次，害怕今次打你下次斬你。可能很誇張，但社會愈來愈荒誕，我不能不擔心。 [/mks_tab_item] [/mks_tabs] The couple called the police after the attack, but no suspect has been arrested. Chin explained why she did not take close-up pictures of the assaulter: [mks_tabs nav=”horizontal”] [mks_tab_i...",neutral,0,factual,0,neutral,
english,hkfp,hkfp_01,2015-06-30,黃之鋒,Joshua Wong,HK_PERSON_1b,1,"A member of the student activist group Scholarism, who was dragged to the ground in an on student leader Joshua Wong on Sunday night, has said that she has been in constant fear since the incident. Tiffany Chin, 20, in an essay titled “Freedom from fear” that she had been worried about being attacked ever since she began dating Wong, an outspoken activist who took up a prominent leadership role during the Occupy protests last winter. “I asked [Wong] if he’d feared he would be attacked with a knife”, wrote Chin, “but he said he’d never thought of it. He said it would never happen in Hong Kong. But the next day, I saw news of Kevin Lau being chopped on the street.” The news shocked the couple, and Chin has become highly alert since. After the Sunday attack, Chin wrote that she felt guilty for making her mother worried. “What saddens me the most is that [my mother] kept asking me to be careful on the phone, and seemed to be waiting for a promise from me,” she said, reflecting upon the incident. “But I can’t promise her that there won’t be another attack, because that’s not up to me.” Besides guilt, there is also a new sense of fear: [mks_tabs nav=”horizontal”] [mks_tab_item title=”Translation”] “Yes, I admit that I’m scared. Starting today, I feel a bit frightened every time my eyes meet someone else’s on the street. This fear is unbearable, but I hope it won’t last long. I have other fears as well: I fear someone will take revenge on me after this incident; I fear I might be chopped next time. This might be exaggerating, but society has become more and more ridiculous, and I can’t not worry.” [/mks_tab_item] [mks_tab_item title=”Original quote”] 好我承認我有在害怕。今天出門後，在街上與陌生人四目交投，我個心都怯一怯，這種恐懼很辛苦，希望不會持續太久。還有其他恐懼，害怕此事被報復，害怕有下一次，害怕今次打你下次斬你。可能很誇張，但社會愈來愈荒誕，我不能不擔心。 [/mks_tab_item] [/mks_tabs] The couple called the police after the attack, but no suspect has been arrested. Chin explained why she did not take close-up pictures of the assaulter: [mks_tabs nav=”horizontal”] [mks_tab_i...",neutral,0,factual,0,neutral,
english,hkfp,hkfp_03,2015-07-10,示威,protest,HK_CONCEPT_5d,2,"Government-employed lifeguards have said that they are considering a strike in early August to protest against understaffing and unsatisfactory remuneration packages. Alex Kwok Siu-kit, spokesperson for the Hong Kong and Kowloon Lifeguards’ Union, told HKFP that the union is planning a strike on August 2, which coincides with the “Sports for All Day” organised by the Leisure and Cultural Services Department. The Hong Kong public will be able to use fee-charging public leisure facilities, including swimming pools, for free on the day. Kwok said that the ongoing issue of under-staffing has put a lot of pressure on lifeguards and is a safety risk to the public. He said that the public lifesaving services are currently short of about 400 lifeguards. Since 2004, the government has reduced staffing from 2,400 to around 2,000, while opening around 15 new public pools and beaches. The union has also demanded the government promote lifeguards from the “artisan” grade to “professional,” putting them on an equal footing with paramedics and firefighters. The “upgrade” will give lifeguards better remuneration packages that will in turn entice young people to enter the industry. Kwok said that the growing number of mainland tourists using public pools is another concern. On several occasions, Chinese tourists have been seen in the changing rooms packing goods for parallel trading. “The problem is not only restricted to the North District. Some of our colleagues have seen it in other districts such as Kowloon Park,” said Kwok. The union organised two one-day strikes in August and September last year. Four hundred lifeguards participated in August, disrupting the lifesaving services in five public pools and two beaches. The lack of response from the government led to another wave of protests in September, which saw 700 lifeguards go on strike and the full or partial shutdown of 23 pools. In the aftermath of the strike, the government hired around 2o new lifeguards and promised to r...",neutral,0,factual,0,neutral,
english,hkfp,hkfp_04,2015-07-24,示威,protest | demonstration,HK_CONCEPT_5d,10,"Members of a pro-police group have accused local broadcaster RTHK of producing TV programmes critical of the government and in favour of last year’s pro-democracy Occupy protests. Around ten protesters from the Justice Alliance arrived by tour bus at RTHK’s headquarters on Thursday to protest against the broadcaster’s “biased” reporting. They called RTHK a broadcaster that “hurts the feelings of Hong Kongers”. The group that the publicly funded broadcaster had a tendency to pick on the government, as well as give airtime to guests who speak in favour of last year’s Occupy demonstrations. The demonstrators wore imperial Chinese attire to mock an RTHK political commentary show that used similar clothing in a role play. Prior to the protest, the group had gathered at Wanchai Police Station to show support for the force. Leticia Lee See-yin, who led the two demonstrations, that the police force was the “hope” for Hong Kong’s rule of law, which was being “destroyed” by some Hong Kongers “in the name of freedom of expression”. Lee is an outspoken activist known for her leadership role within several anti-Occupy and pro-police groups. She led the Justice Alliance to protest on HKU and CUHK campuses during a citywide class boycott last September. Last month, Lee announced that she would be called Justice Alliance Party. RTHK’s veteran journalist Joseph Tse Chi-fung, who met with the alliance at the demonstration, denies the accusation that RTHK is biased. “We’re committed to running an open platform that accommodates different opinions. I believe we have fulfilled our duties as journalists.” He added, “As a governmental department, we listen to public opinion and handle every complaint. But on this occasion [the group] didn’t seem to have a clear demand, so it’s difficult to give them a response.” shot by the alliance, Tse is referred to as a “moron” and appears to be ridiculed by the demonstrators. Asked how he handled the situation, Tse said, “They won’t listen to you. So...",neutral,0,factual,0,neutral,
english,hkfp,hkfp_04,2015-07-24,社運人士,protesters,HK_ORG_2b,1,"Members of a pro-police group have accused local broadcaster RTHK of producing TV programmes critical of the government and in favour of last year’s pro-democracy Occupy protests. Around ten protesters from the Justice Alliance arrived by tour bus at RTHK’s headquarters on Thursday to protest against the broadcaster’s “biased” reporting. They called RTHK a broadcaster that “hurts the feelings of Hong Kongers”. The group that the publicly funded broadcaster had a tendency to pick on the government, as well as give airtime to guests who speak in favour of last year’s Occupy demonstrations. The demonstrators wore imperial Chinese attire to mock an RTHK political commentary show that used similar clothing in a role play. Prior to the protest, the group had gathered at Wanchai Police Station to show support for the force. Leticia Lee See-yin, who led the two demonstrations, that the police force was the “hope” for Hong Kong’s rule of law, which was being “destroyed” by some Hong Kongers “in the name of freedom of expression”. Lee is an outspoken activist known for her leadership role within several anti-Occupy and pro-police groups. She led the Justice Alliance to protest on HKU and CUHK campuses during a citywide class boycott last September. Last month, Lee announced that she would be called Justice Alliance Party. RTHK’s veteran journalist Joseph Tse Chi-fung, who met with the alliance at the demonstration, denies the accusation that RTHK is biased. “We’re committed to running an open platform that accommodates different opinions. I believe we have fulfilled our duties as journalists.” He added, “As a governmental department, we listen to public opinion and handle every complaint. But on this occasion [the group] didn’t seem to have a clear demand, so it’s difficult to give them a response.” shot by the alliance, Tse is referred to as a “moron” and appears to be ridiculed by the demonstrators. Asked how he handled the situation, Tse said, “They won’t listen to you. So...",neutral,0,factual,0,neutral,
english,hkfp,hkfp_04,2015-07-24,罷工罷課,class boycott,HK_CONCEPT_5d,1,"Members of a pro-police group have accused local broadcaster RTHK of producing TV programmes critical of the government and in favour of last year’s pro-democracy Occupy protests. Around ten protesters from the Justice Alliance arrived by tour bus at RTHK’s headquarters on Thursday to protest against the broadcaster’s “biased” reporting. They called RTHK a broadcaster that “hurts the feelings of Hong Kongers”. The group that the publicly funded broadcaster had a tendency to pick on the government, as well as give airtime to guests who speak in favour of last year’s Occupy demonstrations. The demonstrators wore imperial Chinese attire to mock an RTHK political commentary show that used similar clothing in a role play. Prior to the protest, the group had gathered at Wanchai Police Station to show support for the force. Leticia Lee See-yin, who led the two demonstrations, that the police force was the “hope” for Hong Kong’s rule of law, which was being “destroyed” by some Hong Kongers “in the name of freedom of expression”. Lee is an outspoken activist known for her leadership role within several anti-Occupy and pro-police groups. She led the Justice Alliance to protest on HKU and CUHK campuses during a citywide class boycott last September. Last month, Lee announced that she would be called Justice Alliance Party. RTHK’s veteran journalist Joseph Tse Chi-fung, who met with the alliance at the demonstration, denies the accusation that RTHK is biased. “We’re committed to running an open platform that accommodates different opinions. I believe we have fulfilled our duties as journalists.” He added, “As a governmental department, we listen to public opinion and handle every complaint. But on this occasion [the group] didn’t seem to have a clear demand, so it’s difficult to give them a response.” shot by the alliance, Tse is referred to as a “moron” and appears to be ridiculed by the demonstrators. Asked how he handled the situation, Tse said, “They won’t listen to you. So...",neutral,0,factual,0,neutral,
english,hkfp,hkfp_04,2015-07-24,警隊,police | police force,HK_ORG_2a,4,"Members of a pro-police group have accused local broadcaster RTHK of producing TV programmes critical of the government and in favour of last year’s pro-democracy Occupy protests. Around ten protesters from the Justice Alliance arrived by tour bus at RTHK’s headquarters on Thursday to protest against the broadcaster’s “biased” reporting. They called RTHK a broadcaster that “hurts the feelings of Hong Kongers”. The group that the publicly funded broadcaster had a tendency to pick on the government, as well as give airtime to guests who speak in favour of last year’s Occupy demonstrations. The demonstrators wore imperial Chinese attire to mock an RTHK political commentary show that used similar clothing in a role play. Prior to the protest, the group had gathered at Wanchai Police Station to show support for the force. Leticia Lee See-yin, who led the two demonstrations, that the police force was the “hope” for Hong Kong’s rule of law, which was being “destroyed” by some Hong Kongers “in the name of freedom of expression”. Lee is an outspoken activist known for her leadership role within several anti-Occupy and pro-police groups. She led the Justice Alliance to protest on HKU and CUHK campuses during a citywide class boycott last September. Last month, Lee announced that she would be called Justice Alliance Party. RTHK’s veteran journalist Joseph Tse Chi-fung, who met with the alliance at the demonstration, denies the accusation that RTHK is biased. “We’re committed to running an open platform that accommodates different opinions. I believe we have fulfilled our duties as journalists.” He added, “As a governmental department, we listen to public opinion and handle every complaint. But on this occasion [the group] didn’t seem to have a clear demand, so it’s difficult to give them a response.” shot by the alliance, Tse is referred to as a “moron” and appears to be ridiculed by the demonstrators. Asked how he handled the situation, Tse said, “They won’t listen to you. So...",positive,0.5,factual,0,positive,
english,hkfp,hkfp_05,2015-08-01,示威,protest | rally,HK_CONCEPT_5d,11,"Outraged by the three-and-a-half month jail sentence given to a woman convicted of assaulting the police with her breasts, more than a dozen organisations have mobilized a “breast walk” that will take place in Hong Kong on August 2. Ng Lai-ying, 30, was convicted of assaulting police during an anti-parallel trader protest in March 2015 on the grounds that she had used her breast to “attack” the police officer. The incident occurred when the police officer grasped Ng’s bag during the protest and she instinctively shouted “indecent assault”, as the police officer’s arm brushed her breast. The charge filed against Ng Lai-ying inverted the accusation, depicting Ng as the aggressive party. Several other protesters were also convicted of assaulting police on the same occasion. Despite the fact the police officer did not suffer any injuries from the “breast assault” — while Ng’s face was covered with blood when she was arrested — the magistrate indicated that Ng had precipitated chaos and violence against police by shouting “indecent assault” and sentenced her to on July 30. Ng is currently out on bail pending appeal. In response to the ridiculous ruling, a dozen civic groups created the “breast walk” protest. Event organizers urged participants to wear their bra on the outside of their clothes to deliver the message that “breasts are not weapons”. On the Facebook : One of the rally organisers Luk Kit Ling told independent news portal inmediahk.net that the groups would rally at the police headquarters to protest against the police officer’s claim he was assaulted by Ng’s breast: [mks_tabs nav=”horizontal”] [mks_tab_item title=”English”] Luk Kit LIng explained that the rally at the police headquarters was to protest against the police officer’s testimony that he was assaulted by a woman’s breast. Given that police officers [are given authority as law enforcers] they are more powerful than ordinary citizens, this case would [lead to further abuse of power] to the extent tha...",positive,0.5,evaluative,0.3,positive,
english,hkfp,hkfp_05,2015-08-01,社運人士,protesters,HK_ORG_2b,1,"Outraged by the three-and-a-half month jail sentence given to a woman convicted of assaulting the police with her breasts, more than a dozen organisations have mobilized a “breast walk” that will take place in Hong Kong on August 2. Ng Lai-ying, 30, was convicted of assaulting police during an anti-parallel trader protest in March 2015 on the grounds that she had used her breast to “attack” the police officer. The incident occurred when the police officer grasped Ng’s bag during the protest and she instinctively shouted “indecent assault”, as the police officer’s arm brushed her breast. The charge filed against Ng Lai-ying inverted the accusation, depicting Ng as the aggressive party. Several other protesters were also convicted of assaulting police on the same occasion. Despite the fact the police officer did not suffer any injuries from the “breast assault” — while Ng’s face was covered with blood when she was arrested — the magistrate indicated that Ng had precipitated chaos and violence against police by shouting “indecent assault” and sentenced her to on July 30. Ng is currently out on bail pending appeal. In response to the ridiculous ruling, a dozen civic groups created the “breast walk” protest. Event organizers urged participants to wear their bra on the outside of their clothes to deliver the message that “breasts are not weapons”. On the Facebook : One of the rally organisers Luk Kit Ling told independent news portal inmediahk.net that the groups would rally at the police headquarters to protest against the police officer’s claim he was assaulted by Ng’s breast: [mks_tabs nav=”horizontal”] [mks_tab_item title=”English”] Luk Kit LIng explained that the rally at the police headquarters was to protest against the police officer’s testimony that he was assaulted by a woman’s breast. Given that police officers [are given authority as law enforcers] they are more powerful than ordinary citizens, this case would [lead to further abuse of power] to the extent tha...",positive,0.5,evaluative,0.7,positive,
english,hkfp,hkfp_05,2015-08-01,警隊,police,HK_ORG_2a,14,"Outraged by the three-and-a-half month jail sentence given to a woman convicted of assaulting the police with her breasts, more than a dozen organisations have mobilized a “breast walk” that will take place in Hong Kong on August 2. Ng Lai-ying, 30, was convicted of assaulting police during an anti-parallel trader protest in March 2015 on the grounds that she had used her breast to “attack” the police officer. The incident occurred when the police officer grasped Ng’s bag during the protest and she instinctively shouted “indecent assault”, as the police officer’s arm brushed her breast. The charge filed against Ng Lai-ying inverted the accusation, depicting Ng as the aggressive party. Several other protesters were also convicted of assaulting police on the same occasion. Despite the fact the police officer did not suffer any injuries from the “breast assault” — while Ng’s face was covered with blood when she was arrested — the magistrate indicated that Ng had precipitated chaos and violence against police by shouting “indecent assault” and sentenced her to on July 30. Ng is currently out on bail pending appeal. In response to the ridiculous ruling, a dozen civic groups created the “breast walk” protest. Event organizers urged participants to wear their bra on the outside of their clothes to deliver the message that “breasts are not weapons”. On the Facebook : One of the rally organisers Luk Kit Ling told independent news portal inmediahk.net that the groups would rally at the police headquarters to protest against the police officer’s claim he was assaulted by Ng’s breast: [mks_tabs nav=”horizontal”] [mks_tab_item title=”English”] Luk Kit LIng explained that the rally at the police headquarters was to protest against the police officer’s testimony that he was assaulted by a woman’s breast. Given that police officers [are given authority as law enforcers] they are more powerful than ordinary citizens, this case would [lead to further abuse of power] to the extent tha...",negative,-0.5,evaluative,-0.8,negative,
english,hkfp,hkfp_06,2016-03-10,全國人大,National People's Congress,CN_ORG_2,1,"The number of self-immolations in Tibet has now reached 144 with the death of another protester just last month, according to activists and human rights groups speaking to HKFP ahead of the anniversary of the 1959 Tibetan uprising on Thursday. According to NGOs Free Tibet and the , since February 2009 there have been 144 cases of self-immolation in autonomous region. In 2016, there has thus far been one case of self-immolation , and one , while in 2015 there were seven self-immolations. Most of the protests that took place last year were about specific grievances such as land grabs, or solo protests with individuals displaying banned pictures of the Dalai Lama or the Tibetan flag in prominent places, Free Tibet said. Meanwhile, many voiced concerns over the announcement last week that a second railway is to be built between China and Tibet, fearing adverse impacts on the environment and the tightening of Chinese control over the region. When the second railway to Tibet’s capital, Lhasa, is completed, travellers will be able to reach the Chinese-ruled territory from the city of Chengdu via the 1,800-km line in around 15 hours, according to Xinhua. Tibetan governor Losang Jamcan told Tibetan delegates at a National People’s Congress meeting that the government believes the project will bring more economic benefits and prosperity, while Padma Choling, a senior Tibetan official, stressed that the environment will be well protected, AP . The first China-Lhasa railway was opened in 2006, a 1,956-km line that passes through the Tibetan highlands. Although the railway facilitated economic development in the district, many groups are concerned about the role the rail line will play in China’s ability to control the region. Free Tibet’s Alistair Currie told HKFP that although economic development was important, the existing railway had caused an inflow of Chinese workers and tourists, and an outflow of Tibetan resources; it also made it easier for the government to deploy for...",neutral,0,factual,0,neutral,
english,hkfp,hkfp_06,2016-03-10,示威,protest,HK_CONCEPT_5d,3,"The number of self-immolations in Tibet has now reached 144 with the death of another protester just last month, according to activists and human rights groups speaking to HKFP ahead of the anniversary of the 1959 Tibetan uprising on Thursday. According to NGOs Free Tibet and the , since February 2009 there have been 144 cases of self-immolation in autonomous region. In 2016, there has thus far been one case of self-immolation , and one , while in 2015 there were seven self-immolations. Most of the protests that took place last year were about specific grievances such as land grabs, or solo protests with individuals displaying banned pictures of the Dalai Lama or the Tibetan flag in prominent places, Free Tibet said. Meanwhile, many voiced concerns over the announcement last week that a second railway is to be built between China and Tibet, fearing adverse impacts on the environment and the tightening of Chinese control over the region. When the second railway to Tibet’s capital, Lhasa, is completed, travellers will be able to reach the Chinese-ruled territory from the city of Chengdu via the 1,800-km line in around 15 hours, according to Xinhua. Tibetan governor Losang Jamcan told Tibetan delegates at a National People’s Congress meeting that the government believes the project will bring more economic benefits and prosperity, while Padma Choling, a senior Tibetan official, stressed that the environment will be well protected, AP . The first China-Lhasa railway was opened in 2006, a 1,956-km line that passes through the Tibetan highlands. Although the railway facilitated economic development in the district, many groups are concerned about the role the rail line will play in China’s ability to control the region. Free Tibet’s Alistair Currie told HKFP that although economic development was important, the existing railway had caused an inflow of Chinese workers and tourists, and an outflow of Tibetan resources; it also made it easier for the government to deploy for...",neutral,0,factual,0,neutral,
english,hkfp,hkfp_06,2016-03-10,社運人士,activists,HK_ORG_2b,2,"The number of self-immolations in Tibet has now reached 144 with the death of another protester just last month, according to activists and human rights groups speaking to HKFP ahead of the anniversary of the 1959 Tibetan uprising on Thursday. According to NGOs Free Tibet and the , since February 2009 there have been 144 cases of self-immolation in autonomous region. In 2016, there has thus far been one case of self-immolation , and one , while in 2015 there were seven self-immolations. Most of the protests that took place last year were about specific grievances such as land grabs, or solo protests with individuals displaying banned pictures of the Dalai Lama or the Tibetan flag in prominent places, Free Tibet said. Meanwhile, many voiced concerns over the announcement last week that a second railway is to be built between China and Tibet, fearing adverse impacts on the environment and the tightening of Chinese control over the region. When the second railway to Tibet’s capital, Lhasa, is completed, travellers will be able to reach the Chinese-ruled territory from the city of Chengdu via the 1,800-km line in around 15 hours, according to Xinhua. Tibetan governor Losang Jamcan told Tibetan delegates at a National People’s Congress meeting that the government believes the project will bring more economic benefits and prosperity, while Padma Choling, a senior Tibetan official, stressed that the environment will be well protected, AP . The first China-Lhasa railway was opened in 2006, a 1,956-km line that passes through the Tibetan highlands. Although the railway facilitated economic development in the district, many groups are concerned about the role the rail line will play in China’s ability to control the region. Free Tibet’s Alistair Currie told HKFP that although economic development was important, the existing railway had caused an inflow of Chinese workers and tourists, and an outflow of Tibetan resources; it also made it easier for the government to deploy for...",neutral,0,factual,0,negative,
english,hkfp,hkfp_08,2016-09-30,梁振英,CY Leung,HK_PERSON_1a,1,"The Hong Kong Journalists Association (HKJA) said on Thursday that Chief Executive Leung Chun-ying was “intentionally targeting the media” after Leung sent a letter to Apple Daily on Monday accusing it of defamation. The journalism watchdog said it was “shocked” and “regretted” Leung’s actions. Leung’s letter said that an editorial written by Lo Fung and published by Apple Daily on September 8 “falsely, viciously, and maliciously accused” Leung of corruption over It also said that this amounted to “the usage of the false corruption allegation to prevent Mr CY Leung from exercising his constitutional right to stand for re-election as the Chief Executive of the HKSAR, if he chooses to.” The “malicious falsehood” is consistent with other reports and articles published by Apple Daily since Leung took office, it added. The HKJA said that while it understood that everyone had the right to protect themselves against defamation, “the Chief Executive should, as the highest official of the Special Administrative Region, be careful about exercising relevant powers.” “Monitoring the person in power is the job of the journalist, and questioning and criticising the mistakes or inappropriate behaviour of those in power is a responsibility of the media as the fourth estate,” it added. It also said that Leung had never publicly expressed his intention to seek re-election in public, and to suddenly bring up re-election in the letter “will lead to public suspicion and concern that Leung is intentionally trying to create a chilling effect.” Leung previously sent a letter in 2013 to veteran commentator Joseph Lian Yi-zheng, claiming that a commentary piece he had written accused Leung of having links with triads and asking for the piece to be retracted. Chan Pui-man, Apple Daily’s editor-in-chief, said that the newspaper had already handed the matter over to its lawyers and that sending letters to the media has been a tactic of Leung. Singtao News reported a source saying that neither U...",negative,-0.5,evaluative,-0.7,negative,
english,hkfp,hkfp_08,2016-09-30,蘋果日報,Apple Daily,HK_ORG_2c,6,"The Hong Kong Journalists Association (HKJA) said on Thursday that Chief Executive Leung Chun-ying was “intentionally targeting the media” after Leung sent a letter to Apple Daily on Monday accusing it of defamation. The journalism watchdog said it was “shocked” and “regretted” Leung’s actions. Leung’s letter said that an editorial written by Lo Fung and published by Apple Daily on September 8 “falsely, viciously, and maliciously accused” Leung of corruption over It also said that this amounted to “the usage of the false corruption allegation to prevent Mr CY Leung from exercising his constitutional right to stand for re-election as the Chief Executive of the HKSAR, if he chooses to.” The “malicious falsehood” is consistent with other reports and articles published by Apple Daily since Leung took office, it added. The HKJA said that while it understood that everyone had the right to protect themselves against defamation, “the Chief Executive should, as the highest official of the Special Administrative Region, be careful about exercising relevant powers.” “Monitoring the person in power is the job of the journalist, and questioning and criticising the mistakes or inappropriate behaviour of those in power is a responsibility of the media as the fourth estate,” it added. It also said that Leung had never publicly expressed his intention to seek re-election in public, and to suddenly bring up re-election in the letter “will lead to public suspicion and concern that Leung is intentionally trying to create a chilling effect.” Leung previously sent a letter in 2013 to veteran commentator Joseph Lian Yi-zheng, claiming that a commentary piece he had written accused Leung of having links with triads and asking for the piece to be retracted. Chan Pui-man, Apple Daily’s editor-in-chief, said that the newspaper had already handed the matter over to its lawyers and that sending letters to the media has been a tactic of Leung. Singtao News reported a source saying that neither U...",neutral,0,evaluative,0.3,positive,
english,hkfp,hkfp_09,2016-10-25,中央政府,central government,CN_ORG_2,2,"Chief Executive Leung Chun-ying has said that the oath lawmakers have to take is “very simple,” when he was asked how it may be determined that lawmakers were taking their oaths sincerely “Any literate person can very easily and smoothly complete [the oath-taking],” he said on Tuesday before a regular Executive Council meeting. Leung said that oath-taking was required during many occasions, such as getting married and giving testimony before a court. Youngspiration lawmakers Yau Wai-ching and Sixtus “Baggio” Leung both pronounced China as “chee-na” in their first taking of the oath in English, which some took as an insult to Chinese people, whilst Yau seemingly pronounced “republic” as “refucking” in the phrase “People’s Republic of China.” They also brought a flag that read “Hong Kong is not China” during the ceremony. Their oaths were rejected at the time. In response, Leung questioned their sincerity. “Even for the simple [phrase] ‘People’s Republic of China’, no matter in Chinese or English – for it be read like that, is it sincere? I believe people have clear eyes,” Leung said. Leung added that it was “absolutely unacceptable” to use words to insult China when taking the oath. “Imagine if a member of a foreign legislature uses ‘chee-na’ to replace China in a formal speech, and adds an English swear word in China’s official name. If the speaker in this foreign legislature and his government did not correct this event with seriousness, I believe a huge international incident, a political storm will be caused – therefore Hong Kong society and the LegCo must take this seriously,” Leung said. “If it is not handled well, I am afraid there will be a huge and deep effect, because it will affect the central government’s view on Hong Kong, and it affects the relationship and feelings between Hong Kong and mainland people.” Leung last week for a judicial review to overrule the LegCo president’s decision to allow Baggio and Yau to retake their oaths. Leung said he did so i...",neutral,0,evaluative,0.3,negative,
english,hkfp,hkfp_10,2017-01-10,本土派,localists,HK_CONCEPT_5e,3,"Bar Association Chair Winnie Tam Wan-chi has warned against the use of violence in protests as it renders the cause of localists “self-defeating.” She also warned against frequent interference by Beijing in Hong Kong’s legal system. At Monday’s legal year opening ceremony, Tam referenced the violent protests against police brutality in North Carolina and quoted US Attorney General Loretta Lynch, who said last year that any violent protest undermines the “very justice it seeks to achieve.” Tam said Lynch’s remarks “aptly described the self-defeating cause” of localists who took part in the Mong Kok unrest, dubbed the “Fishball Revolution,” that erupted last February. Calling the unrest “street warfare,” Tam said: “People who were once sympathetic to the cause of the young and powerless began to question the ‘No-bottom-line’ approach. The end failed to justify the means. Instead, the means defeated their very purpose.” Similarly, she called localists Yau Wai-ching and Baggio Leung Chung-hang “LegCo separatists” and criticised them for defeating “the very purpose that their supporters entrusted them with… to bring about positive changes to the law.” The duo were last November after displaying a “Hong Kong is not China” flag and pronouncing the full name of China in a manner that some considered offensive during an oath-swearing session. “Many including their supporters have seen their acts of defiance of the law as gratuitous and deeply offensive,” Tam said. Despite her criticism of the disqualified lawmakers, she warned against perceived interference by Beijing in Hong Kong’s legal system in light of Beijing’s last November setting out the legal requirements of oath-taking by public officers. “The perception of interference would be inevitable if the contents [of the interpretations] are so detailed, and the timing so urgent, as to directly impact on the outcome of a pending case,” Tam said. She added that while “one can readily empathise with the political need” for ...",negative,-0.5,evaluative,-0.7,negative,
english,hkfp,hkfp_10,2017-01-10,示威,protest,HK_CONCEPT_5d,3,"Bar Association Chair Winnie Tam Wan-chi has warned against the use of violence in protests as it renders the cause of localists “self-defeating.” She also warned against frequent interference by Beijing in Hong Kong’s legal system. At Monday’s legal year opening ceremony, Tam referenced the violent protests against police brutality in North Carolina and quoted US Attorney General Loretta Lynch, who said last year that any violent protest undermines the “very justice it seeks to achieve.” Tam said Lynch’s remarks “aptly described the self-defeating cause” of localists who took part in the Mong Kok unrest, dubbed the “Fishball Revolution,” that erupted last February. Calling the unrest “street warfare,” Tam said: “People who were once sympathetic to the cause of the young and powerless began to question the ‘No-bottom-line’ approach. The end failed to justify the means. Instead, the means defeated their very purpose.” Similarly, she called localists Yau Wai-ching and Baggio Leung Chung-hang “LegCo separatists” and criticised them for defeating “the very purpose that their supporters entrusted them with… to bring about positive changes to the law.” The duo were last November after displaying a “Hong Kong is not China” flag and pronouncing the full name of China in a manner that some considered offensive during an oath-swearing session. “Many including their supporters have seen their acts of defiance of the law as gratuitous and deeply offensive,” Tam said. Despite her criticism of the disqualified lawmakers, she warned against perceived interference by Beijing in Hong Kong’s legal system in light of Beijing’s last November setting out the legal requirements of oath-taking by public officers. “The perception of interference would be inevitable if the contents [of the interpretations] are so detailed, and the timing so urgent, as to directly impact on the outcome of a pending case,” Tam said. She added that while “one can readily empathise with the political need” for ...",negative,-0.5,evaluative,-0.7,negative,
english,hkfp,hkfp_10,2017-01-10,警隊,police,HK_ORG_2a,1,"Bar Association Chair Winnie Tam Wan-chi has warned against the use of violence in protests as it renders the cause of localists “self-defeating.” She also warned against frequent interference by Beijing in Hong Kong’s legal system. At Monday’s legal year opening ceremony, Tam referenced the violent protests against police brutality in North Carolina and quoted US Attorney General Loretta Lynch, who said last year that any violent protest undermines the “very justice it seeks to achieve.” Tam said Lynch’s remarks “aptly described the self-defeating cause” of localists who took part in the Mong Kok unrest, dubbed the “Fishball Revolution,” that erupted last February. Calling the unrest “street warfare,” Tam said: “People who were once sympathetic to the cause of the young and powerless began to question the ‘No-bottom-line’ approach. The end failed to justify the means. Instead, the means defeated their very purpose.” Similarly, she called localists Yau Wai-ching and Baggio Leung Chung-hang “LegCo separatists” and criticised them for defeating “the very purpose that their supporters entrusted them with… to bring about positive changes to the law.” The duo were last November after displaying a “Hong Kong is not China” flag and pronouncing the full name of China in a manner that some considered offensive during an oath-swearing session. “Many including their supporters have seen their acts of defiance of the law as gratuitous and deeply offensive,” Tam said. Despite her criticism of the disqualified lawmakers, she warned against perceived interference by Beijing in Hong Kong’s legal system in light of Beijing’s last November setting out the legal requirements of oath-taking by public officers. “The perception of interference would be inevitable if the contents [of the interpretations] are so detailed, and the timing so urgent, as to directly impact on the outcome of a pending case,” Tam said. She added that while “one can readily empathise with the political need” for ...",neutral,0,evaluative,0,neutral,
english,south_china_morning_post,scmp_03,2017-01-19,警隊,police,HK_ORG_2a,1,"An enormous fire engulfed a historic market in the Indonesian capital Jakarta Thursday, with hundreds of firefighters deployed to battle a blaze that sent huge clouds of black smoke floating over the city. The fire began at dawn on the ground floor of Pasar Senen market, a sprawling complex of stalls on several levels that was built during Dutch colonial rule. Fifty fire engines were deployed to battle the blaze, which was still going strong in the afternoon. Several people suffered from minor burns. It was not clear what caused the fire in the market, which is in central Jakarta and sells goods ranging from textiles to food. Despite the fire, some shop owners rushed into the market in a bid to salvage their goods, while others who were barred from entering by security guards and police hurled stones at the complex in frustration.",neutral,0,factual,0,neutral,
english,south_china_morning_post,scmp_05,2017-09-01,共產黨,Communist Party,CN_CONCEPT_5,2,"China has named new commanders of its air and ground forces in the latest wave of military personnel changes ahead of a key Communist Party congress to be held next month. The air force announced on its social media account on Friday that Ding Laihang, 60, recently took over as commander of the 420,000-strong air force, replacing Ma Xiaotian, 68. Ding has held the top air force job in the Northern Theatre Command since last year. Meanwhile, Han Weiguo, who played a key role in a huge military parade showcasing the army’s latest weaponry, has been promoted as commander of the PLA’s ground forces. The 61-year-old former commander of the Central Theatre Command made his first speech in the new role on Thursday, reported. Han vowed to enhance battle readiness of the army and to ensure troops were loyal to the Communist Party, the article said. Han replaces Li Zuocheng, who was appointed chief of the Joint Staff Department of the Central Military Commission last Saturday.",neutral,0,factual,0,neutral,
english,south_china_morning_post,scmp_06,2019-01-12,習近平,President Xi,CN_PERSON_1,1,"Beijing’s renewed push for reunification with Taiwan has exposed the fragility of the balance of power in the Taiwan Strait – a relationship increasingly in question with China and the United States locked in a superpower rivalry over trade and geopolitical friction. Government advisers and analysts warn that the deadlocked cross-strait relations are entering a dangerous period, with an expectation of escalating tensions in the months ahead as an increasingly isolated Taipei tilts further towards Washington, seeking a hedge against Beijing’s aggressive pressure campaign. The self-governed island’s fate – the most disruptive factor in Beijing’s complex relations with Washington – could touch off a chain reaction that exacerbates the strain on bilateral ties, already mired in a protracted trade war and escalating technology race, they say. In a speech that may have set the tone for Beijing’s Taiwan policy for years to come, President Xi Jinping last week said both sides should begin talks on reunification to end decades of animosity. Describing the Taiwan question as a historical trauma for the Chinese nation, Xi said the island must be reunited with Beijing under “one country, two systems”, a model applied in Hong Kong and Macau. Despite his conciliatory overture – coming amid a stalemate that began when Tsai Ing-wen of the independence-leaning Democratic Progressive Party was elected as Taiwan’s president in 2016 – Xi insisted that Beijing would not renounce the use of force, which he claimed was aimed at pro-independence forces in Taiwan and the “interference of external forces”, a veiled reference to Washington.",neutral,0,evaluative,-0.2,neutral,
english,south_china_morning_post,scmp_07,2013-07-05,民主黨,Democratic Party,HK_CONCEPT_5e,1,"Landfill extensions in Ta Kwu Ling and Tuen Mun are facing another setback after lawmakers vowed to launch a filibuster to delay government funding applications in the Legislative Council next Friday. Lawmaker ""Long Hair"" Leung Kwok-hung of the League of Social Democrats yesterday said he was preparing to file up to 52,000 amendments in next week's Finance Committee meeting, the last in this legislative session. The move could stop the application for the projects, which the government says are essential to stave off a waste crisis, being passed before the summer break. ""The amendments will focus on all fronts of rubbish management in the city, from waste reduction at source to the waste recycling industry,"" Leung said. ""The aim is to prevent the fund applications being passed in the current session."" People Power lawmaker Albert Chan Wai-yip and Democratic Party lawmaker Helena Wong Pik-wan also suggested that they might join Leung's filibuster effort. ""You can call it [a filibuster if] you like,"" Wong said ""I am going to ask questions next Friday."" Tuen Mun residents' opposition also means the pan-democrats might find an unusual ally in their cause - pro-government lawmaker Lau Wong-fat, chairman of the Heung Yee Kuk and Tuen Mun district council.",neutral,0,factual,0,neutral,
english,south_china_morning_post,scmp_08,2013-08-10,陳茂波,Paul Chan,HK_PERSON_1a,1,"The political assistant to the city's labour chief announced yesterday she was quitting, but denied it was because of discontent with the administration of Chief Executive Leung Chun-ying. Zandra Mok Yee-tuen also dismissed suggestions her departure had anything to do with the recent resignations of executive councillor Franklin Lam Fan-keung and Henry Ho Kin-chung, who was political assistant to development minister Paul Chan Mo-po. Lam's resignation on August 1 was prompted by criticism last year that he made use of insider information to sell two flats ahead of new stamp duties, and came even though prosecutors found insufficient evidence to charge him with any crime. Ho resigned a day later after admitting he failed to declare that his family owned land in Kwu Tung earmarked for a new town. Chan has faced calls to quit because his family owns farmland in Kwu Tung that will be resumed for the development. Mok, 39, told the : ""The most important is really my family. It is not what commentators were speculating about. As a mother, the needs of my children comes first."" She said she had tried to strike a balance between work and family, but realised the time had come to make a choice. She will leave her post on August 24.",neutral,0,factual,0,neutral,
english,sunday_examiner,sunex_04,2021-04-09,香港政府,Hong Kong Government,HK_ORG_2a,1,"HONG KONG (SE): During the Chrism Mass on April 1, Holy Thursday, John Cardinal Tong Hon expressed his gratitude to God for being able to celebrate the Easter liturgies after the Hong Kong government eased Covid-19 coronavirus (SARS-CoV-2) pandemic restrictions—in place since December 2020 (Chancery Notice. 2 December 2020)—allowing for public Masses to be celebrated. The government announced on March 31 that restrictions on religious gatherings had been lifted but that the number of persons to be allowed at any one time must not exceed 30 per cent of the capacity of the church premises. The Mass was concelebrated by Auxiliary Bishop Joseph Ha Chi-shing, Monsignor Javier Herrera Corona, Monsignor Alvaro Lzurieta y Sea and around 16 other priests from diocesan curia and the deaneries, with around 100 people in the congregation. Cardinal Tong welcomed those taking part in the Mass at the cathedral and online. He expressed thankfulness the chance to resume public Mass as the three-day Passover or Triduum celebrations are the most solemn ones in the Holy Week. “We are happy that we could resume Mass today. We thank God for the gift of the Eucharist as the source of faith and life,” he said, adding that he knew that the laity eagerly longed for the resumption of Mass and called for their active participation in the liturgies and prayers for world peace. In his homily, the cardinal said the Chrism Mass is important as it is a significant sign of unity among the clergy as priests and deacons who renew their commitment to serve God before the bishop at the cathedral, which reminds us of the Last Supper when Jesus called his apostles to gather around him. He said the oil blessed that day symbolises that the entire Church is commissioned to spread the fragrance of Christ. “The good example and joyful life of the priests and deacons in their ministries, along with the encouragement of the Catholic families, will help young people to be attracted to priestly vocations,” he cont...",positive,0.5,factual,0,positive,
english,sunday_examiner,sunex_10,2025-04-17,警隊,police,HK_ORG_2a,2,"MANILA (UCAN): The Philippine Bureau of Immigration warned of a new human trafficking scam where victims are forced to pose as Christian pilgrims or missionaries. Philippine and Thai police revealed the scam details following a probe and wiretaps, , reported on April 9. Joel Anthony Viado, a commissioner at the Philippine immigration bureau, spoke about some such trafficking cases in an April 7 statement. On April 1, immigration officers at Ninoy Aquino International Airport [NAIA] stopped three women aged 23, 25, and 50 as they attempted to leave the country. They headed to Thailand via Singapore and claimed to be full-time Church volunteers going for missionary work in Thailand. Discrepancies in their documents led to questioning. Two victims confessed they were not part of any missionary group, but teachers recruited for illegal employment at a school in Thailand. They also admitted that the woman they were travelling with, who claimed to be their congregation’s founder and head preacher, had recruited them. Viado said this echoed a trafficking method detected earlier, which came to be called the “bitbit” [carry] scheme, which means a frequent traveller transports unsuspecting women abroad and forces them into illicit work. In the latest case, the victims were referred to the Inter-Agency Council Against Trafficking [IACAT] for assistance, the bureau said. According to immigration officials, the female trafficker had recently been to Thailand with another group of passengers, whom she claimed were her Church companions. The people who previously left with the trafficker have not returned to the Philippines, the officials said. The Philippine Interfaith Movement Against Human Trafficking praised the efforts of the police and government. Father Bryand Restituto, an assistant to the secretary general of the Catholic Bishops’ Conference of the Philippines, also expressed concerns about human trafficking. He condemned trafficking networks exploiting vulnerable people ...",neutral,0,factual,0,positive,
english,the_standard,std_01,2023-08-30,警隊,police,HK_ORG_2a,1,"A security guard of a Kwun Tong industrial building was beaten by two men after he tried to play the peacemaker in stopping the two from fighting. The incident happened at around 6 o’clock this morning when two men were arguing at the carpark entrance of Everest Industrial Centre on Kwun Tong Road. The security guard was said to have stepped in to mediate but the two ended up beating him up. The entry and exit barrier, along with a water dispenser placed inside the guard room, was also vandalized. The two fled the scene following the assault, leaving the security guard with head injuries. Police were called to the scene to investigate, and no arrests have been made so far.",neutral,0,factual,0,neutral,
english,the_standard,std_06,2021-12-26,警隊,police,HK_ORG_2a,1,"A suicide bomber killed at least five people at a crowded night spot in the city of Beni in the eastern Democratic Republic of Congo Saturday, local officials reported. Officials blamed the Allied Democratic Forces (ADF) militia, one of the deadliest armed groups in the region and claimed by the Islamic State group as its central Africa arm. ""The suicide bomber, prevented by security from gaining access to the bar, packed with clients, activated the bomb at the entrance,"" said a statement from military officials running North Kivu province. Another 13 people were being treated for their wounds in hospitals, the statement added, describing the death toll as provisional. Shortly after the blast, Narcisse Muteba, the colonel running the city during the state of emergency in the east of the country, had called on residents to return to their homes for their own safety. An AFP correspondent saw the remains of three bodies at the site of the explosion, the In Box restaurant. The remains of tables, chairs, bottles and glasses were scattered across the blast site. One city hall source told AFP that two children were among the dead, as well as two local officials. More than 30 people were celebrating Christmas there when the bomb went off, two witnesses told AFP. ""I was sitting there,"" local radio presenter Nicolas Ekila told AFP. ""There was a motorbike parked there. Suddenly the motorbike took off, then there was a deafening noise."" A police vehicle took the wounded to a nearby medical centre, which was immediately sealed off. On June 27 in Beni, a blast from a improvised bomb at a Catholic church wounded two women, the same day a man died when the bomb he was carrying went off. The day before, another device blew up near a service station without doing any damage. The authorities blamed those attacks on the ADF. Beni, in North Kivu province on the DRC's eastern border with Uganda, has been the site of regular clashes between the army and the ADF. North Kivu and neighbourin...",neutral,0,factual,0,neutral,
english,the_standard,std_10,2025-05-14,制裁,sanctions,HK_CONCEPT_5d,2,"Saudi Arabia on Tuesday promised billions of dollars in deals with the United States from defence to artificial intelligence as it threw a lavish welcome for President Donald Trump on the first state visit of his second term. Trump returned the favour by lavishing praise on the kingdom's crown prince and moving on a key Saudi policy request by announcing a lifting of sanctions on Syria. The Saudis escorted Air Force One into the kingdom with fighter jets before bringing out long-stretching guards of honour and sending flag-waving cavalry to accompany Trump's motorcade to the palace. Under imposing chandeliers, Trump welcomed a promise by Crown Prince Mohammed bin Salman, who effectively rules the kingdom due to King Salman's frail health, for US$600 billion in investment and quipped that it should be US$1 trillion. ""We have the biggest business leaders in the world here today and they're going to walk away with a lot of cheques,"" Trump told the prince. For ""the United States, it's probably two million jobs that we're talking about,"" Trump said. The White House said that Saudi Arabia would buy nearly US$142 billion in weapons in what it described as the largest-ever weapons deal, although Trump in his first term trumpeted a larger, longer-term figure. The White House said that Saudi company DataVolt will invest US$20 billion in artificial intelligence-related sites in the United States, while tech firms including Google will invest in both countries -- welcome news for Saudi Arabia which has faced restrictions on US advanced technology. The US leader will also visit Qatar and the United Arab Emirates, fellow oil-rich Arab monarchies with long-standing ties to the United States -- and to Trump. In choosing Saudi Arabia for his first state visit, as he did in his previous term, the 78-year-old billionaire was again bypassing traditional presidential stops among Western allies, some of which have been unnerved by his norms-shattering diplomacy. Trump's embrace of the Sa...",positive,0.5,factual,0,positive,